PROCESSO;MATRÍCULA;SERVIDOR;É GESTOR?;LOTAÇÃO;UNIDADE;EVENTO;PROGRAMA;FORMATO;MODALIDADE;DATA DE INÍCIO DO CURSO;DATA DE CONCLUSÃO DO CURSO
10002/2024;10070;Linda Evangelista;Não;SAA - Secretaria Acadêmica;Administrativa;Cybersecurity Advanced;PDS;EXTERNO;PRESENCIAL;19/01/2024;23/01/2024
10010/2024;10012;Gal Gadot;Não;Coordenação de ADS;Acadêmica;Liderança Situacional;PDL;INTERNO;EAD;13/08/2024;17/08/2024
10046/2025;10006;Kate Beckinsale;Não;Coordenação de Banco de Dados;Acadêmica;Agile Methodology;PDS;EXTERNO;;19/09/2025;23/09/2025
10048/2025;10130;Timóteo;Não;Depto de Recursos Humanos;Recursos Humanos;Project Management Fundamentals;PDS;EXTERNO;PRESENCIAL;02/03/2025;07/03/2025
10043/2025;10070;Linda Evangelista;Não;SAA - Secretaria Acadêmica;Administrativa;;PDS;INTERNO;EAD;27/08/2025;31/08/2025
10020/2024;10008;Angelina Jolie;v;Coordenação de ADS;Acadêmica;Administração de Recursos Humanos;PDL;INTERNO;EAD;13/02/2024;17/02/2024
10024/2024;10073;Naomi Watts;Não;Depto de Recursos Humanos;Administrativa;Gestão de Processos;PDL;INTERNO;EAD;17/10/2024;56
10016/2024;10060;;Não;Coordenação de Banco de Dados;Acadêmica;Database Administration;PDS;INTERNO;EAD;15/01/2024;19/01/2024
10030/2024;10006;Kate Beckinsale;;Coordenação de Banco de Dados;Acadêmica;Supervisão e Liderança;PDL;EXTERNO;PRESENCIAL;12/03/2024;17/03/2024
10019/2024;10130;Timóteo;Não;Depto de Recursos Humanos;Recursos Humanos;Comunicação Escrita Efetiva;PDL;INTERNO;PRESENCIAL;21/06/2024;25/06/2024
10002/2024;10055;Anne Hathaway;Não;Coordenação de ADS;Acadêmica;Cybersecurity Advanced;PDS;EXTERNO;PRESENCIAL;27/10/2024;31/10/2024
10017/2024;10007;Jennifer Aniston;Sim;;Acadêmica;Financial Management for IT;PDL;EXTERNO;PRESENCIAL;03/03/2024;07/03/2024
10020/2024;10065;;Não;Depto de Recursos Humanos;Administrativa;Administração de Recursos Humanos;PDL;INTERNO;EAD;10/07/2024;34
10045/2025;10056;Amy Adams;Não;Coordenação de Banco de Dados;Acadêmica;Software Development Lifecycle;PDS;INTERNO;EAD;30/09/2025;05/10/2025
10022/2024;10014;Natalie Portman;Sim;;Acadêmica;CIO Strategic Planning;PDL;EXTERNO;PRESENCIAL;31/12/2024;05/01/2025
10031/2025;10062;Bella Hadid;Não;SAA - Secretaria Acadêmica;Administrativa;Full Stack Development;PDS;INTERNO;EAD;08/07/2025;
10020/2024;10068;Claudia Schiffer;Não;Coordenação de Banco de Dados;Acadêmica;Administração de Recursos Humanos;PDL;INTERNO;EAD;07/06/2024;11/06/2024
10027/2024;10033;Drew Barrymore;Não;SAA - Secretaria Acadêmica;Administrativa;Desenvolvimento de Líderes;PDL;INTERNO;PRESENCIAL;16/05/2024;20/05/2024
10039/2025;10113;Wonder Woman;Não;Coordenação de ADS;Acadêmica;Governance and Compliance;PDL;INTERNO;EAD;18/10/2025;22/10/2025
10017/2024;10078;Sophia Loren;Não;SAA - Secretaria Acadêmica;Administrativa;Financial Management for IT;PDL;EXTERNO;PRESENCIAL;28/01/2024;01/02/2024
10039/2025;10050;Nicki Minaj;Não;SAA - Secretaria Acadêmica;Administrativa;Governance and Compliance;PDL;INTERNO;EAD;28/04/2025;02/05/2025
10030/2024;10123;Mateus;Não;Depto Tecnológico;Tecnológica;Supervisão e Liderança;PDL;EXTERNO;PRESENCIAL;15/08/2024;20/08/2024
10020/2024;10037;Celine Dion;Não;Coordenação de ADS;Acadêmica;Administração de Recursos Humanos;PDL;INTERNO;EAD;02/11/2024;06/11/2024
10044/2025;10106;Spider-Man;Não;Depto Tecnológico;Tecnológica;5G Technology;PDS;EXTERNO;PRESENCIAL;06/01/2025;11/01/2025
10039/2025;10084;Marilyn Monroe;Não;Coordenação de Banco de Dados;Acadêmica;Governance and Compliance;PDL;INTERNO;EAD;24/04/2025;28/04/2025
10036/2025;10076;Tilda Swinton;Não;Coordenação de Banco de Dados;Acadêmica;Gestão de Conflitos no Ambiente Corporativo;PDL;INTERNO;PRESENCIAL;20/01/2025;24/01/2025
10036/2025;10045;Sam Smith;Não;Depto de Recursos Humanos;Administrativa;Gestão de Conflitos no Ambiente Corporativo;PDL;INTERNO;PRESENCIAL;17/07/2025;21/07/2025
10037/2025;10011;Margot Robbie;Não;SAA - Secretaria Acadêmica;Administrativa;API Development and Design;PDS;EXTERNO;EAD;22/05/2025;26/05/2025
10002/2024;10128;Tomás;Não;SAA - Secretaria Acadêmica;Administrativa;Cybersecurity Advanced;PDS;EXTERNO;PRESENCIAL;16/07/2024;20/07/2024
10040/2025;10126;Lucas;Não;Coordenação de ADS;Acadêmica;Database Design and Optimization;PDS;INTERNO;PRESENCIAL;15/12/2025;20/12/2025
10011/2024;10111;Superman;Sim;Coordenação de ADS;Acadêmica;Data Science for Business;PDS;EXTERNO;PRESENCIAL;26/01/2024;31/01/2024
10049/2025;10048;Lady Gaga;Não;Coordenação de ADS;Acadêmica;IT Service Management;PDS;INTERNO;EAD;10/12/2025;14/12/2025
10024/2024;10007;Jennifer Aniston;Sim;Coordenação de ADS;Acadêmica;Gestão de Processos;PDL;INTERNO;EAD;10/08/2024;15/08/2024
10004/2024;10133;Michelangelo;Não;Coordenação de ADS;Acadêmica;Português Avançado para Profissionais;PDL;INTERNO;PRESENCIAL;06/02/2024;10/02/2024
10030/2024;10025;Kylie Jenner;Não;Depto de Recursos Humanos;Administrativa;Supervisão e Liderança;PDL;EXTERNO;PRESENCIAL;16/04/2024;21/04/2024
10045/2025;10085;Joan Crawford;Não;Depto de Recursos Humanos;Administrativa;Software Development Lifecycle;PDS;INTERNO;EAD;07/04/2025;12/04/2025
10010/2024;10130;Timóteo;Não;Depto de Recursos Humanos;Recursos Humanos;Liderança Situacional;PDL;INTERNO;EAD;18/10/2024;22/10/2024
10023/2024;10027;Beyonce Knowles;Não;Coordenação de ADS;Acadêmica;Kubernetes Administration;PDS;EXTERNO;PRESENCIAL;25/04/2024;30/04/2024
10014/2024;10005;Charlize Theron;Sim;Coordenação de ADS;Acadêmica;Network Security;PDS;EXTERNO;PRESENCIAL;18/04/2024;23/04/2024
10021/2024;10097;Sissy Spacek;Não;Depto de Recursos Humanos;Administrativa;Container Technology with Docker;PDS;INTERNO;EAD;13/08/2024;18/08/2024
10048/2025;10007;Jennifer Aniston;Sim;Coordenação de ADS;Acadêmica;Project Management Fundamentals;PDS;EXTERNO;PRESENCIAL;06/01/2025;11/01/2025
10020/2024;10073;Naomi Watts;Não;Depto de Recursos Humanos;Administrativa;Administração de Recursos Humanos;PDL;INTERNO;EAD;19/06/2024;23/06/2024
10019/2024;10087;Elizabeth Taylor;Não;Coordenação de ADS;Acadêmica;Comunicação Escrita Efetiva;PDL;INTERNO;PRESENCIAL;15/04/2024;19/04/2024
10010/2024;10121;Bartolomeu;Não;Coordenação de Banco de Dados;Acadêmica;Liderança Situacional;PDL;INTERNO;EAD;06/10/2024;10/10/2024
10035/2025;10032;Cameron Diaz;Não;Coordenação de Banco de Dados;Acadêmica;Mobile App Development;PDS;INTERNO;EAD;04/04/2025;09/04/2025
10040/2025;10081;Vivien Leigh;Não;Depto de Recursos Humanos;Administrativa;Database Design and Optimization;PDS;INTERNO;PRESENCIAL;23/11/2025;28/11/2025
10020/2024;10013;Blake Lively;Não;Coordenação de Banco de Dados;Acadêmica;Administração de Recursos Humanos;PDL;INTERNO;EAD;23/05/2024;27/05/2024
10023/2024;10029;Ellen DeGeneres;Não;Coordenação de Banco de Dados;Acadêmica;Kubernetes Administration;PDS;EXTERNO;PRESENCIAL;15/07/2024;20/07/2024
10050/2026;10028;Oprah Winfrey;Sim;Coordenação de ADS;Acadêmica;Data Warehousing;PDS;EXTERNO;PRESENCIAL;20/02/2026;25/02/2026
10002/2024;10121;Bartolomeu;Não;Coordenação de Banco de Dados;Acadêmica;Cybersecurity Advanced;PDS;EXTERNO;PRESENCIAL;30/05/2024;03/06/2024
10047/2025;10067;Tyra Banks;Não;Coordenação de ADS;Acadêmica;Scrum Master Certification;PDS;INTERNO;EAD;23/02/2025;27/02/2025
10045/2025;10007;Jennifer Aniston;Sim;Coordenação de ADS;Acadêmica;Software Development Lifecycle;PDS;INTERNO;EAD;14/09/2025;19/09/2025
10027/2024;10037;Celine Dion;Não;Coordenação de ADS;Acadêmica;Desenvolvimento de Líderes;PDL;INTERNO;PRESENCIAL;12/10/2024;16/10/2024
10002/2024;10040;Shakira;Não;Coordenação de ADS;Acadêmica;Cybersecurity Advanced;PDS;EXTERNO;PRESENCIAL;16/11/2024;20/11/2024
10050/2026;10059;Alexa Chung;Não;Coordenação de ADS;Acadêmica;Data Warehousing;PDS;EXTERNO;PRESENCIAL;13/02/2026;18/02/2026
10033/2025;10047;Miley Cyrus;Não;Coordenação de Banco de Dados;Acadêmica;Web Development with React;PDS;EXTERNO;PRESENCIAL;11/10/2025;16/10/2025
10023/2024;10098;Jessica Tandy;Não;SAA - Secretaria Acadêmica;Administrativa;Kubernetes Administration;PDS;EXTERNO;PRESENCIAL;28/11/2024;03/12/2024
10017/2024;10040;Shakira;Não;Coordenação de ADS;Acadêmica;Financial Management for IT;PDL;EXTERNO;PRESENCIAL;11/05/2024;15/05/2024
10015/2024;10014;Natalie Portman;Sim;Coordenação de ADS;Acadêmica;Coordenação de Equipes;PDL;INTERNO;PRESENCIAL;26/04/2024;30/04/2024
10043/2025;10081;Vivien Leigh;Não;Depto de Recursos Humanos;Administrativa;IoT Solutions;PDS;INTERNO;EAD;03/06/2025;07/06/2025
10045/2025;10085;Joan Crawford;Não;Depto de Recursos Humanos;Administrativa;Software Development Lifecycle;PDS;INTERNO;EAD;14/02/2025;19/02/2025
10037/2025;10125;Marcos;Não;Coordenação de Banco de Dados;Acadêmica;API Development and Design;PDS;EXTERNO;EAD;11/06/2025;15/06/2025
10044/2025;10086;Ava Gardner;Não;SAA - Secretaria Acadêmica;Administrativa;5G Technology;PDS;EXTERNO;PRESENCIAL;21/06/2025;26/06/2025
10027/2024;10066;Naomi Campbell;Sim;SAA - Secretaria Acadêmica;Administrativa;Desenvolvimento de Líderes;PDL;INTERNO;PRESENCIAL;21/03/2024;25/03/2024
10037/2025;10102;Captain America;Não;Coordenação de Banco de Dados;Acadêmica;API Development and Design;PDS;EXTERNO;EAD;13/06/2025;17/06/2025
10027/2024;10123;Mateus;Não;Depto Tecnológico;Tecnológica;Desenvolvimento de Líderes;PDL;INTERNO;PRESENCIAL;26/01/2024;30/01/2024
10032/2025;10072;Kate Moss;Não;Coordenação de Banco de Dados;Acadêmica;Transformational Leadership;PDL;EXTERNO;PRESENCIAL;06/05/2025;11/05/2025
10026/2024;10087;Elizabeth Taylor;Não;Coordenação de ADS;Acadêmica;Python Programming;PDS;EXTERNO;EAD;21/04/2024;26/04/2024
10029/2024;10030;Sandra Bullock;Não;Depto de Recursos Humanos;Administrativa;Java Development;PDS;INTERNO;EAD;20/12/2024;25/12/2024
10039/2025;10127;André;Não;Depto de Recursos Humanos;Recursos Humanos;Governance and Compliance;PDL;INTERNO;EAD;01/06/2025;05/06/2025
10044/2025;10051;Cardi B;Não;Coordenação de ADS;Acadêmica;5G Technology;PDS;EXTERNO;PRESENCIAL;14/09/2025;19/09/2025
10019/2024;10038;Britney Spears;Não;SAA - Secretaria Acadêmica;Administrativa;Comunicação Escrita Efetiva;PDL;INTERNO;PRESENCIAL;07/11/2024;11/11/2024
10028/2024;10115;Green Lantern;Não;Coordenação de Banco de Dados;Acadêmica;Português Técnico;PDL;EXTERNO;EAD;06/04/2024;10/04/2024
10022/2024;10045;Sam Smith;Não;Depto de Recursos Humanos;Administrativa;CIO Strategic Planning;PDL;EXTERNO;PRESENCIAL;30/03/2024;04/04/2024
10050/2026;10059;Alexa Chung;Não;Coordenação de ADS;Acadêmica;Data Warehousing;PDS;EXTERNO;PRESENCIAL;15/12/2026;20/12/2026
10038/2025;10017;Zendaya;Não;Coordenação de ADS;Acadêmica;Planejamento Estratégico para Líderes;PDL;EXTERNO;PRESENCIAL;23/06/2025;28/06/2025
10012/2024;10032;Cameron Diaz;Não;Coordenação de Banco de Dados;Acadêmica;Team Building and Collaboration;PDL;INTERNO;PRESENCIAL;10/08/2024;13/08/2024
10029/2024;10018;Rihanna;Não;Coordenação de ADS;Acadêmica;Java Development;PDS;INTERNO;EAD;14/04/2024;19/04/2024
10044/2025;10027;Beyonce Knowles;Não;Coordenação de ADS;Acadêmica;5G Technology;PDS;EXTERNO;PRESENCIAL;08/04/2025;13/04/2025
10017/2024;10117;Pedro;Não;SAA - Secretaria Acadêmica;Administrativa;Financial Management for IT;PDL;EXTERNO;PRESENCIAL;17/05/2024;21/05/2024
10022/2024;10055;Anne Hathaway;Não;Coordenação de ADS;Acadêmica;CIO Strategic Planning;PDL;EXTERNO;PRESENCIAL;08/03/2024;13/03/2024
10042/2025;10015;Amber Heard;Não;Depto de Recursos Humanos;Administrativa;Digital Transformation;PDS;EXTERNO;PRESENCIAL;30/05/2025;04/06/2025
10033/2025;10087;Elizabeth Taylor;Não;Coordenação de ADS;Acadêmica;Web Development with React;PDS;EXTERNO;PRESENCIAL;04/09/2025;09/09/2025
10035/2025;10125;Marcos;Não;Coordenação de Banco de Dados;Acadêmica;Mobile App Development;PDS;INTERNO;EAD;21/06/2025;26/06/2025
10031/2025;10021;Dua Lipa;Não;Coordenação de Banco de Dados;Acadêmica;Full Stack Development;PDS;INTERNO;EAD;03/07/2025;08/07/2025
10021/2024;10024;Kendall Jenner;Não;Coordenação de ADS;Acadêmica;Container Technology with Docker;PDS;INTERNO;EAD;21/03/2024;26/03/2024
10018/2024;10070;Linda Evangelista;Não;SAA - Secretaria Acadêmica;Administrativa;Microservices Architecture;PDS;EXTERNO;PRESENCIAL;09/09/2024;14/09/2024
10050/2026;10025;Kylie Jenner;Não;Depto de Recursos Humanos;Administrativa;Data Warehousing;PDS;EXTERNO;PRESENCIAL;05/02/2026;10/02/2026
10028/2024;10002;Isabela Fontana;Não;Coordenação de Banco de Dados;Acadêmica;Português Técnico;PDL;EXTERNO;EAD;06/03/2024;10/03/2024
10015/2024;10008;Angelina Jolie;Não;Coordenação de ADS;Acadêmica;Coordenação de Equipes;PDL;INTERNO;PRESENCIAL;23/04/2024;27/04/2024
10035/2025;10100;Joan Fontaine;Não;Coordenação de Banco de Dados;Acadêmica;Mobile App Development;PDS;INTERNO;EAD;11/04/2025;16/04/2025
10009/2024;10123;Mateus;Não;Depto Tecnológico;Tecnológica;Gestão Administrativa;PDL;EXTERNO;PRESENCIAL;03/10/2024;07/10/2024
10005/2024;10103;Thor Odinson;Sim;Depto Tecnológico;Tecnológica;Redação Administrativa;PDL;INTERNO;EAD;10/08/2024;14/08/2024
10010/2024;10110;Paulo;Não;Depto Tecnológico;Tecnológica;Liderança Situacional;PDL;INTERNO;EAD;07/09/2024;11/09/2024
10021/2024;10041;Gwen Stefani;Não;Depto de Recursos Humanos;Administrativa;Container Technology with Docker;PDS;INTERNO;EAD;07/11/2024;12/11/2024
10018/2024;10100;Joan Fontaine;Não;Coordenação de Banco de Dados;Acadêmica;Microservices Architecture;PDS;EXTERNO;PRESENCIAL;28/12/2024;02/01/2025
10013/2024;10035;Cher;Não;Depto de Recursos Humanos;Administrativa;Emotional Intelligence for Executives;PDL;INTERNO;EAD;24/05/2024;28/05/2024
10027/2024;10076;Tilda Swinton;Não;Coordenação de Banco de Dados;Acadêmica;Desenvolvimento de Líderes;PDL;INTERNO;PRESENCIAL;28/09/2024;02/10/2024
10004/2024;10059;Alexa Chung;Não;Coordenação de ADS;Acadêmica;Português Avançado para Profissionais;PDL;INTERNO;PRESENCIAL;23/03/2024;27/03/2024
10036/2025;10125;Marcos;Não;Coordenação de Banco de Dados;Acadêmica;Gestão de Conflitos no Ambiente Corporativo;PDL;INTERNO;PRESENCIAL;20/07/2025;24/07/2025
10012/2024;10010;Emma Stone;Não;SAA - Secretaria Acadêmica;Administrativa;Team Building and Collaboration;PDL;INTERNO;PRESENCIAL;14/04/2024;17/04/2024
10025/2024;10035;Cher;Não;Depto de Recursos Humanos;Administrativa;Enterprise Architecture;PDL;INTERNO;PRESENCIAL;28/03/2024;02/04/2024
10004/2024;10051;Cardi B;Não;Coordenação de ADS;Acadêmica;Português Avançado para Profissionais;PDL;INTERNO;PRESENCIAL;24/07/2024;28/07/2024
10026/2024;10100;Joan Fontaine;Não;Coordenação de Banco de Dados;Acadêmica;Python Programming;PDS;EXTERNO;EAD;10/03/2024;15/03/2024
10039/2025;10132;Leonardo da Vinci;Não;Coordenação de Banco de Dados;Acadêmica;Governance and Compliance;PDL;INTERNO;EAD;24/01/2025;28/01/2025
10005/2024;10116;Aquaman;Não;Depto de Recursos Humanos;Recursos Humanos;Redação Administrativa;PDL;INTERNO;EAD;22/05/2024;26/05/2024
10030/2024;10042;Nelly Furtado;Não;SAA - Secretaria Acadêmica;Administrativa;Supervisão e Liderança;PDL;EXTERNO;PRESENCIAL;22/05/2024;27/05/2024
10017/2024;10091;Jacqueline Bisset;Não;Coordenação de ADS;Acadêmica;Financial Management for IT;PDL;EXTERNO;PRESENCIAL;13/07/2024;17/07/2024
10043/2025;10090;Brigitte Bardot;Não;SAA - Secretaria Acadêmica;Administrativa;IoT Solutions;PDS;INTERNO;EAD;21/08/2025;25/08/2025
10024/2024;10033;Drew Barrymore;Não;SAA - Secretaria Acadêmica;Administrativa;Gestão de Processos;PDL;INTERNO;EAD;06/01/2024;11/01/2024
10038/2025;10012;Gal Gadot;Não;Coordenação de ADS;Acadêmica;Planejamento Estratégico para Líderes;PDL;EXTERNO;PRESENCIAL;12/03/2025;17/03/2025
10043/2025;10116;Aquaman;Não;Depto de Recursos Humanos;Recursos Humanos;IoT Solutions;PDS;INTERNO;EAD;05/03/2025;09/03/2025
10015/2024;10013;Blake Lively;Não;Coordenação de Banco de Dados;Acadêmica;Coordenação de Equipes;PDL;INTERNO;PRESENCIAL;21/09/2024;25/09/2024
10015/2024;10074;Rachel Weisz;Não;SAA - Secretaria Acadêmica;Administrativa;Coordenação de Equipes;PDL;INTERNO;PRESENCIAL;28/07/2024;01/08/2024
10013/2024;10103;Thor Odinson;Sim;Depto Tecnológico;Tecnológica;Emotional Intelligence for Executives;PDL;INTERNO;EAD;30/07/2024;03/08/2024
10026/2024;10108;Black Panther;Sim;Coordenação de Banco de Dados;Acadêmica;Python Programming;PDS;EXTERNO;EAD;16/10/2024;21/10/2024
10004/2024;10116;Aquaman;Não;Depto de Recursos Humanos;Recursos Humanos;Português Avançado para Profissionais;PDL;INTERNO;PRESENCIAL;14/01/2024;18/01/2024
10030/2024;10012;Gal Gadot;Não;Coordenação de ADS;Acadêmica;Supervisão e Liderança;PDL;EXTERNO;PRESENCIAL;24/12/2024;29/12/2024
10034/2025;10067;Tyra Banks;Não;Coordenação de ADS;Acadêmica;Ortografia e Gramática para Escritório;PDL;INTERNO;EAD;23/01/2025;26/01/2025
10047/2025;10043;Amy Winehouse;Não;Coordenação de Banco de Dados;Acadêmica;Scrum Master Certification;PDS;INTERNO;EAD;30/01/2025;03/02/2025
10039/2025;10096;Frances Ford Coppola;Não;Coordenação de Banco de Dados;Acadêmica;Governance and Compliance;PDL;INTERNO;EAD;11/04/2025;15/04/2025
10029/2024;10137;Nikola Tesla;Não;Depto Tecnológico;Tecnológica;Java Development;PDS;INTERNO;EAD;23/09/2024;28/09/2024
10031/2025;10024;Kendall Jenner;Não;Coordenação de ADS;Acadêmica;Full Stack Development;PDS;INTERNO;EAD;16/06/2025;21/06/2025
10040/2025;10072;Kate Moss;Não;Coordenação de Banco de Dados;Acadêmica;Database Design and Optimization;PDS;INTERNO;PRESENCIAL;15/02/2025;20/02/2025
10036/2025;10030;Sandra Bullock;Não;Depto de Recursos Humanos;Administrativa;Gestão de Conflitos no Ambiente Corporativo;PDL;INTERNO;PRESENCIAL;17/04/2025;21/04/2025
10043/2025;10054;Olivia Wilde;Não;SAA - Secretaria Acadêmica;Administrativa;IoT Solutions;PDS;INTERNO;EAD;15/01/2025;19/01/2025
10021/2024;10020;Ariana Grande;Não;SAA - Secretaria Acadêmica;Administrativa;Container Technology with Docker;PDS;INTERNO;EAD;08/10/2024;13/10/2024
10035/2025;10113;Wonder Woman;Não;Coordenação de ADS;Acadêmica;Mobile App Development;PDS;INTERNO;EAD;13/11/2025;18/11/2025
10039/2025;10006;Kate Beckinsale;Não;Coordenação de Banco de Dados;Acadêmica;Governance and Compliance;PDL;INTERNO;EAD;14/07/2025;18/07/2025
10040/2025;10007;Jennifer Aniston;Sim;Coordenação de ADS;Acadêmica;Database Design and Optimization;PDS;INTERNO;PRESENCIAL;19/02/2025;24/02/2025
10038/2025;10011;Margot Robbie;Não;SAA - Secretaria Acadêmica;Administrativa;Planejamento Estratégico para Líderes;PDL;EXTERNO;PRESENCIAL;09/07/2025;14/07/2025
10002/2024;10099;Bette Davis;Não;Coordenação de ADS;Acadêmica;Cybersecurity Advanced;PDS;EXTERNO;PRESENCIAL;24/03/2024;28/03/2024
10012/2024;10007;Jennifer Aniston;Sim;Coordenação de ADS;Acadêmica;Team Building and Collaboration;PDL;INTERNO;PRESENCIAL;16/08/2024;19/08/2024
10041/2025;10082;Ingrid Bergman;Não;SAA - Secretaria Acadêmica;Administrativa;Motivação e Engajamento de Equipes;PDL;INTERNO;EAD;07/07/2025;11/07/2025
10006/2024;10083;Grace Kelly;Não;Coordenação de ADS;Acadêmica;Strategic Leadership;PDL;INTERNO;PRESENCIAL;18/04/2024;22/04/2024
10014/2024;10101;Iron Man;Não;Coordenação de ADS;Acadêmica;Network Security;PDS;EXTERNO;PRESENCIAL;31/12/2024;05/01/2025
10025/2024;10069;Cindy Crawford;Não;Depto de Recursos Humanos;Administrativa;Enterprise Architecture;PDL;INTERNO;PRESENCIAL;23/06/2024;28/06/2024
10021/2024;10111;Superman;Sim;Coordenação de ADS;Acadêmica;Container Technology with Docker;PDS;INTERNO;EAD;14/03/2024;19/03/2024
10014/2024;10065;Irina Shayk;Não;Depto de Recursos Humanos;Administrativa;Network Security;PDS;EXTERNO;PRESENCIAL;16/05/2024;21/05/2024
10039/2025;10047;Miley Cyrus;Não;Coordenação de Banco de Dados;Acadêmica;Governance and Compliance;PDL;INTERNO;EAD;02/01/2025;06/01/2025
10041/2025;10135;Isaac Newton;Sim;Coordenação de ADS;Acadêmica;Motivação e Engajamento de Equipes;PDL;INTERNO;EAD;09/10/2025;13/10/2025
10005/2024;10006;Kate Beckinsale;Não;Coordenação de Banco de Dados;Acadêmica;Redação Administrativa;PDL;INTERNO;EAD;21/02/2024;25/02/2024
10027/2024;10082;Ingrid Bergman;Não;SAA - Secretaria Acadêmica;Administrativa;Desenvolvimento de Líderes;PDL;INTERNO;PRESENCIAL;18/04/2024;22/04/2024
10006/2024;10015;Amber Heard;Não;Depto de Recursos Humanos;Administrativa;Strategic Leadership;PDL;INTERNO;PRESENCIAL;28/10/2024;01/11/2024
10032/2025;10062;Bella Hadid;Não;SAA - Secretaria Acadêmica;Administrativa;Transformational Leadership;PDL;EXTERNO;PRESENCIAL;12/06/2025;17/06/2025
10023/2024;10043;Amy Winehouse;Não;Coordenação de Banco de Dados;Acadêmica;Kubernetes Administration;PDS;EXTERNO;PRESENCIAL;14/09/2024;19/09/2024
10025/2024;10043;Amy Winehouse;Não;Coordenação de Banco de Dados;Acadêmica;Enterprise Architecture;PDL;INTERNO;PRESENCIAL;03/12/2024;08/12/2024
10023/2024;10041;Gwen Stefani;Não;Depto de Recursos Humanos;Administrativa;Kubernetes Administration;PDS;EXTERNO;PRESENCIAL;21/05/2024;26/05/2024
10002/2024;10058;Eva Mendes;Não;SAA - Secretaria Acadêmica;Administrativa;Cybersecurity Advanced;PDS;EXTERNO;PRESENCIAL;09/08/2024;13/08/2024
10008/2024;10008;Angelina Jolie;Não;Coordenação de ADS;Acadêmica;Change Management for Leaders;PDL;INTERNO;EAD;13/02/2024;17/02/2024
10025/2024;10038;Britney Spears;Não;SAA - Secretaria Acadêmica;Administrativa;Enterprise Architecture;PDL;INTERNO;PRESENCIAL;22/06/2024;27/06/2024
10040/2025;10081;Vivien Leigh;Não;Depto de Recursos Humanos;Administrativa;Database Design and Optimization;PDS;INTERNO;PRESENCIAL;27/09/2025;02/10/2025
10004/2024;10024;Kendall Jenner;Não;Coordenação de ADS;Acadêmica;Português Avançado para Profissionais;PDL;INTERNO;PRESENCIAL;13/01/2024;17/01/2024
10035/2025;10090;Brigitte Bardot;Não;SAA - Secretaria Acadêmica;Administrativa;Mobile App Development;PDS;INTERNO;EAD;16/05/2025;21/05/2025
10042/2025;10037;Celine Dion;Não;Coordenação de ADS;Acadêmica;Digital Transformation;PDS;EXTERNO;PRESENCIAL;08/10/2025;13/10/2025
10011/2024;10067;Tyra Banks;Não;Coordenação de ADS;Acadêmica;Data Science for Business;PDS;EXTERNO;PRESENCIAL;22/12/2024;27/12/2024
10031/2025;10105;Hulk;Não;Coordenação de Banco de Dados;Acadêmica;Full Stack Development;PDS;INTERNO;EAD;01/11/2025;06/11/2025
10027/2024;10024;Kendall Jenner;Não;Coordenação de ADS;Acadêmica;Desenvolvimento de Líderes;PDL;INTERNO;PRESENCIAL;30/07/2024;03/08/2024
10016/2024;10013;Blake Lively;Não;Coordenação de Banco de Dados;Acadêmica;Database Administration;PDS;INTERNO;EAD;09/11/2024;13/11/2024
10013/2024;10046;Demi Lovato;Não;SAA - Secretaria Acadêmica;Administrativa;Emotional Intelligence for Executives;PDL;INTERNO;EAD;06/10/2024;10/10/2024
10022/2024;10044;Adele;Sim;Coordenação de ADS;Acadêmica;CIO Strategic Planning;PDL;EXTERNO;PRESENCIAL;23/09/2024;28/09/2024
10020/2024;10076;Tilda Swinton;Não;Coordenação de Banco de Dados;Acadêmica;Administração de Recursos Humanos;PDL;INTERNO;EAD;08/05/2024;12/05/2024
10030/2024;10087;Elizabeth Taylor;Não;Coordenação de ADS;Acadêmica;Supervisão e Liderança;PDL;EXTERNO;PRESENCIAL;12/01/2024;17/01/2024
10017/2024;10017;Zendaya;Não;Coordenação de ADS;Acadêmica;Financial Management for IT;PDL;EXTERNO;PRESENCIAL;07/08/2024;11/08/2024
10029/2024;10135;Isaac Newton;Sim;Coordenação de ADS;Acadêmica;Java Development;PDS;INTERNO;EAD;18/12/2024;23/12/2024
10044/2025;10036;Mariah Carey;Não;Coordenação de ADS;Acadêmica;5G Technology;PDS;EXTERNO;PRESENCIAL;23/01/2025;28/01/2025
10014/2024;10121;Bartolomeu;Não;Coordenação de Banco de Dados;Acadêmica;Network Security;PDS;EXTERNO;PRESENCIAL;20/07/2024;25/07/2024
10045/2025;10112;Batman;Não;Coordenação de Banco de Dados;Acadêmica;Software Development Lifecycle;PDS;INTERNO;EAD;29/07/2025;03/08/2025
10009/2024;10058;Eva Mendes;Não;SAA - Secretaria Acadêmica;Administrativa;Gestão Administrativa;PDL;EXTERNO;PRESENCIAL;03/12/2024;07/12/2024
10026/2024;10110;Paulo;Não;Depto Tecnológico;Tecnológica;Python Programming;PDS;EXTERNO;EAD;30/10/2024;04/11/2024
10041/2025;10016;Meghan Markle;Não;SAA - Secretaria Acadêmica;Administrativa;Motivação e Engajamento de Equipes;PDL;INTERNO;EAD;07/02/2025;11/02/2025
10003/2024;10088;Rita Hayworth;Não;Coordenação de Banco de Dados;Acadêmica;Machine Learning Essentials;PDS;INTERNO;EAD;14/10/2024;19/10/2024
10037/2025;10120;Jesus Emanuel;Não;Depto Tecnológico;Tecnológica;API Development and Design;PDS;EXTERNO;EAD;13/09/2025;17/09/2025
10036/2025;10074;Rachel Weisz;Não;SAA - Secretaria Acadêmica;Administrativa;Gestão de Conflitos no Ambiente Corporativo;PDL;INTERNO;PRESENCIAL;16/05/2025;20/05/2025
10023/2024;10121;Bartolomeu;Não;Coordenação de Banco de Dados;Acadêmica;Kubernetes Administration;PDS;EXTERNO;PRESENCIAL;27/06/2024;02/07/2024
10011/2024;10102;Captain America;Não;Coordenação de Banco de Dados;Acadêmica;Data Science for Business;PDS;EXTERNO;PRESENCIAL;27/03/2024;01/04/2024
10018/2024;10006;Kate Beckinsale;Não;Coordenação de Banco de Dados;Acadêmica;Microservices Architecture;PDS;EXTERNO;PRESENCIAL;17/05/2024;22/05/2024
10008/2024;10047;Miley Cyrus;Não;Coordenação de Banco de Dados;Acadêmica;Change Management for Leaders;PDL;INTERNO;EAD;23/09/2024;27/09/2024
10049/2025;10037;Celine Dion;Não;Coordenação de ADS;Acadêmica;IT Service Management;PDS;INTERNO;EAD;18/10/2025;22/10/2025
10018/2024;10006;Kate Beckinsale;Não;Coordenação de Banco de Dados;Acadêmica;Microservices Architecture;PDS;EXTERNO;PRESENCIAL;15/01/2024;20/01/2024
10027/2024;10044;Adele;Sim;Coordenação de ADS;Acadêmica;Desenvolvimento de Líderes;PDL;INTERNO;PRESENCIAL;25/02/2024;29/02/2024
10009/2024;10070;Linda Evangelista;Não;SAA - Secretaria Acadêmica;Administrativa;Gestão Administrativa;PDL;EXTERNO;PRESENCIAL;15/06/2024;19/06/2024
10033/2025;10111;Superman;Sim;Coordenação de ADS;Acadêmica;Web Development with React;PDS;EXTERNO;PRESENCIAL;27/10/2025;01/11/2025
10010/2024;10098;Jessica Tandy;Não;SAA - Secretaria Acadêmica;Administrativa;Liderança Situacional;PDL;INTERNO;EAD;28/08/2024;01/09/2024
10014/2024;10085;Joan Crawford;Não;Depto de Recursos Humanos;Administrativa;Network Security;PDS;EXTERNO;PRESENCIAL;10/11/2024;15/11/2024
10047/2025;10075;Cate Blanchett;Não;Coordenação de ADS;Acadêmica;Scrum Master Certification;PDS;INTERNO;EAD;24/10/2025;28/10/2025
10033/2025;10102;Captain America;Não;Coordenação de Banco de Dados;Acadêmica;Web Development with React;PDS;EXTERNO;PRESENCIAL;20/03/2025;25/03/2025
10050/2026;10108;Black Panther;Sim;Coordenação de Banco de Dados;Acadêmica;Data Warehousing;PDS;EXTERNO;PRESENCIAL;13/04/2026;18/04/2026
10032/2025;10064;Cara Delevingne;Não;Coordenação de Banco de Dados;Acadêmica;Transformational Leadership;PDL;EXTERNO;PRESENCIAL;12/05/2025;17/05/2025
10036/2025;10042;Nelly Furtado;Não;SAA - Secretaria Acadêmica;Administrativa;Gestão de Conflitos no Ambiente Corporativo;PDL;INTERNO;PRESENCIAL;27/07/2025;31/07/2025
10038/2025;10054;Olivia Wilde;Não;SAA - Secretaria Acadêmica;Administrativa;Planejamento Estratégico para Líderes;PDL;EXTERNO;PRESENCIAL;27/10/2025;01/11/2025
10026/2024;10051;Cardi B;Não;Coordenação de ADS;Acadêmica;Python Programming;PDS;EXTERNO;EAD;03/08/2024;08/08/2024
10012/2024;10075;Cate Blanchett;Não;Coordenação de ADS;Acadêmica;Team Building and Collaboration;PDL;INTERNO;PRESENCIAL;15/06/2024;18/06/2024
10014/2024;10138;Marie Curie;Não;Depto de Recursos Humanos;Administrativa;Network Security;PDS;EXTERNO;PRESENCIAL;25/12/2024;30/12/2024
10041/2025;10125;Marcos;Não;Coordenação de Banco de Dados;Acadêmica;Motivação e Engajamento de Equipes;PDL;INTERNO;EAD;07/02/2025;11/02/2025
10001/2024;10112;Batman;Não;Coordenação de Banco de Dados;Acadêmica;Cloud Computing Fundamentals;PDS;INTERNO;EAD;16/09/2024;21/09/2024
10048/2025;10058;Eva Mendes;Não;SAA - Secretaria Acadêmica;Administrativa;Project Management Fundamentals;PDS;EXTERNO;PRESENCIAL;15/02/2025;20/02/2025
10030/2024;10027;Beyonce Knowles;Não;Coordenação de ADS;Acadêmica;Supervisão e Liderança;PDL;EXTERNO;PRESENCIAL;14/05/2024;19/05/2024
10030/2024;10005;Charlize Theron;Sim;Coordenação de ADS;Acadêmica;Supervisão e Liderança;PDL;EXTERNO;PRESENCIAL;16/10/2024;21/10/2024
10028/2024;10026;Kim Kardashian;Sim;SAA - Secretaria Acadêmica;Administrativa;Português Técnico;PDL;EXTERNO;EAD;06/06/2024;10/06/2024
10047/2025;10041;Gwen Stefani;Não;Depto de Recursos Humanos;Administrativa;Scrum Master Certification;PDS;INTERNO;EAD;29/05/2025;02/06/2025
10035/2025;10012;Gal Gadot;Não;Coordenação de ADS;Acadêmica;Mobile App Development;PDS;INTERNO;EAD;29/06/2025;04/07/2025
10024/2024;10069;Cindy Crawford;Não;Depto de Recursos Humanos;Administrativa;Gestão de Processos;PDL;INTERNO;EAD;19/12/2024;24/12/2024
10013/2024;10123;Mateus;Não;Depto Tecnológico;Tecnológica;Emotional Intelligence for Executives;PDL;INTERNO;EAD;30/08/2024;03/09/2024
10049/2025;10018;Rihanna;Não;Coordenação de ADS;Acadêmica;IT Service Management;PDS;INTERNO;EAD;17/12/2025;21/12/2025
10016/2024;10120;Jesus Emanuel;Não;Depto Tecnológico;Tecnológica;Database Administration;PDS;INTERNO;EAD;20/03/2024;24/03/2024
10033/2025;10023;Hailey Baldwin;Não;SAA - Secretaria Acadêmica;Administrativa;Web Development with React;PDS;EXTERNO;PRESENCIAL;17/08/2025;22/08/2025
10032/2025;10109;Felipe;Não;Depto Tecnológico;Tecnológica;Transformational Leadership;PDL;EXTERNO;PRESENCIAL;17/08/2025;22/08/2025
10047/2025;10018;Rihanna;Não;Coordenação de ADS;Acadêmica;Scrum Master Certification;PDS;INTERNO;EAD;12/11/2025;16/11/2025
10021/2024;10009;Scarlett Johansson;Não;Coordenação de Banco de Dados;Acadêmica;Container Technology with Docker;PDS;INTERNO;EAD;04/06/2024;09/06/2024
10007/2024;10139;Stephen Hawking;Não;Coordenação de Banco de Dados;Acadêmica;Executive Decision Making;PDL;EXTERNO;PRESENCIAL;18/11/2024;22/11/2024
10001/2024;10127;André;Não;Depto de Recursos Humanos;Recursos Humanos;Cloud Computing Fundamentals;PDS;INTERNO;EAD;29/12/2024;03/01/2025
10024/2024;10007;Jennifer Aniston;Sim;Coordenação de ADS;Acadêmica;Gestão de Processos;PDL;INTERNO;EAD;18/09/2024;23/09/2024
10013/2024;10027;Beyonce Knowles;Não;Coordenação de ADS;Acadêmica;Emotional Intelligence for Executives;PDL;INTERNO;EAD;30/04/2024;04/05/2024
10012/2024;10112;Batman;Não;Coordenação de Banco de Dados;Acadêmica;Team Building and Collaboration;PDL;INTERNO;PRESENCIAL;25/08/2024;28/08/2024
10031/2025;10082;Ingrid Bergman;Não;SAA - Secretaria Acadêmica;Administrativa;Full Stack Development;PDS;INTERNO;EAD;08/07/2025;13/07/2025
10039/2025;10012;Gal Gadot;Não;Coordenação de ADS;Acadêmica;Governance and Compliance;PDL;INTERNO;EAD;29/01/2025;02/02/2025
10036/2025;10064;Cara Delevingne;Não;Coordenação de Banco de Dados;Acadêmica;Gestão de Conflitos no Ambiente Corporativo;PDL;INTERNO;PRESENCIAL;07/10/2025;11/10/2025
10015/2024;10033;Drew Barrymore;Não;SAA - Secretaria Acadêmica;Administrativa;Coordenação de Equipes;PDL;INTERNO;PRESENCIAL;23/12/2024;27/12/2024
10016/2024;10115;Green Lantern;Não;Coordenação de Banco de Dados;Acadêmica;Database Administration;PDS;INTERNO;EAD;25/04/2024;29/04/2024
10028/2024;10116;Aquaman;Não;Depto de Recursos Humanos;Recursos Humanos;Português Técnico;PDL;EXTERNO;EAD;06/12/2024;10/12/2024
10017/2024;10125;Marcos;Não;Coordenação de Banco de Dados;Acadêmica;Financial Management for IT;PDL;EXTERNO;PRESENCIAL;03/09/2024;07/09/2024
10008/2024;10121;Bartolomeu;Não;Coordenação de Banco de Dados;Acadêmica;Change Management for Leaders;PDL;INTERNO;EAD;13/03/2024;17/03/2024
10049/2025;10010;Emma Stone;Não;SAA - Secretaria Acadêmica;Administrativa;IT Service Management;PDS;INTERNO;EAD;27/04/2025;01/05/2025
10009/2024;10079;Audrey Hepburn;Não;Coordenação de ADS;Acadêmica;Gestão Administrativa;PDL;EXTERNO;PRESENCIAL;19/05/2024;23/05/2024
10045/2025;10058;Eva Mendes;Não;SAA - Secretaria Acadêmica;Administrativa;Software Development Lifecycle;PDS;INTERNO;EAD;09/10/2025;14/10/2025
10039/2025;10036;Mariah Carey;Não;Coordenação de ADS;Acadêmica;Governance and Compliance;PDL;INTERNO;EAD;09/02/2025;13/02/2025
10029/2024;10083;Grace Kelly;Não;Coordenação de ADS;Acadêmica;Java Development;PDS;INTERNO;EAD;12/09/2024;17/09/2024
10011/2024;10122;Clemente;Não;Coordenação de ADS;Acadêmica;Data Science for Business;PDS;EXTERNO;PRESENCIAL;27/04/2024;02/05/2024
10041/2025;10035;Cher;Não;Depto de Recursos Humanos;Administrativa;Motivação e Engajamento de Equipes;PDL;INTERNO;EAD;09/02/2025;13/02/2025
10001/2024;10088;Rita Hayworth;Não;Coordenação de Banco de Dados;Acadêmica;Cloud Computing Fundamentals;PDS;INTERNO;EAD;10/08/2024;15/08/2024
10017/2024;10055;Anne Hathaway;Não;Coordenação de ADS;Acadêmica;Financial Management for IT;PDL;EXTERNO;PRESENCIAL;31/08/2024;04/09/2024
10035/2025;10026;Kim Kardashian;Sim;SAA - Secretaria Acadêmica;Administrativa;Mobile App Development;PDS;INTERNO;EAD;16/06/2025;21/06/2025
10040/2025;10109;Felipe;Não;Depto Tecnológico;Tecnológica;Database Design and Optimization;PDS;INTERNO;PRESENCIAL;07/10/2025;12/10/2025
10024/2024;10002;Isabela Fontana;Não;Coordenação de Banco de Dados;Acadêmica;Gestão de Processos;PDL;INTERNO;EAD;14/09/2024;19/09/2024
10028/2024;10057;Jessica Alba;Não;Depto de Recursos Humanos;Administrativa;Português Técnico;PDL;EXTERNO;EAD;15/04/2024;19/04/2024
10041/2025;10058;Eva Mendes;Não;SAA - Secretaria Acadêmica;Administrativa;Motivação e Engajamento de Equipes;PDL;INTERNO;EAD;03/07/2025;07/07/2025
10025/2024;10128;Tomás;Não;SAA - Secretaria Acadêmica;Administrativa;Enterprise Architecture;PDL;INTERNO;PRESENCIAL;27/07/2024;01/08/2024
10008/2024;10114;The Flash;Não;Depto Tecnológico;Tecnológica;Change Management for Leaders;PDL;INTERNO;EAD;25/05/2024;29/05/2024
10030/2024;10127;André;Não;Depto de Recursos Humanos;Recursos Humanos;Supervisão e Liderança;PDL;EXTERNO;PRESENCIAL;12/09/2024;17/09/2024
10020/2024;10062;Bella Hadid;Não;SAA - Secretaria Acadêmica;Administrativa;Administração de Recursos Humanos;PDL;INTERNO;EAD;07/10/2024;11/10/2024
10024/2024;10131;Santos Dumont;Não;Coordenação de ADS;Acadêmica;Gestão de Processos;PDL;INTERNO;EAD;31/10/2024;05/11/2024
10007/2024;10018;Rihanna;Não;Coordenação de ADS;Acadêmica;Executive Decision Making;PDL;EXTERNO;PRESENCIAL;07/07/2024;11/07/2024
10020/2024;10071;Christy Turlington;Não;Coordenação de ADS;Acadêmica;Administração de Recursos Humanos;PDL;INTERNO;EAD;07/11/2024;11/11/2024
10001/2024;10019;Taylor Swift;Não;Depto de Recursos Humanos;Administrativa;Cloud Computing Fundamentals;PDS;INTERNO;EAD;30/05/2024;04/06/2024
10037/2025;10100;Joan Fontaine;Não;Coordenação de Banco de Dados;Acadêmica;API Development and Design;PDS;EXTERNO;EAD;05/09/2025;09/09/2025
10010/2024;10029;Ellen DeGeneres;Não;Coordenação de Banco de Dados;Acadêmica;Liderança Situacional;PDL;INTERNO;EAD;07/04/2024;11/04/2024
10010/2024;10005;Charlize Theron;Sim;Coordenação de ADS;Acadêmica;Liderança Situacional;PDL;INTERNO;EAD;26/08/2024;30/08/2024
10016/2024;10074;Rachel Weisz;Não;SAA - Secretaria Acadêmica;Administrativa;Database Administration;PDS;INTERNO;EAD;14/02/2024;18/02/2024
10017/2024;10001;Jennifer Lopez;Não;Coordenação de ADS;Acadêmica;Financial Management for IT;PDL;EXTERNO;PRESENCIAL;24/08/2024;28/08/2024
10002/2024;10076;Tilda Swinton;Não;Coordenação de Banco de Dados;Acadêmica;Cybersecurity Advanced;PDS;EXTERNO;PRESENCIAL;30/06/2024;04/07/2024
10050/2026;10066;Naomi Campbell;Sim;SAA - Secretaria Acadêmica;Administrativa;Data Warehousing;PDS;EXTERNO;PRESENCIAL;01/11/2026;06/11/2026
10029/2024;10016;Meghan Markle;Não;SAA - Secretaria Acadêmica;Administrativa;Java Development;PDS;INTERNO;EAD;16/07/2024;21/07/2024
10028/2024;10086;Ava Gardner;Não;SAA - Secretaria Acadêmica;Administrativa;Português Técnico;PDL;EXTERNO;EAD;21/01/2024;25/01/2024
10013/2024;10027;Beyonce Knowles;Não;Coordenação de ADS;Acadêmica;Emotional Intelligence for Executives;PDL;INTERNO;EAD;11/02/2024;15/02/2024
10032/2025;10137;Nikola Tesla;Não;Depto Tecnológico;Tecnológica;Transformational Leadership;PDL;EXTERNO;PRESENCIAL;08/03/2025;13/03/2025
10026/2024;10002;Isabela Fontana;Não;Coordenação de Banco de Dados;Acadêmica;Python Programming;PDS;EXTERNO;EAD;23/02/2024;28/02/2024
10039/2025;10100;Joan Fontaine;Não;Coordenação de Banco de Dados;Acadêmica;Governance and Compliance;PDL;INTERNO;EAD;13/01/2025;17/01/2025
10005/2024;10081;Vivien Leigh;Não;Depto de Recursos Humanos;Administrativa;Redação Administrativa;PDL;INTERNO;EAD;21/07/2024;25/07/2024
10034/2025;10008;Angelina Jolie;Não;Coordenação de ADS;Acadêmica;Ortografia e Gramática para Escritório;PDL;INTERNO;EAD;01/10/2025;04/10/2025
10004/2024;10132;Leonardo da Vinci;Não;Coordenação de Banco de Dados;Acadêmica;Português Avançado para Profissionais;PDL;INTERNO;PRESENCIAL;28/06/2024;02/07/2024
10044/2025;10003;Paolla Oliveira;Não;SAA - Secretaria Acadêmica;Administrativa;5G Technology;PDS;EXTERNO;PRESENCIAL;17/08/2025;22/08/2025
10032/2025;10092;Faye Dunaway;Não;Coordenação de Banco de Dados;Acadêmica;Transformational Leadership;PDL;EXTERNO;PRESENCIAL;19/02/2025;24/02/2025
10035/2025;10119;João;Não;Depto Tecnológico;Tecnológica;Mobile App Development;PDS;INTERNO;EAD;13/09/2025;18/09/2025
10039/2025;10038;Britney Spears;Não;SAA - Secretaria Acadêmica;Administrativa;Governance and Compliance;PDL;INTERNO;EAD;12/04/2025;16/04/2025
10010/2024;10099;Bette Davis;Não;Coordenação de ADS;Acadêmica;Liderança Situacional;PDL;INTERNO;EAD;14/12/2024;18/12/2024
10001/2024;10009;Scarlett Johansson;Não;Coordenação de Banco de Dados;Acadêmica;Cloud Computing Fundamentals;PDS;INTERNO;EAD;23/01/2024;28/01/2024
10019/2024;10109;Felipe;Não;Depto Tecnológico;Tecnológica;Comunicação Escrita Efetiva;PDL;INTERNO;PRESENCIAL;18/03/2024;22/03/2024
10005/2024;10084;Marilyn Monroe;Não;Coordenação de Banco de Dados;Acadêmica;Redação Administrativa;PDL;INTERNO;EAD;08/05/2024;12/05/2024
10039/2025;10052;Lizzo;Não;Coordenação de Banco de Dados;Acadêmica;Governance and Compliance;PDL;INTERNO;EAD;22/06/2025;26/06/2025
10026/2024;10040;Shakira;Não;Coordenação de ADS;Acadêmica;Python Programming;PDS;EXTERNO;EAD;13/03/2024;18/03/2024
10030/2024;10036;Mariah Carey;Não;Coordenação de ADS;Acadêmica;Supervisão e Liderança;PDL;EXTERNO;PRESENCIAL;19/03/2024;24/03/2024
10012/2024;10010;Emma Stone;Não;SAA - Secretaria Acadêmica;Administrativa;Team Building and Collaboration;PDL;INTERNO;PRESENCIAL;18/06/2024;21/06/2024
10018/2024;10070;Linda Evangelista;Não;SAA - Secretaria Acadêmica;Administrativa;Microservices Architecture;PDS;EXTERNO;PRESENCIAL;12/05/2024;17/05/2024
10039/2025;10131;Santos Dumont;Não;Coordenação de ADS;Acadêmica;Governance and Compliance;PDL;INTERNO;EAD;13/04/2025;17/04/2025
10019/2024;10043;Amy Winehouse;Não;Coordenação de Banco de Dados;Acadêmica;Comunicação Escrita Efetiva;PDL;INTERNO;PRESENCIAL;09/12/2024;13/12/2024
10028/2024;10126;Lucas;Não;Coordenação de ADS;Acadêmica;Português Técnico;PDL;EXTERNO;EAD;21/09/2024;25/09/2024
10036/2025;10005;Charlize Theron;Sim;Coordenação de ADS;Acadêmica;Gestão de Conflitos no Ambiente Corporativo;PDL;INTERNO;PRESENCIAL;02/12/2025;06/12/2025
10019/2024;10046;Demi Lovato;Não;SAA - Secretaria Acadêmica;Administrativa;Comunicação Escrita Efetiva;PDL;INTERNO;PRESENCIAL;29/07/2024;02/08/2024
10048/2025;10002;Isabela Fontana;Não;Coordenação de Banco de Dados;Acadêmica;Project Management Fundamentals;PDS;EXTERNO;PRESENCIAL;17/06/2025;22/06/2025
10035/2025;10084;Marilyn Monroe;Não;Coordenação de Banco de Dados;Acadêmica;Mobile App Development;PDS;INTERNO;EAD;14/10/2025;19/10/2025
10035/2025;10073;Naomi Watts;Não;Depto de Recursos Humanos;Administrativa;Mobile App Development;PDS;INTERNO;EAD;22/11/2025;27/11/2025
10004/2024;10003;Paolla Oliveira;Não;SAA - Secretaria Acadêmica;Administrativa;Português Avançado para Profissionais;PDL;INTERNO;PRESENCIAL;14/10/2024;18/10/2024
10007/2024;10016;Meghan Markle;Não;SAA - Secretaria Acadêmica;Administrativa;Executive Decision Making;PDL;EXTERNO;PRESENCIAL;26/12/2024;30/12/2024
10036/2025;10058;Eva Mendes;Não;SAA - Secretaria Acadêmica;Administrativa;Gestão de Conflitos no Ambiente Corporativo;PDL;INTERNO;PRESENCIAL;14/04/2025;18/04/2025
10022/2024;10099;Bette Davis;Não;Coordenação de ADS;Acadêmica;CIO Strategic Planning;PDL;EXTERNO;PRESENCIAL;11/04/2024;16/04/2024
10023/2024;10013;Blake Lively;Não;Coordenação de Banco de Dados;Acadêmica;Kubernetes Administration;PDS;EXTERNO;PRESENCIAL;24/10/2024;29/10/2024
10014/2024;10090;Brigitte Bardot;Não;SAA - Secretaria Acadêmica;Administrativa;Network Security;PDS;EXTERNO;PRESENCIAL;16/12/2024;21/12/2024
10001/2024;10023;Hailey Baldwin;Não;SAA - Secretaria Acadêmica;Administrativa;Cloud Computing Fundamentals;PDS;INTERNO;EAD;15/03/2024;20/03/2024
10016/2024;10096;Frances Ford Coppola;Não;Coordenação de Banco de Dados;Acadêmica;Database Administration;PDS;INTERNO;EAD;30/03/2024;03/04/2024
10008/2024;10003;Paolla Oliveira;Não;SAA - Secretaria Acadêmica;Administrativa;Change Management for Leaders;PDL;INTERNO;EAD;15/12/2024;19/12/2024
10036/2025;10099;Bette Davis;Não;Coordenação de ADS;Acadêmica;Gestão de Conflitos no Ambiente Corporativo;PDL;INTERNO;PRESENCIAL;21/01/2025;25/01/2025
10049/2025;10108;Black Panther;Sim;Coordenação de Banco de Dados;Acadêmica;IT Service Management;PDS;INTERNO;EAD;30/12/2025;03/01/2026
10006/2024;10125;Marcos;Não;Coordenação de Banco de Dados;Acadêmica;Strategic Leadership;PDL;INTERNO;PRESENCIAL;21/11/2024;25/11/2024
10013/2024;10011;Margot Robbie;Não;SAA - Secretaria Acadêmica;Administrativa;Emotional Intelligence for Executives;PDL;INTERNO;EAD;04/01/2024;08/01/2024
10026/2024;10086;Ava Gardner;Não;SAA - Secretaria Acadêmica;Administrativa;Python Programming;PDS;EXTERNO;EAD;15/06/2024;20/06/2024
10034/2025;10114;The Flash;Não;Depto Tecnológico;Tecnológica;Ortografia e Gramática para Escritório;PDL;INTERNO;EAD;29/08/2025;01/09/2025
10023/2024;10086;Ava Gardner;Não;SAA - Secretaria Acadêmica;Administrativa;Kubernetes Administration;PDS;EXTERNO;PRESENCIAL;17/09/2024;22/09/2024
10027/2024;10014;Natalie Portman;Sim;Coordenação de ADS;Acadêmica;Desenvolvimento de Líderes;PDL;INTERNO;PRESENCIAL;03/09/2024;07/09/2024
10024/2024;10017;Zendaya;Não;Coordenação de ADS;Acadêmica;Gestão de Processos;PDL;INTERNO;EAD;11/02/2024;16/02/2024
10045/2025;10101;Iron Man;Não;Coordenação de ADS;Acadêmica;Software Development Lifecycle;PDS;INTERNO;EAD;22/11/2025;27/11/2025
10030/2024;10011;Margot Robbie;Não;SAA - Secretaria Acadêmica;Administrativa;Supervisão e Liderança;PDL;EXTERNO;PRESENCIAL;27/08/2024;01/09/2024
10006/2024;10059;Alexa Chung;Não;Coordenação de ADS;Acadêmica;Strategic Leadership;PDL;INTERNO;PRESENCIAL;24/03/2024;28/03/2024
10005/2024;10070;Linda Evangelista;Não;SAA - Secretaria Acadêmica;Administrativa;Redação Administrativa;PDL;INTERNO;EAD;02/07/2024;06/07/2024
10021/2024;10081;Vivien Leigh;Não;Depto de Recursos Humanos;Administrativa;Container Technology with Docker;PDS;INTERNO;EAD;07/12/2024;12/12/2024
10023/2024;10025;Kylie Jenner;Não;Depto de Recursos Humanos;Administrativa;Kubernetes Administration;PDS;EXTERNO;PRESENCIAL;18/01/2024;23/01/2024
10043/2025;10034;Madonna;Não;Coordenação de ADS;Acadêmica;IoT Solutions;PDS;INTERNO;EAD;29/06/2025;03/07/2025
10036/2025;10027;Beyonce Knowles;Não;Coordenação de ADS;Acadêmica;Gestão de Conflitos no Ambiente Corporativo;PDL;INTERNO;PRESENCIAL;04/12/2025;08/12/2025
10039/2025;10080;Grace Jones;Não;Coordenação de Banco de Dados;Acadêmica;Governance and Compliance;PDL;INTERNO;EAD;29/05/2025;02/06/2025
10037/2025;10132;Leonardo da Vinci;Não;Coordenação de Banco de Dados;Acadêmica;API Development and Design;PDS;EXTERNO;EAD;22/05/2025;26/05/2025
10011/2024;10131;Santos Dumont;Não;Coordenação de ADS;Acadêmica;Data Science for Business;PDS;EXTERNO;PRESENCIAL;21/01/2024;26/01/2024
10046/2025;10040;Shakira;Não;Coordenação de ADS;Acadêmica;Agile Methodology;PDS;EXTERNO;PRESENCIAL;21/02/2025;25/02/2025
10031/2025;10087;Elizabeth Taylor;Não;Coordenação de ADS;Acadêmica;Full Stack Development;PDS;INTERNO;EAD;02/12/2025;07/12/2025
10022/2024;10065;Irina Shayk;Não;Depto de Recursos Humanos;Administrativa;CIO Strategic Planning;PDL;EXTERNO;PRESENCIAL;22/08/2024;27/08/2024
10044/2025;10053;Halsey;Não;Depto de Recursos Humanos;Administrativa;5G Technology;PDS;EXTERNO;PRESENCIAL;08/10/2025;13/10/2025
10034/2025;10015;Amber Heard;Não;Depto de Recursos Humanos;Administrativa;Ortografia e Gramática para Escritório;PDL;INTERNO;EAD;05/11/2025;08/11/2025
10050/2026;10063;Emily Ratajkowski;Não;Coordenação de ADS;Acadêmica;Data Warehousing;PDS;EXTERNO;PRESENCIAL;28/01/2026;02/02/2026
10011/2024;10124;Estêvão;Sim;Depto Tecnológico;Tecnológica;Data Science for Business;PDS;EXTERNO;PRESENCIAL;27/12/2024;01/01/2025
10030/2024;10026;Kim Kardashian;Sim;SAA - Secretaria Acadêmica;Administrativa;Supervisão e Liderança;PDL;EXTERNO;PRESENCIAL;21/04/2024;26/04/2024
10002/2024;10031;Julia Roberts;Não;Coordenação de ADS;Acadêmica;Cybersecurity Advanced;PDS;EXTERNO;PRESENCIAL;12/02/2024;16/02/2024
10035/2025;10025;Kylie Jenner;Não;Depto de Recursos Humanos;Administrativa;Mobile App Development;PDS;INTERNO;EAD;22/07/2025;27/07/2025
10043/2025;10069;Cindy Crawford;Não;Depto de Recursos Humanos;Administrativa;IoT Solutions;PDS;INTERNO;EAD;28/09/2025;02/10/2025
10045/2025;10061;Gigi Hadid;Não;Depto de Recursos Humanos;Administrativa;Software Development Lifecycle;PDS;INTERNO;EAD;07/02/2025;12/02/2025
10019/2024;10103;Thor Odinson;Sim;Depto Tecnológico;Tecnológica;Comunicação Escrita Efetiva;PDL;INTERNO;PRESENCIAL;07/05/2024;11/05/2024
10020/2024;10075;Cate Blanchett;Não;Coordenação de ADS;Acadêmica;Administração de Recursos Humanos;PDL;INTERNO;EAD;20/08/2024;24/08/2024
10047/2025;10134;Galileo Galilei;Sim;Coordenação de Banco de Dados;Acadêmica;Scrum Master Certification;PDS;INTERNO;EAD;24/01/2025;28/01/2025
10036/2025;10080;Grace Jones;Não;Coordenação de Banco de Dados;Acadêmica;Gestão de Conflitos no Ambiente Corporativo;PDL;INTERNO;PRESENCIAL;08/02/2025;12/02/2025
10036/2025;10031;Julia Roberts;Não;Coordenação de ADS;Acadêmica;Gestão de Conflitos no Ambiente Corporativo;PDL;INTERNO;PRESENCIAL;22/01/2025;26/01/2025
10039/2025;10061;Gigi Hadid;Não;Depto de Recursos Humanos;Administrativa;Governance and Compliance;PDL;INTERNO;EAD;20/01/2025;24/01/2025
10008/2024;10056;Amy Adams;Não;Coordenação de Banco de Dados;Acadêmica;Change Management for Leaders;PDL;INTERNO;EAD;22/07/2024;26/07/2024
10026/2024;10109;Felipe;Não;Depto Tecnológico;Tecnológica;Python Programming;PDS;EXTERNO;EAD;22/11/2024;27/11/2024
10049/2025;10043;Amy Winehouse;Não;Coordenação de Banco de Dados;Acadêmica;IT Service Management;PDS;INTERNO;EAD;24/01/2025;28/01/2025
10050/2026;10030;Sandra Bullock;Não;Depto de Recursos Humanos;Administrativa;Data Warehousing;PDS;EXTERNO;PRESENCIAL;10/07/2026;15/07/2026
10008/2024;10026;Kim Kardashian;Sim;SAA - Secretaria Acadêmica;Administrativa;Change Management for Leaders;PDL;INTERNO;EAD;19/10/2024;23/10/2024
10048/2025;10063;Emily Ratajkowski;Não;Coordenação de ADS;Acadêmica;Project Management Fundamentals;PDS;EXTERNO;PRESENCIAL;11/08/2025;16/08/2025
10049/2025;10013;Blake Lively;Não;Coordenação de Banco de Dados;Acadêmica;IT Service Management;PDS;INTERNO;EAD;29/08/2025;02/09/2025
10012/2024;10075;Cate Blanchett;Não;Coordenação de ADS;Acadêmica;Team Building and Collaboration;PDL;INTERNO;PRESENCIAL;21/03/2024;24/03/2024
10016/2024;10064;Cara Delevingne;Não;Coordenação de Banco de Dados;Acadêmica;Database Administration;PDS;INTERNO;EAD;29/05/2024;02/06/2024
10022/2024;10098;Jessica Tandy;Não;SAA - Secretaria Acadêmica;Administrativa;CIO Strategic Planning;PDL;EXTERNO;PRESENCIAL;22/11/2024;27/11/2024
10050/2026;10012;Gal Gadot;Não;Coordenação de ADS;Acadêmica;Data Warehousing;PDS;EXTERNO;PRESENCIAL;21/11/2026;26/11/2026
10014/2024;10084;Marilyn Monroe;Não;Coordenação de Banco de Dados;Acadêmica;Network Security;PDS;EXTERNO;PRESENCIAL;07/03/2024;12/03/2024
10048/2025;10087;Elizabeth Taylor;Não;Coordenação de ADS;Acadêmica;Project Management Fundamentals;PDS;EXTERNO;PRESENCIAL;02/05/2025;07/05/2025
10013/2024;10009;Scarlett Johansson;Não;Coordenação de Banco de Dados;Acadêmica;Emotional Intelligence for Executives;PDL;INTERNO;EAD;27/03/2024;31/03/2024
10002/2024;10056;Amy Adams;Não;Coordenação de Banco de Dados;Acadêmica;Cybersecurity Advanced;PDS;EXTERNO;PRESENCIAL;27/12/2024;31/12/2024
10033/2025;10132;Leonardo da Vinci;Não;Coordenação de Banco de Dados;Acadêmica;Web Development with React;PDS;EXTERNO;PRESENCIAL;24/12/2025;29/12/2025
10037/2025;10086;Ava Gardner;Não;SAA - Secretaria Acadêmica;Administrativa;API Development and Design;PDS;EXTERNO;EAD;09/12/2025;13/12/2025
10018/2024;10097;Sissy Spacek;Não;Depto de Recursos Humanos;Administrativa;Microservices Architecture;PDS;EXTERNO;PRESENCIAL;09/08/2024;14/08/2024
10008/2024;10070;Linda Evangelista;Não;SAA - Secretaria Acadêmica;Administrativa;Change Management for Leaders;PDL;INTERNO;EAD;03/08/2024;07/08/2024
10020/2024;10003;Paolla Oliveira;Não;SAA - Secretaria Acadêmica;Administrativa;Administração de Recursos Humanos;PDL;INTERNO;EAD;13/09/2024;17/09/2024
10008/2024;10049;Katy Perry;Não;Depto de Recursos Humanos;Administrativa;Change Management for Leaders;PDL;INTERNO;EAD;15/09/2024;19/09/2024
10041/2025;10098;Jessica Tandy;Não;SAA - Secretaria Acadêmica;Administrativa;Motivação e Engajamento de Equipes;PDL;INTERNO;EAD;25/04/2025;29/04/2025
10042/2025;10127;André;Não;Depto de Recursos Humanos;Recursos Humanos;Digital Transformation;PDS;EXTERNO;PRESENCIAL;08/04/2025;13/04/2025
10006/2024;10094;Meryl Streep;Sim;SAA - Secretaria Acadêmica;Administrativa;Strategic Leadership;PDL;INTERNO;PRESENCIAL;03/04/2024;07/04/2024
10002/2024;10058;Eva Mendes;Não;SAA - Secretaria Acadêmica;Administrativa;Cybersecurity Advanced;PDS;EXTERNO;PRESENCIAL;18/09/2024;22/09/2024
10030/2024;10022;Billie Eilish;Não;Depto de Recursos Humanos;Administrativa;Supervisão e Liderança;PDL;EXTERNO;PRESENCIAL;07/09/2024;12/09/2024
10047/2025;10048;Lady Gaga;Não;Coordenação de ADS;Acadêmica;Scrum Master Certification;PDS;INTERNO;EAD;20/10/2025;24/10/2025
10024/2024;10044;Adele;Sim;Coordenação de ADS;Acadêmica;Gestão de Processos;PDL;INTERNO;EAD;14/05/2024;19/05/2024
10013/2024;10044;Adele;Sim;Coordenação de ADS;Acadêmica;Emotional Intelligence for Executives;PDL;INTERNO;EAD;13/01/2024;17/01/2024
10037/2025;10107;Doctor Strange;Não;Coordenação de ADS;Acadêmica;API Development and Design;PDS;EXTERNO;EAD;09/04/2025;13/04/2025
10040/2025;10108;Black Panther;Sim;Coordenação de Banco de Dados;Acadêmica;Database Design and Optimization;PDS;INTERNO;PRESENCIAL;28/12/2025;02/01/2026
10039/2025;10051;Cardi B;Não;Coordenação de ADS;Acadêmica;Governance and Compliance;PDL;INTERNO;EAD;14/06/2025;18/06/2025
10026/2024;10007;Jennifer Aniston;Sim;Coordenação de ADS;Acadêmica;Python Programming;PDS;EXTERNO;EAD;15/10/2024;20/10/2024
10006/2024;10041;Gwen Stefani;Não;Depto de Recursos Humanos;Administrativa;Strategic Leadership;PDL;INTERNO;PRESENCIAL;17/02/2024;21/02/2024
10024/2024;10032;Cameron Diaz;Não;Coordenação de Banco de Dados;Acadêmica;Gestão de Processos;PDL;INTERNO;EAD;25/04/2024;30/04/2024
10015/2024;10001;Jennifer Lopez;Não;Coordenação de ADS;Acadêmica;Coordenação de Equipes;PDL;INTERNO;PRESENCIAL;19/09/2024;23/09/2024
10006/2024;10018;Rihanna;Não;Coordenação de ADS;Acadêmica;Strategic Leadership;PDL;INTERNO;PRESENCIAL;06/01/2024;10/01/2024
10009/2024;10005;Charlize Theron;Sim;Coordenação de ADS;Acadêmica;Gestão Administrativa;PDL;EXTERNO;PRESENCIAL;08/01/2024;12/01/2024
10049/2025;10005;Charlize Theron;Sim;Coordenação de ADS;Acadêmica;IT Service Management;PDS;INTERNO;EAD;05/06/2025;09/06/2025
10043/2025;10094;Meryl Streep;Sim;SAA - Secretaria Acadêmica;Administrativa;IoT Solutions;PDS;INTERNO;EAD;24/12/2025;28/12/2025
10048/2025;10043;Amy Winehouse;Não;Coordenação de Banco de Dados;Acadêmica;Project Management Fundamentals;PDS;EXTERNO;PRESENCIAL;16/12/2025;21/12/2025
10042/2025;10125;Marcos;Não;Coordenação de Banco de Dados;Acadêmica;Digital Transformation;PDS;EXTERNO;PRESENCIAL;18/01/2025;23/01/2025
10044/2025;10042;Nelly Furtado;Não;SAA - Secretaria Acadêmica;Administrativa;5G Technology;PDS;EXTERNO;PRESENCIAL;02/06/2025;07/06/2025
10002/2024;10063;Emily Ratajkowski;Não;Coordenação de ADS;Acadêmica;Cybersecurity Advanced;PDS;EXTERNO;PRESENCIAL;21/07/2024;25/07/2024
10034/2025;10040;Shakira;Não;Coordenação de ADS;Acadêmica;Ortografia e Gramática para Escritório;PDL;INTERNO;EAD;10/03/2025;13/03/2025
10035/2025;10120;Jesus Emanuel;Não;Depto Tecnológico;Tecnológica;Mobile App Development;PDS;INTERNO;EAD;16/10/2025;21/10/2025
10037/2025;10065;Irina Shayk;Não;Depto de Recursos Humanos;Administrativa;API Development and Design;PDS;EXTERNO;EAD;20/09/2025;24/09/2025
10015/2024;10034;Madonna;Não;Coordenação de ADS;Acadêmica;Coordenação de Equipes;PDL;INTERNO;PRESENCIAL;10/03/2024;14/03/2024
10045/2025;10022;Billie Eilish;Não;Depto de Recursos Humanos;Administrativa;Software Development Lifecycle;PDS;INTERNO;EAD;19/10/2025;24/10/2025
10040/2025;10127;André;Não;Depto de Recursos Humanos;Recursos Humanos;Database Design and Optimization;PDS;INTERNO;PRESENCIAL;21/09/2025;26/09/2025
10038/2025;10093;Jessica Lange;Não;Depto de Recursos Humanos;Administrativa;Planejamento Estratégico para Líderes;PDL;EXTERNO;PRESENCIAL;07/04/2025;12/04/2025
10010/2024;10122;Clemente;Não;Coordenação de ADS;Acadêmica;Liderança Situacional;PDL;INTERNO;EAD;31/01/2024;04/02/2024
10009/2024;10045;Sam Smith;Não;Depto de Recursos Humanos;Administrativa;Gestão Administrativa;PDL;EXTERNO;PRESENCIAL;26/12/2024;30/12/2024
10007/2024;10021;Dua Lipa;Não;Coordenação de Banco de Dados;Acadêmica;Executive Decision Making;PDL;EXTERNO;PRESENCIAL;28/12/2024;01/01/2025
10033/2025;10023;Hailey Baldwin;Não;SAA - Secretaria Acadêmica;Administrativa;Web Development with React;PDS;EXTERNO;PRESENCIAL;11/04/2025;16/04/2025
10007/2024;10044;Adele;Sim;Coordenação de ADS;Acadêmica;Executive Decision Making;PDL;EXTERNO;PRESENCIAL;20/07/2024;24/07/2024
10031/2025;10032;Cameron Diaz;Não;Coordenação de Banco de Dados;Acadêmica;Full Stack Development;PDS;INTERNO;EAD;14/09/2025;19/09/2025
10001/2024;10060;Karlie Kloss;Não;Coordenação de Banco de Dados;Acadêmica;Cloud Computing Fundamentals;PDS;INTERNO;EAD;16/09/2024;21/09/2024
10003/2024;10014;Natalie Portman;Sim;Coordenação de ADS;Acadêmica;Machine Learning Essentials;PDS;INTERNO;EAD;25/01/2024;30/01/2024
10017/2024;10106;Spider-Man;Não;Depto Tecnológico;Tecnológica;Financial Management for IT;PDL;EXTERNO;PRESENCIAL;29/05/2024;02/06/2024
10049/2025;10063;Emily Ratajkowski;Não;Coordenação de ADS;Acadêmica;IT Service Management;PDS;INTERNO;EAD;19/09/2025;23/09/2025
10017/2024;10095;Diane Keaton;Não;Coordenação de ADS;Acadêmica;Financial Management for IT;PDL;EXTERNO;PRESENCIAL;17/03/2024;21/03/2024
10028/2024;10052;Lizzo;Não;Coordenação de Banco de Dados;Acadêmica;Português Técnico;PDL;EXTERNO;EAD;18/09/2024;22/09/2024
10035/2025;10076;Tilda Swinton;Não;Coordenação de Banco de Dados;Acadêmica;Mobile App Development;PDS;INTERNO;EAD;20/03/2025;25/03/2025
10009/2024;10011;Margot Robbie;Não;SAA - Secretaria Acadêmica;Administrativa;Gestão Administrativa;PDL;EXTERNO;PRESENCIAL;28/06/2024;02/07/2024
10049/2025;10001;Jennifer Lopez;Não;Coordenação de ADS;Acadêmica;IT Service Management;PDS;INTERNO;EAD;10/11/2025;14/11/2025
10008/2024;10080;Grace Jones;Não;Coordenação de Banco de Dados;Acadêmica;Change Management for Leaders;PDL;INTERNO;EAD;23/01/2024;27/01/2024
10017/2024;10060;Karlie Kloss;Não;Coordenação de Banco de Dados;Acadêmica;Financial Management for IT;PDL;EXTERNO;PRESENCIAL;24/08/2024;28/08/2024
10009/2024;10123;Mateus;Não;Depto Tecnológico;Tecnológica;Gestão Administrativa;PDL;EXTERNO;PRESENCIAL;07/09/2024;11/09/2024
10020/2024;10060;Karlie Kloss;Não;Coordenação de Banco de Dados;Acadêmica;Administração de Recursos Humanos;PDL;INTERNO;EAD;03/09/2024;07/09/2024
10027/2024;10047;Miley Cyrus;Não;Coordenação de Banco de Dados;Acadêmica;Desenvolvimento de Líderes;PDL;INTERNO;PRESENCIAL;15/05/2024;19/05/2024
10028/2024;10032;Cameron Diaz;Não;Coordenação de Banco de Dados;Acadêmica;Português Técnico;PDL;EXTERNO;EAD;15/10/2024;19/10/2024
10025/2024;10031;Julia Roberts;Não;Coordenação de ADS;Acadêmica;Enterprise Architecture;PDL;INTERNO;PRESENCIAL;27/10/2024;01/11/2024
10023/2024;10088;Rita Hayworth;Não;Coordenação de Banco de Dados;Acadêmica;Kubernetes Administration;PDS;EXTERNO;PRESENCIAL;06/08/2024;11/08/2024
10024/2024;10061;Gigi Hadid;Não;Depto de Recursos Humanos;Administrativa;Gestão de Processos;PDL;INTERNO;EAD;21/01/2024;26/01/2024
10039/2025;10074;Rachel Weisz;Não;SAA - Secretaria Acadêmica;Administrativa;Governance and Compliance;PDL;INTERNO;EAD;25/03/2025;29/03/2025
10050/2026;10014;Natalie Portman;Sim;Coordenação de ADS;Acadêmica;Data Warehousing;PDS;EXTERNO;PRESENCIAL;07/01/2026;12/01/2026
10005/2024;10118;Simão;Não;Coordenação de ADS;Acadêmica;Redação Administrativa;PDL;INTERNO;EAD;13/04/2024;17/04/2024
10014/2024;10009;Scarlett Johansson;Não;Coordenação de Banco de Dados;Acadêmica;Network Security;PDS;EXTERNO;PRESENCIAL;14/02/2024;19/02/2024
10042/2025;10027;Beyonce Knowles;Não;Coordenação de ADS;Acadêmica;Digital Transformation;PDS;EXTERNO;PRESENCIAL;24/11/2025;29/11/2025
10038/2025;10008;Angelina Jolie;Não;Coordenação de ADS;Acadêmica;Planejamento Estratégico para Líderes;PDL;EXTERNO;PRESENCIAL;22/05/2025;27/05/2025
10023/2024;10108;Black Panther;Sim;Coordenação de Banco de Dados;Acadêmica;Kubernetes Administration;PDS;EXTERNO;PRESENCIAL;15/09/2024;20/09/2024
10010/2024;10043;Amy Winehouse;Não;Coordenação de Banco de Dados;Acadêmica;Liderança Situacional;PDL;INTERNO;EAD;13/10/2024;17/10/2024
10042/2025;10132;Leonardo da Vinci;Não;Coordenação de Banco de Dados;Acadêmica;Digital Transformation;PDS;EXTERNO;PRESENCIAL;17/03/2025;22/03/2025
10040/2025;10081;Vivien Leigh;Não;Depto de Recursos Humanos;Administrativa;Database Design and Optimization;PDS;INTERNO;PRESENCIAL;13/10/2025;18/10/2025
10044/2025;10083;Grace Kelly;Não;Coordenação de ADS;Acadêmica;5G Technology;PDS;EXTERNO;PRESENCIAL;30/10/2025;04/11/2025
10018/2024;10048;Lady Gaga;Não;Coordenação de ADS;Acadêmica;Microservices Architecture;PDS;EXTERNO;PRESENCIAL;24/12/2024;29/12/2024
10046/2025;10057;Jessica Alba;Não;Depto de Recursos Humanos;Administrativa;Agile Methodology;PDS;EXTERNO;PRESENCIAL;03/09/2025;07/09/2025
10014/2024;10057;Jessica Alba;Não;Depto de Recursos Humanos;Administrativa;Network Security;PDS;EXTERNO;PRESENCIAL;14/06/2024;19/06/2024
10032/2025;10011;Margot Robbie;Não;SAA - Secretaria Acadêmica;Administrativa;Transformational Leadership;PDL;EXTERNO;PRESENCIAL;05/07/2025;10/07/2025
10019/2024;10118;Simão;Não;Coordenação de ADS;Acadêmica;Comunicação Escrita Efetiva;PDL;INTERNO;PRESENCIAL;15/06/2024;19/06/2024
10026/2024;10055;Anne Hathaway;Não;Coordenação de ADS;Acadêmica;Python Programming;PDS;EXTERNO;EAD;17/10/2024;22/10/2024
10036/2025;10039;Christina Aguilera;Não;Coordenação de Banco de Dados;Acadêmica;Gestão de Conflitos no Ambiente Corporativo;PDL;INTERNO;PRESENCIAL;18/05/2025;22/05/2025
10012/2024;10101;Iron Man;Não;Coordenação de ADS;Acadêmica;Team Building and Collaboration;PDL;INTERNO;PRESENCIAL;30/03/2024;02/04/2024
10032/2025;10051;Cardi B;Não;Coordenação de ADS;Acadêmica;Transformational Leadership;PDL;EXTERNO;PRESENCIAL;08/08/2025;13/08/2025
10038/2025;10082;Ingrid Bergman;Não;SAA - Secretaria Acadêmica;Administrativa;Planejamento Estratégico para Líderes;PDL;EXTERNO;PRESENCIAL;08/08/2025;13/08/2025
10039/2025;10072;Kate Moss;Não;Coordenação de Banco de Dados;Acadêmica;Governance and Compliance;PDL;INTERNO;EAD;18/07/2025;22/07/2025
10027/2024;10002;Isabela Fontana;Não;Coordenação de Banco de Dados;Acadêmica;Desenvolvimento de Líderes;PDL;INTERNO;PRESENCIAL;20/09/2024;24/09/2024
10005/2024;10121;Bartolomeu;Não;Coordenação de Banco de Dados;Acadêmica;Redação Administrativa;PDL;INTERNO;EAD;03/02/2024;07/02/2024
10039/2025;10054;Olivia Wilde;Não;SAA - Secretaria Acadêmica;Administrativa;Governance and Compliance;PDL;INTERNO;EAD;07/01/2025;11/01/2025
10016/2024;10117;Pedro;Não;SAA - Secretaria Acadêmica;Administrativa;Database Administration;PDS;INTERNO;EAD;17/08/2024;21/08/2024
10050/2026;10099;Bette Davis;Não;Coordenação de ADS;Acadêmica;Data Warehousing;PDS;EXTERNO;PRESENCIAL;09/08/2026;14/08/2026
10046/2025;10069;Cindy Crawford;Não;Depto de Recursos Humanos;Administrativa;Agile Methodology;PDS;EXTERNO;PRESENCIAL;05/07/2025;09/07/2025
10010/2024;10014;Natalie Portman;Sim;Coordenação de ADS;Acadêmica;Liderança Situacional;PDL;INTERNO;EAD;29/11/2024;03/12/2024
10049/2025;10117;Pedro;Não;SAA - Secretaria Acadêmica;Administrativa;IT Service Management;PDS;INTERNO;EAD;14/08/2025;18/08/2025
10003/2024;10114;The Flash;Não;Depto Tecnológico;Tecnológica;Machine Learning Essentials;PDS;INTERNO;EAD;09/06/2024;14/06/2024
10042/2025;10120;Jesus Emanuel;Não;Depto Tecnológico;Tecnológica;Digital Transformation;PDS;EXTERNO;PRESENCIAL;11/04/2025;16/04/2025
10004/2024;10126;Lucas;Não;Coordenação de ADS;Acadêmica;Português Avançado para Profissionais;PDL;INTERNO;PRESENCIAL;30/07/2024;03/08/2024
10014/2024;10076;Tilda Swinton;Não;Coordenação de Banco de Dados;Acadêmica;Network Security;PDS;EXTERNO;PRESENCIAL;06/08/2024;11/08/2024
10021/2024;10106;Spider-Man;Não;Depto Tecnológico;Tecnológica;Container Technology with Docker;PDS;INTERNO;EAD;17/12/2024;22/12/2024
10007/2024;10128;Tomás;Não;SAA - Secretaria Acadêmica;Administrativa;Executive Decision Making;PDL;EXTERNO;PRESENCIAL;28/11/2024;02/12/2024
10038/2025;10084;Marilyn Monroe;Não;Coordenação de Banco de Dados;Acadêmica;Planejamento Estratégico para Líderes;PDL;EXTERNO;PRESENCIAL;02/03/2025;07/03/2025
10023/2024;10097;Sissy Spacek;Não;Depto de Recursos Humanos;Administrativa;Kubernetes Administration;PDS;EXTERNO;PRESENCIAL;03/11/2024;08/11/2024
10004/2024;10012;Gal Gadot;Não;Coordenação de ADS;Acadêmica;Português Avançado para Profissionais;PDL;INTERNO;PRESENCIAL;05/12/2024;09/12/2024
10007/2024;10060;Karlie Kloss;Não;Coordenação de Banco de Dados;Acadêmica;Executive Decision Making;PDL;EXTERNO;PRESENCIAL;10/04/2024;14/04/2024
10042/2025;10005;Charlize Theron;Sim;Coordenação de ADS;Acadêmica;Digital Transformation;PDS;EXTERNO;PRESENCIAL;05/07/2025;10/07/2025
10048/2025;10119;João;Não;Depto Tecnológico;Tecnológica;Project Management Fundamentals;PDS;EXTERNO;PRESENCIAL;10/03/2025;15/03/2025
10029/2024;10025;Kylie Jenner;Não;Depto de Recursos Humanos;Administrativa;Java Development;PDS;INTERNO;EAD;09/06/2024;14/06/2024
10035/2025;10024;Kendall Jenner;Não;Coordenação de ADS;Acadêmica;Mobile App Development;PDS;INTERNO;EAD;21/05/2025;26/05/2025
10026/2024;10027;Beyonce Knowles;Não;Coordenação de ADS;Acadêmica;Python Programming;PDS;EXTERNO;EAD;24/12/2024;29/12/2024
10001/2024;10080;Grace Jones;Não;Coordenação de Banco de Dados;Acadêmica;Cloud Computing Fundamentals;PDS;INTERNO;EAD;21/04/2024;26/04/2024
10032/2025;10089;Jeanne Moreau;Não;Depto de Recursos Humanos;Administrativa;Transformational Leadership;PDL;EXTERNO;PRESENCIAL;03/10/2025;08/10/2025
10034/2025;10045;Sam Smith;Não;Depto de Recursos Humanos;Administrativa;Ortografia e Gramática para Escritório;PDL;INTERNO;EAD;13/05/2025;16/05/2025
10044/2025;10103;Thor Odinson;Sim;Depto Tecnológico;Tecnológica;5G Technology;PDS;EXTERNO;PRESENCIAL;30/09/2025;05/10/2025
10019/2024;10046;Demi Lovato;Não;SAA - Secretaria Acadêmica;Administrativa;Comunicação Escrita Efetiva;PDL;INTERNO;PRESENCIAL;17/03/2024;21/03/2024
10044/2025;10059;Alexa Chung;Não;Coordenação de ADS;Acadêmica;5G Technology;PDS;EXTERNO;PRESENCIAL;17/08/2025;22/08/2025
10047/2025;10039;Christina Aguilera;Não;Coordenação de Banco de Dados;Acadêmica;Scrum Master Certification;PDS;INTERNO;EAD;03/03/2025;07/03/2025
10028/2024;10076;Tilda Swinton;Não;Coordenação de Banco de Dados;Acadêmica;Português Técnico;PDL;EXTERNO;EAD;28/03/2024;01/04/2024
10022/2024;10036;Mariah Carey;Não;Coordenação de ADS;Acadêmica;CIO Strategic Planning;PDL;EXTERNO;PRESENCIAL;25/10/2024;30/10/2024
10041/2025;10066;Naomi Campbell;Sim;SAA - Secretaria Acadêmica;Administrativa;Motivação e Engajamento de Equipes;PDL;INTERNO;EAD;04/11/2025;08/11/2025
10039/2025;10075;Cate Blanchett;Não;Coordenação de ADS;Acadêmica;Governance and Compliance;PDL;INTERNO;EAD;27/11/2025;01/12/2025
10041/2025;10010;Emma Stone;Não;SAA - Secretaria Acadêmica;Administrativa;Motivação e Engajamento de Equipes;PDL;INTERNO;EAD;15/03/2025;19/03/2025
10049/2025;10008;Angelina Jolie;Não;Coordenação de ADS;Acadêmica;IT Service Management;PDS;INTERNO;EAD;08/07/2025;12/07/2025
10040/2025;10001;Jennifer Lopez;Não;Coordenação de ADS;Acadêmica;Database Design and Optimization;PDS;INTERNO;PRESENCIAL;03/08/2025;08/08/2025
10038/2025;10130;Timóteo;Não;Depto de Recursos Humanos;Recursos Humanos;Planejamento Estratégico para Líderes;PDL;EXTERNO;PRESENCIAL;22/12/2025;27/12/2025
10048/2025;10126;Lucas;Não;Coordenação de ADS;Acadêmica;Project Management Fundamentals;PDS;EXTERNO;PRESENCIAL;01/03/2025;06/03/2025
10004/2024;10104;Tiago;Não;Coordenação de ADS;Acadêmica;Português Avançado para Profissionais;PDL;INTERNO;PRESENCIAL;23/04/2024;27/04/2024
10001/2024;10129;Barnabé;Não;SAA - Secretaria Acadêmica;Administrativa;Cloud Computing Fundamentals;PDS;INTERNO;EAD;19/06/2024;24/06/2024
10017/2024;10034;Madonna;Não;Coordenação de ADS;Acadêmica;Financial Management for IT;PDL;EXTERNO;PRESENCIAL;18/01/2024;22/01/2024
10043/2025;10010;Emma Stone;Não;SAA - Secretaria Acadêmica;Administrativa;IoT Solutions;PDS;INTERNO;EAD;10/06/2025;14/06/2025
10004/2024;10115;Green Lantern;Não;Coordenação de Banco de Dados;Acadêmica;Português Avançado para Profissionais;PDL;INTERNO;PRESENCIAL;18/02/2024;22/02/2024
10017/2024;10057;Jessica Alba;Não;Depto de Recursos Humanos;Administrativa;Financial Management for IT;PDL;EXTERNO;PRESENCIAL;17/09/2024;21/09/2024
10048/2025;10055;Anne Hathaway;Não;Coordenação de ADS;Acadêmica;Project Management Fundamentals;PDS;EXTERNO;PRESENCIAL;09/07/2025;14/07/2025
10008/2024;10082;Ingrid Bergman;Não;SAA - Secretaria Acadêmica;Administrativa;Change Management for Leaders;PDL;INTERNO;EAD;24/05/2024;28/05/2024
10015/2024;10018;Rihanna;Não;Coordenação de ADS;Acadêmica;Coordenação de Equipes;PDL;INTERNO;PRESENCIAL;04/06/2024;08/06/2024
10018/2024;10059;Alexa Chung;Não;Coordenação de ADS;Acadêmica;Microservices Architecture;PDS;EXTERNO;PRESENCIAL;26/03/2024;31/03/2024
10047/2025;10097;Sissy Spacek;Não;Depto de Recursos Humanos;Administrativa;Scrum Master Certification;PDS;INTERNO;EAD;26/01/2025;30/01/2025
10034/2025;10005;Charlize Theron;Sim;Coordenação de ADS;Acadêmica;Ortografia e Gramática para Escritório;PDL;INTERNO;EAD;04/09/2025;07/09/2025
10047/2025;10005;Charlize Theron;Sim;Coordenação de ADS;Acadêmica;Scrum Master Certification;PDS;INTERNO;EAD;10/06/2025;14/06/2025
10023/2024;10090;Brigitte Bardot;Não;SAA - Secretaria Acadêmica;Administrativa;Kubernetes Administration;PDS;EXTERNO;PRESENCIAL;02/08/2024;07/08/2024
10015/2024;10128;Tomás;Não;SAA - Secretaria Acadêmica;Administrativa;Coordenação de Equipes;PDL;INTERNO;PRESENCIAL;12/11/2024;16/11/2024
10001/2024;10102;Captain America;Não;Coordenação de Banco de Dados;Acadêmica;Cloud Computing Fundamentals;PDS;INTERNO;EAD;28/01/2024;02/02/2024
10031/2025;10077;Isabella Rossellini;Não;Depto de Recursos Humanos;Administrativa;Full Stack Development;PDS;INTERNO;EAD;22/09/2025;27/09/2025
10045/2025;10126;Lucas;Não;Coordenação de ADS;Acadêmica;Software Development Lifecycle;PDS;INTERNO;EAD;30/05/2025;04/06/2025
10005/2024;10122;Clemente;Não;Coordenação de ADS;Acadêmica;Redação Administrativa;PDL;INTERNO;EAD;16/09/2024;20/09/2024
10007/2024;10096;Frances Ford Coppola;Não;Coordenação de Banco de Dados;Acadêmica;Executive Decision Making;PDL;EXTERNO;PRESENCIAL;07/01/2024;11/01/2024
10019/2024;10117;Pedro;Não;SAA - Secretaria Acadêmica;Administrativa;Comunicação Escrita Efetiva;PDL;INTERNO;PRESENCIAL;12/06/2024;16/06/2024
10006/2024;10092;Faye Dunaway;Não;Coordenação de Banco de Dados;Acadêmica;Strategic Leadership;PDL;INTERNO;PRESENCIAL;05/12/2024;09/12/2024
10009/2024;10139;Stephen Hawking;Não;Coordenação de Banco de Dados;Acadêmica;Gestão Administrativa;PDL;EXTERNO;PRESENCIAL;19/04/2024;23/04/2024
10010/2024;10042;Nelly Furtado;Não;SAA - Secretaria Acadêmica;Administrativa;Liderança Situacional;PDL;INTERNO;EAD;17/12/2024;21/12/2024
10050/2026;10075;Cate Blanchett;Não;Coordenação de ADS;Acadêmica;Data Warehousing;PDS;EXTERNO;PRESENCIAL;11/07/2026;16/07/2026
10014/2024;10031;Julia Roberts;Não;Coordenação de ADS;Acadêmica;Network Security;PDS;EXTERNO;PRESENCIAL;26/12/2024;31/12/2024
10029/2024;10057;Jessica Alba;Não;Depto de Recursos Humanos;Administrativa;Java Development;PDS;INTERNO;EAD;10/12/2024;15/12/2024
10035/2025;10021;Dua Lipa;Não;Coordenação de Banco de Dados;Acadêmica;Mobile App Development;PDS;INTERNO;EAD;12/02/2025;17/02/2025
10035/2025;10101;Iron Man;Não;Coordenação de ADS;Acadêmica;Mobile App Development;PDS;INTERNO;EAD;29/10/2025;03/11/2025
10028/2024;10057;Jessica Alba;Não;Depto de Recursos Humanos;Administrativa;Português Técnico;PDL;EXTERNO;EAD;16/05/2024;20/05/2024
10006/2024;10021;Dua Lipa;Não;Coordenação de Banco de Dados;Acadêmica;Strategic Leadership;PDL;INTERNO;PRESENCIAL;22/12/2024;26/12/2024
10034/2025;10003;Paolla Oliveira;Não;SAA - Secretaria Acadêmica;Administrativa;Ortografia e Gramática para Escritório;PDL;INTERNO;EAD;19/10/2025;22/10/2025
10008/2024;10003;Paolla Oliveira;Não;SAA - Secretaria Acadêmica;Administrativa;Change Management for Leaders;PDL;INTERNO;EAD;19/12/2024;23/12/2024
10014/2024;10084;Marilyn Monroe;Não;Coordenação de Banco de Dados;Acadêmica;Network Security;PDS;EXTERNO;PRESENCIAL;20/06/2024;25/06/2024
10026/2024;10003;Paolla Oliveira;Não;SAA - Secretaria Acadêmica;Administrativa;Python Programming;PDS;EXTERNO;EAD;09/08/2024;14/08/2024
10019/2024;10092;Faye Dunaway;Não;Coordenação de Banco de Dados;Acadêmica;Comunicação Escrita Efetiva;PDL;INTERNO;PRESENCIAL;28/07/2024;01/08/2024
10003/2024;10130;Timóteo;Não;Depto de Recursos Humanos;Recursos Humanos;Machine Learning Essentials;PDS;INTERNO;EAD;29/03/2024;03/04/2024
10034/2025;10092;Faye Dunaway;Não;Coordenação de Banco de Dados;Acadêmica;Ortografia e Gramática para Escritório;PDL;INTERNO;EAD;17/10/2025;20/10/2025
10011/2024;10068;Claudia Schiffer;Não;Coordenação de Banco de Dados;Acadêmica;Data Science for Business;PDS;EXTERNO;PRESENCIAL;27/09/2024;02/10/2024
10016/2024;10079;Audrey Hepburn;Não;Coordenação de ADS;Acadêmica;Database Administration;PDS;INTERNO;EAD;09/09/2024;13/09/2024
10016/2024;10072;Kate Moss;Não;Coordenação de Banco de Dados;Acadêmica;Database Administration;PDS;INTERNO;EAD;26/07/2024;30/07/2024
10044/2025;10123;Mateus;Não;Depto Tecnológico;Tecnológica;5G Technology;PDS;EXTERNO;PRESENCIAL;03/09/2025;08/09/2025
10030/2024;10118;Simão;Não;Coordenação de ADS;Acadêmica;Supervisão e Liderança;PDL;EXTERNO;PRESENCIAL;14/12/2024;19/12/2024
10003/2024;10008;Angelina Jolie;Não;Coordenação de ADS;Acadêmica;Machine Learning Essentials;PDS;INTERNO;EAD;28/11/2024;03/12/2024
10017/2024;10038;Britney Spears;Não;SAA - Secretaria Acadêmica;Administrativa;Financial Management for IT;PDL;EXTERNO;PRESENCIAL;17/08/2024;21/08/2024
10046/2025;10041;Gwen Stefani;Não;Depto de Recursos Humanos;Administrativa;Agile Methodology;PDS;EXTERNO;PRESENCIAL;10/02/2025;14/02/2025
10010/2024;10007;Jennifer Aniston;Sim;Coordenação de ADS;Acadêmica;Liderança Situacional;PDL;INTERNO;EAD;04/09/2024;08/09/2024
10001/2024;10105;Hulk;Não;Coordenação de Banco de Dados;Acadêmica;Cloud Computing Fundamentals;PDS;INTERNO;EAD;29/09/2024;04/10/2024
10048/2025;10112;Batman;Não;Coordenação de Banco de Dados;Acadêmica;Project Management Fundamentals;PDS;EXTERNO;PRESENCIAL;22/08/2025;27/08/2025
10005/2024;10130;Timóteo;Não;Depto de Recursos Humanos;Recursos Humanos;Redação Administrativa;PDL;INTERNO;EAD;26/05/2024;30/05/2024
10034/2025;10026;Kim Kardashian;Sim;SAA - Secretaria Acadêmica;Administrativa;Ortografia e Gramática para Escritório;PDL;INTERNO;EAD;14/07/2025;17/07/2025
10029/2024;10084;Marilyn Monroe;Não;Coordenação de Banco de Dados;Acadêmica;Java Development;PDS;INTERNO;EAD;26/01/2024;31/01/2024
10018/2024;10041;Gwen Stefani;Não;Depto de Recursos Humanos;Administrativa;Microservices Architecture;PDS;EXTERNO;PRESENCIAL;07/02/2024;12/02/2024
10008/2024;10021;Dua Lipa;Não;Coordenação de Banco de Dados;Acadêmica;Change Management for Leaders;PDL;INTERNO;EAD;21/03/2024;25/03/2024
10019/2024;10054;Olivia Wilde;Não;SAA - Secretaria Acadêmica;Administrativa;Comunicação Escrita Efetiva;PDL;INTERNO;PRESENCIAL;09/02/2024;13/02/2024
10047/2025;10131;Santos Dumont;Não;Coordenação de ADS;Acadêmica;Scrum Master Certification;PDS;INTERNO;EAD;07/09/2025;11/09/2025
10017/2024;10105;Hulk;Não;Coordenação de Banco de Dados;Acadêmica;Financial Management for IT;PDL;EXTERNO;PRESENCIAL;19/08/2024;23/08/2024
10033/2025;10021;Dua Lipa;Não;Coordenação de Banco de Dados;Acadêmica;Web Development with React;PDS;EXTERNO;PRESENCIAL;28/08/2025;02/09/2025
10037/2025;10077;Isabella Rossellini;Não;Depto de Recursos Humanos;Administrativa;API Development and Design;PDS;EXTERNO;EAD;05/03/2025;09/03/2025
10046/2025;10111;Superman;Sim;Coordenação de ADS;Acadêmica;Agile Methodology;PDS;EXTERNO;PRESENCIAL;28/05/2025;01/06/2025
10049/2025;10095;Diane Keaton;Não;Coordenação de ADS;Acadêmica;IT Service Management;PDS;INTERNO;EAD;15/04/2025;19/04/2025
10015/2024;10127;André;Não;Depto de Recursos Humanos;Recursos Humanos;Coordenação de Equipes;PDL;INTERNO;PRESENCIAL;10/04/2024;14/04/2024
10020/2024;10034;Madonna;Não;Coordenação de ADS;Acadêmica;Administração de Recursos Humanos;PDL;INTERNO;EAD;21/07/2024;25/07/2024
10035/2025;10079;Audrey Hepburn;Não;Coordenação de ADS;Acadêmica;Mobile App Development;PDS;INTERNO;EAD;06/08/2025;11/08/2025
10038/2025;10103;Thor Odinson;Sim;Depto Tecnológico;Tecnológica;Planejamento Estratégico para Líderes;PDL;EXTERNO;PRESENCIAL;24/05/2025;29/05/2025
10002/2024;10023;Hailey Baldwin;Não;SAA - Secretaria Acadêmica;Administrativa;Cybersecurity Advanced;PDS;EXTERNO;PRESENCIAL;15/04/2024;19/04/2024
10016/2024;10137;Nikola Tesla;Não;Depto Tecnológico;Tecnológica;Database Administration;PDS;INTERNO;EAD;20/12/2024;24/12/2024
10005/2024;10018;Rihanna;Não;Coordenação de ADS;Acadêmica;Redação Administrativa;PDL;INTERNO;EAD;09/06/2024;13/06/2024
10049/2025;10033;Drew Barrymore;Não;SAA - Secretaria Acadêmica;Administrativa;IT Service Management;PDS;INTERNO;EAD;15/09/2025;19/09/2025
10006/2024;10035;Cher;Não;Depto de Recursos Humanos;Administrativa;Strategic Leadership;PDL;INTERNO;PRESENCIAL;08/10/2024;12/10/2024
10042/2025;10032;Cameron Diaz;Não;Coordenação de Banco de Dados;Acadêmica;Digital Transformation;PDS;EXTERNO;PRESENCIAL;21/07/2025;26/07/2025
10020/2024;10005;Charlize Theron;Sim;Coordenação de ADS;Acadêmica;Administração de Recursos Humanos;PDL;INTERNO;EAD;17/09/2024;21/09/2024
10040/2025;10050;Nicki Minaj;Não;SAA - Secretaria Acadêmica;Administrativa;Database Design and Optimization;PDS;INTERNO;PRESENCIAL;15/04/2025;20/04/2025
10033/2025;10096;Frances Ford Coppola;Não;Coordenação de Banco de Dados;Acadêmica;Web Development with React;PDS;EXTERNO;PRESENCIAL;18/08/2025;23/08/2025
10017/2024;10071;Christy Turlington;Não;Coordenação de ADS;Acadêmica;Financial Management for IT;PDL;EXTERNO;PRESENCIAL;06/06/2024;10/06/2024
10047/2025;10019;Taylor Swift;Não;Depto de Recursos Humanos;Administrativa;Scrum Master Certification;PDS;INTERNO;EAD;24/07/2025;28/07/2025
10030/2024;10054;Olivia Wilde;Não;SAA - Secretaria Acadêmica;Administrativa;Supervisão e Liderança;PDL;EXTERNO;PRESENCIAL;22/05/2024;27/05/2024
10016/2024;10003;Paolla Oliveira;Não;SAA - Secretaria Acadêmica;Administrativa;Database Administration;PDS;INTERNO;EAD;11/11/2024;15/11/2024
10024/2024;10008;Angelina Jolie;Não;Coordenação de ADS;Acadêmica;Gestão de Processos;PDL;INTERNO;EAD;18/01/2024;23/01/2024
10005/2024;10034;Madonna;Não;Coordenação de ADS;Acadêmica;Redação Administrativa;PDL;INTERNO;EAD;25/09/2024;29/09/2024
10005/2024;10009;Scarlett Johansson;Não;Coordenação de Banco de Dados;Acadêmica;Redação Administrativa;PDL;INTERNO;EAD;13/06/2024;17/06/2024
10047/2025;10056;Amy Adams;Não;Coordenação de Banco de Dados;Acadêmica;Scrum Master Certification;PDS;INTERNO;EAD;27/06/2025;01/07/2025
10040/2025;10083;Grace Kelly;Não;Coordenação de ADS;Acadêmica;Database Design and Optimization;PDS;INTERNO;PRESENCIAL;23/12/2025;28/12/2025
10003/2024;10059;Alexa Chung;Não;Coordenação de ADS;Acadêmica;Machine Learning Essentials;PDS;INTERNO;EAD;06/08/2024;11/08/2024
10047/2025;10106;Spider-Man;Não;Depto Tecnológico;Tecnológica;Scrum Master Certification;PDS;INTERNO;EAD;22/12/2025;26/12/2025
10029/2024;10017;Zendaya;Não;Coordenação de ADS;Acadêmica;Java Development;PDS;INTERNO;EAD;11/06/2024;16/06/2024
10010/2024;10030;Sandra Bullock;Não;Depto de Recursos Humanos;Administrativa;Liderança Situacional;PDL;INTERNO;EAD;06/11/2024;10/11/2024
10013/2024;10118;Simão;Não;Coordenação de ADS;Acadêmica;Emotional Intelligence for Executives;PDL;INTERNO;EAD;24/11/2024;28/11/2024
10015/2024;10070;Linda Evangelista;Não;SAA - Secretaria Acadêmica;Administrativa;Coordenação de Equipes;PDL;INTERNO;PRESENCIAL;11/10/2024;15/10/2024
10004/2024;10113;Wonder Woman;Não;Coordenação de ADS;Acadêmica;Português Avançado para Profissionais;PDL;INTERNO;PRESENCIAL;31/01/2024;04/02/2024
10006/2024;10018;Rihanna;Não;Coordenação de ADS;Acadêmica;Strategic Leadership;PDL;INTERNO;PRESENCIAL;14/02/2024;18/02/2024
10030/2024;10027;Beyonce Knowles;Não;Coordenação de ADS;Acadêmica;Supervisão e Liderança;PDL;EXTERNO;PRESENCIAL;15/03/2024;20/03/2024
10043/2025;10075;Cate Blanchett;Não;Coordenação de ADS;Acadêmica;IoT Solutions;PDS;INTERNO;EAD;21/03/2025;25/03/2025
10017/2024;10136;Albert Einstein;Não;Depto Tecnológico;Tecnológica;Financial Management for IT;PDL;EXTERNO;PRESENCIAL;07/09/2024;11/09/2024
10046/2025;10042;Nelly Furtado;Não;SAA - Secretaria Acadêmica;Administrativa;Agile Methodology;PDS;EXTERNO;PRESENCIAL;29/04/2025;03/05/2025
10040/2025;10102;Captain America;Não;Coordenação de Banco de Dados;Acadêmica;Database Design and Optimization;PDS;INTERNO;PRESENCIAL;31/05/2025;05/06/2025
10033/2025;10089;Jeanne Moreau;Não;Depto de Recursos Humanos;Administrativa;Web Development with React;PDS;EXTERNO;PRESENCIAL;19/08/2025;24/08/2025
10030/2024;10061;Gigi Hadid;Não;Depto de Recursos Humanos;Administrativa;Supervisão e Liderança;PDL;EXTERNO;PRESENCIAL;06/10/2024;11/10/2024
10019/2024;10110;Paulo;Não;Depto Tecnológico;Tecnológica;Comunicação Escrita Efetiva;PDL;INTERNO;PRESENCIAL;27/07/2024;31/07/2024
10013/2024;10014;Natalie Portman;Sim;Coordenação de ADS;Acadêmica;Emotional Intelligence for Executives;PDL;INTERNO;EAD;02/04/2024;06/04/2024
10009/2024;10019;Taylor Swift;Não;Depto de Recursos Humanos;Administrativa;Gestão Administrativa;PDL;EXTERNO;PRESENCIAL;23/11/2024;27/11/2024
10012/2024;10007;Jennifer Aniston;Sim;Coordenação de ADS;Acadêmica;Team Building and Collaboration;PDL;INTERNO;PRESENCIAL;10/02/2024;13/02/2024
10006/2024;10029;Ellen DeGeneres;Não;Coordenação de Banco de Dados;Acadêmica;Strategic Leadership;PDL;INTERNO;PRESENCIAL;08/04/2024;12/04/2024
10047/2025;10139;Stephen Hawking;Não;Coordenação de Banco de Dados;Acadêmica;Scrum Master Certification;PDS;INTERNO;EAD;12/08/2025;16/08/2025
10012/2024;10081;Vivien Leigh;Não;Depto de Recursos Humanos;Administrativa;Team Building and Collaboration;PDL;INTERNO;PRESENCIAL;13/10/2024;16/10/2024
10043/2025;10078;Sophia Loren;Não;SAA - Secretaria Acadêmica;Administrativa;IoT Solutions;PDS;INTERNO;EAD;25/08/2025;29/08/2025
10025/2024;10007;Jennifer Aniston;Sim;Coordenação de ADS;Acadêmica;Enterprise Architecture;PDL;INTERNO;PRESENCIAL;05/09/2024;10/09/2024
10018/2024;10039;Christina Aguilera;Não;Coordenação de Banco de Dados;Acadêmica;Microservices Architecture;PDS;EXTERNO;PRESENCIAL;31/12/2024;05/01/2025
10047/2025;10017;Zendaya;Não;Coordenação de ADS;Acadêmica;Scrum Master Certification;PDS;INTERNO;EAD;19/04/2025;23/04/2025
10044/2025;10112;Batman;Não;Coordenação de Banco de Dados;Acadêmica;5G Technology;PDS;EXTERNO;PRESENCIAL;01/09/2025;06/09/2025
10039/2025;10055;Anne Hathaway;Não;Coordenação de ADS;Acadêmica;Governance and Compliance;PDL;INTERNO;EAD;17/05/2025;21/05/2025
10042/2025;10006;Kate Beckinsale;Não;Coordenação de Banco de Dados;Acadêmica;Digital Transformation;PDS;EXTERNO;PRESENCIAL;05/02/2025;10/02/2025
10002/2024;10109;Felipe;Não;Depto Tecnológico;Tecnológica;Cybersecurity Advanced;PDS;EXTERNO;PRESENCIAL;10/08/2024;14/08/2024
10016/2024;10038;Britney Spears;Não;SAA - Secretaria Acadêmica;Administrativa;Database Administration;PDS;INTERNO;EAD;13/03/2024;17/03/2024
10024/2024;10039;Christina Aguilera;Não;Coordenação de Banco de Dados;Acadêmica;Gestão de Processos;PDL;INTERNO;EAD;17/07/2024;22/07/2024
10027/2024;10126;Lucas;Não;Coordenação de ADS;Acadêmica;Desenvolvimento de Líderes;PDL;INTERNO;PRESENCIAL;12/05/2024;16/05/2024
10037/2025;10032;Cameron Diaz;Não;Coordenação de Banco de Dados;Acadêmica;API Development and Design;PDS;EXTERNO;EAD;21/09/2025;25/09/2025
10030/2024;10059;Alexa Chung;Não;Coordenação de ADS;Acadêmica;Supervisão e Liderança;PDL;EXTERNO;PRESENCIAL;18/04/2024;23/04/2024
10003/2024;10138;Marie Curie;Não;Depto de Recursos Humanos;Administrativa;Machine Learning Essentials;PDS;INTERNO;EAD;27/07/2024;01/08/2024
10037/2025;10061;Gigi Hadid;Não;Depto de Recursos Humanos;Administrativa;API Development and Design;PDS;EXTERNO;EAD;22/08/2025;26/08/2025
10025/2024;10025;Kylie Jenner;Não;Depto de Recursos Humanos;Administrativa;Enterprise Architecture;PDL;INTERNO;PRESENCIAL;21/10/2024;26/10/2024
10026/2024;10074;Rachel Weisz;Não;SAA - Secretaria Acadêmica;Administrativa;Python Programming;PDS;EXTERNO;EAD;18/09/2024;23/09/2024
10019/2024;10015;Amber Heard;Não;Depto de Recursos Humanos;Administrativa;Comunicação Escrita Efetiva;PDL;INTERNO;PRESENCIAL;12/11/2024;16/11/2024
10019/2024;10012;Gal Gadot;Não;Coordenação de ADS;Acadêmica;Comunicação Escrita Efetiva;PDL;INTERNO;PRESENCIAL;19/04/2024;23/04/2024
10038/2025;10077;Isabella Rossellini;Não;Depto de Recursos Humanos;Administrativa;Planejamento Estratégico para Líderes;PDL;EXTERNO;PRESENCIAL;07/04/2025;12/04/2025
10008/2024;10020;Ariana Grande;Não;SAA - Secretaria Acadêmica;Administrativa;Change Management for Leaders;PDL;INTERNO;EAD;23/02/2024;27/02/2024
10017/2024;10044;Adele;Sim;Coordenação de ADS;Acadêmica;Financial Management for IT;PDL;EXTERNO;PRESENCIAL;15/08/2024;19/08/2024
10005/2024;10017;Zendaya;Não;Coordenação de ADS;Acadêmica;Redação Administrativa;PDL;INTERNO;EAD;22/07/2024;26/07/2024
10044/2025;10002;Isabela Fontana;Não;Coordenação de Banco de Dados;Acadêmica;5G Technology;PDS;EXTERNO;PRESENCIAL;04/07/2025;09/07/2025
10007/2024;10117;Pedro;Não;SAA - Secretaria Acadêmica;Administrativa;Executive Decision Making;PDL;EXTERNO;PRESENCIAL;23/10/2024;27/10/2024
10003/2024;10108;Black Panther;Sim;Coordenação de Banco de Dados;Acadêmica;Machine Learning Essentials;PDS;INTERNO;EAD;07/05/2024;12/05/2024
10039/2025;10001;Jennifer Lopez;Não;Coordenação de ADS;Acadêmica;Governance and Compliance;PDL;INTERNO;EAD;22/10/2025;26/10/2025
10014/2024;10071;Christy Turlington;Não;Coordenação de ADS;Acadêmica;Network Security;PDS;EXTERNO;PRESENCIAL;11/04/2024;16/04/2024
10019/2024;10129;Barnabé;Não;SAA - Secretaria Acadêmica;Administrativa;Comunicação Escrita Efetiva;PDL;INTERNO;PRESENCIAL;16/10/2024;20/10/2024
10030/2024;10117;Pedro;Não;SAA - Secretaria Acadêmica;Administrativa;Supervisão e Liderança;PDL;EXTERNO;PRESENCIAL;25/09/2024;30/09/2024
10029/2024;10032;Cameron Diaz;Não;Coordenação de Banco de Dados;Acadêmica;Java Development;PDS;INTERNO;EAD;05/11/2024;10/11/2024
10049/2025;10014;Natalie Portman;Sim;Coordenação de ADS;Acadêmica;IT Service Management;PDS;INTERNO;EAD;25/08/2025;29/08/2025
10021/2024;10059;Alexa Chung;Não;Coordenação de ADS;Acadêmica;Container Technology with Docker;PDS;INTERNO;EAD;19/08/2024;24/08/2024
10021/2024;10029;Ellen DeGeneres;Não;Coordenação de Banco de Dados;Acadêmica;Container Technology with Docker;PDS;INTERNO;EAD;06/01/2024;11/01/2024
10011/2024;10020;Ariana Grande;Não;SAA - Secretaria Acadêmica;Administrativa;Data Science for Business;PDS;EXTERNO;PRESENCIAL;26/01/2024;31/01/2024
10021/2024;10009;Scarlett Johansson;Não;Coordenação de Banco de Dados;Acadêmica;Container Technology with Docker;PDS;INTERNO;EAD;20/12/2024;25/12/2024
10025/2024;10074;Rachel Weisz;Não;SAA - Secretaria Acadêmica;Administrativa;Enterprise Architecture;PDL;INTERNO;PRESENCIAL;18/08/2024;23/08/2024
10045/2025;10033;Drew Barrymore;Não;SAA - Secretaria Acadêmica;Administrativa;Software Development Lifecycle;PDS;INTERNO;EAD;26/07/2025;31/07/2025
10040/2025;10075;Cate Blanchett;Não;Coordenação de ADS;Acadêmica;Database Design and Optimization;PDS;INTERNO;PRESENCIAL;05/08/2025;10/08/2025
10045/2025;10122;Clemente;Não;Coordenação de ADS;Acadêmica;Software Development Lifecycle;PDS;INTERNO;EAD;28/07/2025;02/08/2025
10020/2024;10128;Tomás;Não;SAA - Secretaria Acadêmica;Administrativa;Administração de Recursos Humanos;PDL;INTERNO;EAD;15/04/2024;19/04/2024
10030/2024;10099;Bette Davis;Não;Coordenação de ADS;Acadêmica;Supervisão e Liderança;PDL;EXTERNO;PRESENCIAL;26/03/2024;31/03/2024
10002/2024;10013;Blake Lively;Não;Coordenação de Banco de Dados;Acadêmica;Cybersecurity Advanced;PDS;EXTERNO;PRESENCIAL;05/07/2024;09/07/2024
10003/2024;10003;Paolla Oliveira;Não;SAA - Secretaria Acadêmica;Administrativa;Machine Learning Essentials;PDS;INTERNO;EAD;08/06/2024;13/06/2024
10025/2024;10083;Grace Kelly;Não;Coordenação de ADS;Acadêmica;Enterprise Architecture;PDL;INTERNO;PRESENCIAL;10/04/2024;15/04/2024
10025/2024;10025;Kylie Jenner;Não;Depto de Recursos Humanos;Administrativa;Enterprise Architecture;PDL;INTERNO;PRESENCIAL;29/11/2024;04/12/2024
10019/2024;10020;Ariana Grande;Não;SAA - Secretaria Acadêmica;Administrativa;Comunicação Escrita Efetiva;PDL;INTERNO;PRESENCIAL;23/07/2024;27/07/2024
10010/2024;10089;Jeanne Moreau;Não;Depto de Recursos Humanos;Administrativa;Liderança Situacional;PDL;INTERNO;EAD;25/04/2024;29/04/2024
10009/2024;10002;Isabela Fontana;Não;Coordenação de Banco de Dados;Acadêmica;Gestão Administrativa;PDL;EXTERNO;PRESENCIAL;12/03/2024;16/03/2024
10003/2024;10049;Katy Perry;Não;Depto de Recursos Humanos;Administrativa;Machine Learning Essentials;PDS;INTERNO;EAD;16/03/2024;21/03/2024
10025/2024;10121;Bartolomeu;Não;Coordenação de Banco de Dados;Acadêmica;Enterprise Architecture;PDL;INTERNO;PRESENCIAL;05/04/2024;10/04/2024
10014/2024;10022;Billie Eilish;Não;Depto de Recursos Humanos;Administrativa;Network Security;PDS;EXTERNO;PRESENCIAL;23/03/2024;28/03/2024
10031/2025;10035;Cher;Não;Depto de Recursos Humanos;Administrativa;Full Stack Development;PDS;INTERNO;EAD;14/10/2025;19/10/2025
10043/2025;10025;Kylie Jenner;Não;Depto de Recursos Humanos;Administrativa;IoT Solutions;PDS;INTERNO;EAD;09/06/2025;13/06/2025
10040/2025;10082;Ingrid Bergman;Não;SAA - Secretaria Acadêmica;Administrativa;Database Design and Optimization;PDS;INTERNO;PRESENCIAL;06/02/2025;11/02/2025
10012/2024;10059;Alexa Chung;Não;Coordenação de ADS;Acadêmica;Team Building and Collaboration;PDL;INTERNO;PRESENCIAL;25/12/2024;28/12/2024
10010/2024;10129;Barnabé;Não;SAA - Secretaria Acadêmica;Administrativa;Liderança Situacional;PDL;INTERNO;EAD;12/09/2024;16/09/2024
10016/2024;10122;Clemente;Não;Coordenação de ADS;Acadêmica;Database Administration;PDS;INTERNO;EAD;26/04/2024;30/04/2024
10018/2024;10086;Ava Gardner;Não;SAA - Secretaria Acadêmica;Administrativa;Microservices Architecture;PDS;EXTERNO;PRESENCIAL;17/12/2024;22/12/2024
10007/2024;10007;Jennifer Aniston;Sim;Coordenação de ADS;Acadêmica;Executive Decision Making;PDL;EXTERNO;PRESENCIAL;16/04/2024;20/04/2024
10011/2024;10117;Pedro;Não;SAA - Secretaria Acadêmica;Administrativa;Data Science for Business;PDS;EXTERNO;PRESENCIAL;27/02/2024;03/03/2024
10002/2024;10001;Jennifer Lopez;Não;Coordenação de ADS;Acadêmica;Cybersecurity Advanced;PDS;EXTERNO;PRESENCIAL;19/11/2024;23/11/2024
10028/2024;10033;Drew Barrymore;Não;SAA - Secretaria Acadêmica;Administrativa;Português Técnico;PDL;EXTERNO;EAD;15/04/2024;19/04/2024
10042/2025;10099;Bette Davis;Não;Coordenação de ADS;Acadêmica;Digital Transformation;PDS;EXTERNO;PRESENCIAL;20/02/2025;25/02/2025
10023/2024;10076;Tilda Swinton;Não;Coordenação de Banco de Dados;Acadêmica;Kubernetes Administration;PDS;EXTERNO;PRESENCIAL;12/10/2024;17/10/2024
10047/2025;10051;Cardi B;Não;Coordenação de ADS;Acadêmica;Scrum Master Certification;PDS;INTERNO;EAD;12/10/2025;16/10/2025
10024/2024;10009;Scarlett Johansson;Não;Coordenação de Banco de Dados;Acadêmica;Gestão de Processos;PDL;INTERNO;EAD;25/11/2024;30/11/2024
10011/2024;10016;Meghan Markle;Não;SAA - Secretaria Acadêmica;Administrativa;Data Science for Business;PDS;EXTERNO;PRESENCIAL;07/08/2024;12/08/2024
10010/2024;10096;Frances Ford Coppola;Não;Coordenação de Banco de Dados;Acadêmica;Liderança Situacional;PDL;INTERNO;EAD;27/03/2024;31/03/2024
10045/2025;10024;Kendall Jenner;Não;Coordenação de ADS;Acadêmica;Software Development Lifecycle;PDS;INTERNO;EAD;23/04/2025;28/04/2025
10038/2025;10021;Dua Lipa;Não;Coordenação de Banco de Dados;Acadêmica;Planejamento Estratégico para Líderes;PDL;EXTERNO;PRESENCIAL;21/08/2025;26/08/2025
10034/2025;10103;Thor Odinson;Sim;Depto Tecnológico;Tecnológica;Ortografia e Gramática para Escritório;PDL;INTERNO;EAD;06/09/2025;09/09/2025
10012/2024;10083;Grace Kelly;Não;Coordenação de ADS;Acadêmica;Team Building and Collaboration;PDL;INTERNO;PRESENCIAL;15/02/2024;18/02/2024
10001/2024;10098;Jessica Tandy;Não;SAA - Secretaria Acadêmica;Administrativa;Cloud Computing Fundamentals;PDS;INTERNO;EAD;27/03/2024;01/04/2024
10017/2024;10030;Sandra Bullock;Não;Depto de Recursos Humanos;Administrativa;Financial Management for IT;PDL;EXTERNO;PRESENCIAL;24/06/2024;28/06/2024
10014/2024;10077;Isabella Rossellini;Não;Depto de Recursos Humanos;Administrativa;Network Security;PDS;EXTERNO;PRESENCIAL;08/05/2024;13/05/2024
10008/2024;10129;Barnabé;Não;SAA - Secretaria Acadêmica;Administrativa;Change Management for Leaders;PDL;INTERNO;EAD;08/03/2024;12/03/2024
10035/2025;10073;Naomi Watts;Não;Depto de Recursos Humanos;Administrativa;Mobile App Development;PDS;INTERNO;EAD;10/08/2025;15/08/2025
10030/2024;10001;Jennifer Lopez;Não;Coordenação de ADS;Acadêmica;Supervisão e Liderança;PDL;EXTERNO;PRESENCIAL;25/06/2024;30/06/2024
10048/2025;10081;Vivien Leigh;Não;Depto de Recursos Humanos;Administrativa;Project Management Fundamentals;PDS;EXTERNO;PRESENCIAL;14/05/2025;19/05/2025
10043/2025;10053;Halsey;Não;Depto de Recursos Humanos;Administrativa;IoT Solutions;PDS;INTERNO;EAD;06/02/2025;10/02/2025
10034/2025;10134;Galileo Galilei;Sim;Coordenação de Banco de Dados;Acadêmica;Ortografia e Gramática para Escritório;PDL;INTERNO;EAD;21/12/2025;24/12/2025
10001/2024;10079;Audrey Hepburn;Não;Coordenação de ADS;Acadêmica;Cloud Computing Fundamentals;PDS;INTERNO;EAD;20/02/2024;25/02/2024
10005/2024;10117;Pedro;Não;SAA - Secretaria Acadêmica;Administrativa;Redação Administrativa;PDL;INTERNO;EAD;13/09/2024;17/09/2024
10043/2025;10063;Emily Ratajkowski;Não;Coordenação de ADS;Acadêmica;IoT Solutions;PDS;INTERNO;EAD;10/04/2025;14/04/2025
10034/2025;10068;Claudia Schiffer;Não;Coordenação de Banco de Dados;Acadêmica;Ortografia e Gramática para Escritório;PDL;INTERNO;EAD;27/08/2025;30/08/2025
10016/2024;10119;João;Não;Depto Tecnológico;Tecnológica;Database Administration;PDS;INTERNO;EAD;27/01/2024;31/01/2024
10025/2024;10011;Margot Robbie;Não;SAA - Secretaria Acadêmica;Administrativa;Enterprise Architecture;PDL;INTERNO;PRESENCIAL;05/11/2024;10/11/2024
10029/2024;10050;Nicki Minaj;Não;SAA - Secretaria Acadêmica;Administrativa;Java Development;PDS;INTERNO;EAD;23/05/2024;28/05/2024
10017/2024;10056;Amy Adams;Não;Coordenação de Banco de Dados;Acadêmica;Financial Management for IT;PDL;EXTERNO;PRESENCIAL;15/04/2024;19/04/2024
10034/2025;10038;Britney Spears;Não;SAA - Secretaria Acadêmica;Administrativa;Ortografia e Gramática para Escritório;PDL;INTERNO;EAD;09/08/2025;12/08/2025
10025/2024;10135;Isaac Newton;Sim;Coordenação de ADS;Acadêmica;Enterprise Architecture;PDL;INTERNO;PRESENCIAL;06/08/2024;11/08/2024
10005/2024;10076;Tilda Swinton;Não;Coordenação de Banco de Dados;Acadêmica;Redação Administrativa;PDL;INTERNO;EAD;05/10/2024;09/10/2024
10022/2024;10027;Beyonce Knowles;Não;Coordenação de ADS;Acadêmica;CIO Strategic Planning;PDL;EXTERNO;PRESENCIAL;24/07/2024;29/07/2024
10025/2024;10042;Nelly Furtado;Não;SAA - Secretaria Acadêmica;Administrativa;Enterprise Architecture;PDL;INTERNO;PRESENCIAL;17/04/2024;22/04/2024
10016/2024;10017;Zendaya;Não;Coordenação de ADS;Acadêmica;Database Administration;PDS;INTERNO;EAD;08/06/2024;12/06/2024
10035/2025;10131;Santos Dumont;Não;Coordenação de ADS;Acadêmica;Mobile App Development;PDS;INTERNO;EAD;21/10/2025;26/10/2025
10010/2024;10024;Kendall Jenner;Não;Coordenação de ADS;Acadêmica;Liderança Situacional;PDL;INTERNO;EAD;17/07/2024;21/07/2024
10026/2024;10116;Aquaman;Não;Depto de Recursos Humanos;Recursos Humanos;Python Programming;PDS;EXTERNO;EAD;04/11/2024;09/11/2024
10001/2024;10080;Grace Jones;Não;Coordenação de Banco de Dados;Acadêmica;Cloud Computing Fundamentals;PDS;INTERNO;EAD;16/04/2024;21/04/2024
10006/2024;10058;Eva Mendes;Não;SAA - Secretaria Acadêmica;Administrativa;Strategic Leadership;PDL;INTERNO;PRESENCIAL;30/08/2024;03/09/2024
10028/2024;10010;Emma Stone;Não;SAA - Secretaria Acadêmica;Administrativa;Português Técnico;PDL;EXTERNO;EAD;12/11/2024;16/11/2024
10002/2024;10050;Nicki Minaj;Não;SAA - Secretaria Acadêmica;Administrativa;Cybersecurity Advanced;PDS;EXTERNO;PRESENCIAL;22/07/2024;26/07/2024
10034/2025;10100;Joan Fontaine;Não;Coordenação de Banco de Dados;Acadêmica;Ortografia e Gramática para Escritório;PDL;INTERNO;EAD;27/07/2025;30/07/2025
10030/2024;10013;Blake Lively;Não;Coordenação de Banco de Dados;Acadêmica;Supervisão e Liderança;PDL;EXTERNO;PRESENCIAL;24/03/2024;29/03/2024
10016/2024;10124;Estêvão;Sim;Depto Tecnológico;Tecnológica;Database Administration;PDS;INTERNO;EAD;13/11/2024;17/11/2024
10016/2024;10055;Anne Hathaway;Não;Coordenação de ADS;Acadêmica;Database Administration;PDS;INTERNO;EAD;07/11/2024;11/11/2024
10043/2025;10124;Estêvão;Sim;Depto Tecnológico;Tecnológica;IoT Solutions;PDS;INTERNO;EAD;03/08/2025;07/08/2025
10014/2024;10066;Naomi Campbell;Sim;SAA - Secretaria Acadêmica;Administrativa;Network Security;PDS;EXTERNO;PRESENCIAL;16/11/2024;21/11/2024
10003/2024;10037;Celine Dion;Não;Coordenação de ADS;Acadêmica;Machine Learning Essentials;PDS;INTERNO;EAD;13/05/2024;18/05/2024
10009/2024;10023;Hailey Baldwin;Não;SAA - Secretaria Acadêmica;Administrativa;Gestão Administrativa;PDL;EXTERNO;PRESENCIAL;23/08/2024;27/08/2024
10042/2025;10051;Cardi B;Não;Coordenação de ADS;Acadêmica;Digital Transformation;PDS;EXTERNO;PRESENCIAL;25/07/2025;30/07/2025
10010/2024;10001;Jennifer Lopez;Não;Coordenação de ADS;Acadêmica;Liderança Situacional;PDL;INTERNO;EAD;21/07/2024;25/07/2024
10003/2024;10059;Alexa Chung;Não;Coordenação de ADS;Acadêmica;Machine Learning Essentials;PDS;INTERNO;EAD;10/06/2024;15/06/2024
10009/2024;10098;Jessica Tandy;Não;SAA - Secretaria Acadêmica;Administrativa;Gestão Administrativa;PDL;EXTERNO;PRESENCIAL;07/05/2024;11/05/2024
10038/2025;10040;Shakira;Não;Coordenação de ADS;Acadêmica;Planejamento Estratégico para Líderes;PDL;EXTERNO;PRESENCIAL;25/09/2025;30/09/2025
10024/2024;10067;Tyra Banks;Não;Coordenação de ADS;Acadêmica;Gestão de Processos;PDL;INTERNO;EAD;09/02/2024;14/02/2024
10050/2026;10108;Black Panther;Sim;Coordenação de Banco de Dados;Acadêmica;Data Warehousing;PDS;EXTERNO;PRESENCIAL;17/10/2026;22/10/2026
10039/2025;10091;Jacqueline Bisset;Não;Coordenação de ADS;Acadêmica;Governance and Compliance;PDL;INTERNO;EAD;20/11/2025;24/11/2025
10019/2024;10036;Mariah Carey;Não;Coordenação de ADS;Acadêmica;Comunicação Escrita Efetiva;PDL;INTERNO;PRESENCIAL;18/12/2024;22/12/2024
10015/2024;10010;Emma Stone;Não;SAA - Secretaria Acadêmica;Administrativa;Coordenação de Equipes;PDL;INTERNO;PRESENCIAL;06/10/2024;10/10/2024
10044/2025;10015;Amber Heard;Não;Depto de Recursos Humanos;Administrativa;5G Technology;PDS;EXTERNO;PRESENCIAL;17/10/2025;22/10/2025
10043/2025;10026;Kim Kardashian;Sim;SAA - Secretaria Acadêmica;Administrativa;IoT Solutions;PDS;INTERNO;EAD;07/11/2025;11/11/2025
10024/2024;10017;Zendaya;Não;Coordenação de ADS;Acadêmica;Gestão de Processos;PDL;INTERNO;EAD;17/08/2024;22/08/2024
10018/2024;10003;Paolla Oliveira;Não;SAA - Secretaria Acadêmica;Administrativa;Microservices Architecture;PDS;EXTERNO;PRESENCIAL;08/03/2024;13/03/2024
10006/2024;10081;Vivien Leigh;Não;Depto de Recursos Humanos;Administrativa;Strategic Leadership;PDL;INTERNO;PRESENCIAL;08/07/2024;12/07/2024
10047/2025;10058;Eva Mendes;Não;SAA - Secretaria Acadêmica;Administrativa;Scrum Master Certification;PDS;INTERNO;EAD;29/08/2025;02/09/2025
10001/2024;10005;Charlize Theron;Sim;Coordenação de ADS;Acadêmica;Cloud Computing Fundamentals;PDS;INTERNO;EAD;14/03/2024;19/03/2024
10028/2024;10094;Meryl Streep;Sim;SAA - Secretaria Acadêmica;Administrativa;Português Técnico;PDL;EXTERNO;EAD;17/06/2024;21/06/2024
10027/2024;10088;Rita Hayworth;Não;Coordenação de Banco de Dados;Acadêmica;Desenvolvimento de Líderes;PDL;INTERNO;PRESENCIAL;10/03/2024;14/03/2024
10029/2024;10084;Marilyn Monroe;Não;Coordenação de Banco de Dados;Acadêmica;Java Development;PDS;INTERNO;EAD;22/08/2024;27/08/2024
10014/2024;10104;Tiago;Não;Coordenação de ADS;Acadêmica;Network Security;PDS;EXTERNO;PRESENCIAL;17/08/2024;22/08/2024
10035/2025;10109;Felipe;Não;Depto Tecnológico;Tecnológica;Mobile App Development;PDS;INTERNO;EAD;24/12/2025;29/12/2025
10003/2024;10015;Amber Heard;Não;Depto de Recursos Humanos;Administrativa;Machine Learning Essentials;PDS;INTERNO;EAD;21/03/2024;26/03/2024
10034/2025;10009;Scarlett Johansson;Não;Coordenação de Banco de Dados;Acadêmica;Ortografia e Gramática para Escritório;PDL;INTERNO;EAD;25/04/2025;28/04/2025
10029/2024;10070;Linda Evangelista;Não;SAA - Secretaria Acadêmica;Administrativa;Java Development;PDS;INTERNO;EAD;23/05/2024;28/05/2024
10003/2024;10053;Halsey;Não;Depto de Recursos Humanos;Administrativa;Machine Learning Essentials;PDS;INTERNO;EAD;24/05/2024;29/05/2024
10046/2025;10074;Rachel Weisz;Não;SAA - Secretaria Acadêmica;Administrativa;Agile Methodology;PDS;EXTERNO;PRESENCIAL;17/05/2025;21/05/2025
10038/2025;10098;Jessica Tandy;Não;SAA - Secretaria Acadêmica;Administrativa;Planejamento Estratégico para Líderes;PDL;EXTERNO;PRESENCIAL;05/05/2025;10/05/2025
10036/2025;10034;Madonna;Não;Coordenação de ADS;Acadêmica;Gestão de Conflitos no Ambiente Corporativo;PDL;INTERNO;PRESENCIAL;28/11/2025;02/12/2025
10019/2024;10079;Audrey Hepburn;Não;Coordenação de ADS;Acadêmica;Comunicação Escrita Efetiva;PDL;INTERNO;PRESENCIAL;29/11/2024;03/12/2024
10033/2025;10033;Drew Barrymore;Não;SAA - Secretaria Acadêmica;Administrativa;Web Development with React;PDS;EXTERNO;PRESENCIAL;26/04/2025;01/05/2025
10030/2024;10080;Grace Jones;Não;Coordenação de Banco de Dados;Acadêmica;Supervisão e Liderança;PDL;EXTERNO;PRESENCIAL;29/08/2024;03/09/2024
10029/2024;10121;Bartolomeu;Não;Coordenação de Banco de Dados;Acadêmica;Java Development;PDS;INTERNO;EAD;18/04/2024;23/04/2024
10050/2026;10069;Cindy Crawford;Não;Depto de Recursos Humanos;Administrativa;Data Warehousing;PDS;EXTERNO;PRESENCIAL;09/10/2026;14/10/2026
10018/2024;10048;Lady Gaga;Não;Coordenação de ADS;Acadêmica;Microservices Architecture;PDS;EXTERNO;PRESENCIAL;04/12/2024;09/12/2024
10046/2025;10026;Kim Kardashian;Sim;SAA - Secretaria Acadêmica;Administrativa;Agile Methodology;PDS;EXTERNO;PRESENCIAL;18/07/2025;22/07/2025
10025/2024;10136;Albert Einstein;Não;Depto Tecnológico;Tecnológica;Enterprise Architecture;PDL;INTERNO;PRESENCIAL;14/02/2024;19/02/2024
10021/2024;10008;Angelina Jolie;Não;Coordenação de ADS;Acadêmica;Container Technology with Docker;PDS;INTERNO;EAD;07/03/2024;12/03/2024
10027/2024;10120;Jesus Emanuel;Não;Depto Tecnológico;Tecnológica;Desenvolvimento de Líderes;PDL;INTERNO;PRESENCIAL;18/07/2024;22/07/2024
10049/2025;10030;Sandra Bullock;Não;Depto de Recursos Humanos;Administrativa;IT Service Management;PDS;INTERNO;EAD;18/01/2025;22/01/2025
10042/2025;10028;Oprah Winfrey;Sim;Coordenação de ADS;Acadêmica;Digital Transformation;PDS;EXTERNO;PRESENCIAL;09/08/2025;14/08/2025
10044/2025;10023;Hailey Baldwin;Não;SAA - Secretaria Acadêmica;Administrativa;5G Technology;PDS;EXTERNO;PRESENCIAL;22/12/2025;27/12/2025
10034/2025;10026;Kim Kardashian;Sim;SAA - Secretaria Acadêmica;Administrativa;Ortografia e Gramática para Escritório;PDL;INTERNO;EAD;09/09/2025;12/09/2025
10036/2025;10128;Tomás;Não;SAA - Secretaria Acadêmica;Administrativa;Gestão de Conflitos no Ambiente Corporativo;PDL;INTERNO;PRESENCIAL;07/05/2025;11/05/2025
10039/2025;10120;Jesus Emanuel;Não;Depto Tecnológico;Tecnológica;Governance and Compliance;PDL;INTERNO;EAD;29/03/2025;02/04/2025
10004/2024;10068;Claudia Schiffer;Não;Coordenação de Banco de Dados;Acadêmica;Português Avançado para Profissionais;PDL;INTERNO;PRESENCIAL;27/06/2024;01/07/2024
10017/2024;10082;Ingrid Bergman;Não;SAA - Secretaria Acadêmica;Administrativa;Financial Management for IT;PDL;EXTERNO;PRESENCIAL;24/04/2024;28/04/2024
10026/2024;10085;Joan Crawford;Não;Depto de Recursos Humanos;Administrativa;Python Programming;PDS;EXTERNO;EAD;03/04/2024;08/04/2024
10027/2024;10073;Naomi Watts;Não;Depto de Recursos Humanos;Administrativa;Desenvolvimento de Líderes;PDL;INTERNO;PRESENCIAL;03/07/2024;07/07/2024
10050/2026;10102;Captain America;Não;Coordenação de Banco de Dados;Acadêmica;Data Warehousing;PDS;EXTERNO;PRESENCIAL;16/09/2026;21/09/2026
10039/2025;10008;Angelina Jolie;Não;Coordenação de ADS;Acadêmica;Governance and Compliance;PDL;INTERNO;EAD;20/10/2025;24/10/2025
10040/2025;10106;Spider-Man;Não;Depto Tecnológico;Tecnológica;Database Design and Optimization;PDS;INTERNO;PRESENCIAL;05/07/2025;10/07/2025
10039/2025;10024;Kendall Jenner;Não;Coordenação de ADS;Acadêmica;Governance and Compliance;PDL;INTERNO;EAD;24/07/2025;28/07/2025
10038/2025;10093;Jessica Lange;Não;Depto de Recursos Humanos;Administrativa;Planejamento Estratégico para Líderes;PDL;EXTERNO;PRESENCIAL;10/08/2025;15/08/2025
10046/2025;10032;Cameron Diaz;Não;Coordenação de Banco de Dados;Acadêmica;Agile Methodology;PDS;EXTERNO;PRESENCIAL;28/06/2025;02/07/2025
10049/2025;10032;Cameron Diaz;Não;Coordenação de Banco de Dados;Acadêmica;IT Service Management;PDS;INTERNO;EAD;28/09/2025;02/10/2025
10038/2025;10023;Hailey Baldwin;Não;SAA - Secretaria Acadêmica;Administrativa;Planejamento Estratégico para Líderes;PDL;EXTERNO;PRESENCIAL;12/06/2025;17/06/2025
10049/2025;10027;Beyonce Knowles;Não;Coordenação de ADS;Acadêmica;IT Service Management;PDS;INTERNO;EAD;01/01/2026;05/01/2026
10001/2024;10095;Diane Keaton;Não;Coordenação de ADS;Acadêmica;Cloud Computing Fundamentals;PDS;INTERNO;EAD;15/03/2024;20/03/2024
10039/2025;10005;Charlize Theron;Sim;Coordenação de ADS;Acadêmica;Governance and Compliance;PDL;INTERNO;EAD;15/09/2025;19/09/2025
10019/2024;10130;Timóteo;Não;Depto de Recursos Humanos;Recursos Humanos;Comunicação Escrita Efetiva;PDL;INTERNO;PRESENCIAL;01/03/2024;05/03/2024
10002/2024;10063;Emily Ratajkowski;Não;Coordenação de ADS;Acadêmica;Cybersecurity Advanced;PDS;EXTERNO;PRESENCIAL;22/05/2024;26/05/2024
10031/2025;10123;Mateus;Não;Depto Tecnológico;Tecnológica;Full Stack Development;PDS;INTERNO;EAD;29/05/2025;03/06/2025
10023/2024;10087;Elizabeth Taylor;Não;Coordenação de ADS;Acadêmica;Kubernetes Administration;PDS;EXTERNO;PRESENCIAL;13/01/2024;18/01/2024
10001/2024;10002;Isabela Fontana;Não;Coordenação de Banco de Dados;Acadêmica;Cloud Computing Fundamentals;PDS;INTERNO;EAD;25/12/2024;30/12/2024
10031/2025;10099;Bette Davis;Não;Coordenação de ADS;Acadêmica;Full Stack Development;PDS;INTERNO;EAD;25/01/2025;30/01/2025
10037/2025;10062;Bella Hadid;Não;SAA - Secretaria Acadêmica;Administrativa;API Development and Design;PDS;EXTERNO;EAD;28/07/2025;01/08/2025
10006/2024;10025;Kylie Jenner;Não;Depto de Recursos Humanos;Administrativa;Strategic Leadership;PDL;INTERNO;PRESENCIAL;13/02/2024;17/02/2024
10006/2024;10016;Meghan Markle;Não;SAA - Secretaria Acadêmica;Administrativa;Strategic Leadership;PDL;INTERNO;PRESENCIAL;19/09/2024;23/09/2024
10043/2025;10030;Sandra Bullock;Não;Depto de Recursos Humanos;Administrativa;IoT Solutions;PDS;INTERNO;EAD;03/05/2025;07/05/2025
10026/2024;10104;Tiago;Não;Coordenação de ADS;Acadêmica;Python Programming;PDS;EXTERNO;EAD;23/11/2024;28/11/2024
10041/2025;10041;Gwen Stefani;Não;Depto de Recursos Humanos;Administrativa;Motivação e Engajamento de Equipes;PDL;INTERNO;EAD;22/01/2025;26/01/2025
10021/2024;10095;Diane Keaton;Não;Coordenação de ADS;Acadêmica;Container Technology with Docker;PDS;INTERNO;EAD;25/01/2024;30/01/2024
10021/2024;10007;Jennifer Aniston;Sim;Coordenação de ADS;Acadêmica;Container Technology with Docker;PDS;INTERNO;EAD;26/10/2024;31/10/2024
10032/2025;10124;Estêvão;Sim;Depto Tecnológico;Tecnológica;Transformational Leadership;PDL;EXTERNO;PRESENCIAL;30/09/2025;05/10/2025
10042/2025;10085;Joan Crawford;Não;Depto de Recursos Humanos;Administrativa;Digital Transformation;PDS;EXTERNO;PRESENCIAL;11/01/2025;16/01/2025
10035/2025;10054;Olivia Wilde;Não;SAA - Secretaria Acadêmica;Administrativa;Mobile App Development;PDS;INTERNO;EAD;20/08/2025;25/08/2025
10030/2024;10133;Michelangelo;Não;Coordenação de ADS;Acadêmica;Supervisão e Liderança;PDL;EXTERNO;PRESENCIAL;03/07/2024;08/07/2024
10041/2025;10112;Batman;Não;Coordenação de Banco de Dados;Acadêmica;Motivação e Engajamento de Equipes;PDL;INTERNO;EAD;24/07/2025;28/07/2025
10030/2024;10049;Katy Perry;Não;Depto de Recursos Humanos;Administrativa;Supervisão e Liderança;PDL;EXTERNO;PRESENCIAL;12/02/2024;17/02/2024
10038/2025;10126;Lucas;Não;Coordenação de ADS;Acadêmica;Planejamento Estratégico para Líderes;PDL;EXTERNO;PRESENCIAL;21/03/2025;26/03/2025
10021/2024;10078;Sophia Loren;Não;SAA - Secretaria Acadêmica;Administrativa;Container Technology with Docker;PDS;INTERNO;EAD;26/01/2024;31/01/2024
10049/2025;10009;Scarlett Johansson;Não;Coordenação de Banco de Dados;Acadêmica;IT Service Management;PDS;INTERNO;EAD;09/05/2025;13/05/2025
10009/2024;10012;Gal Gadot;Não;Coordenação de ADS;Acadêmica;Gestão Administrativa;PDL;EXTERNO;PRESENCIAL;05/04/2024;09/04/2024
10009/2024;10101;Iron Man;Não;Coordenação de ADS;Acadêmica;Gestão Administrativa;PDL;EXTERNO;PRESENCIAL;14/01/2024;18/01/2024
10047/2025;10118;Simão;Não;Coordenação de ADS;Acadêmica;Scrum Master Certification;PDS;INTERNO;EAD;12/03/2025;16/03/2025
10050/2026;10130;Timóteo;Não;Depto de Recursos Humanos;Recursos Humanos;Data Warehousing;PDS;EXTERNO;PRESENCIAL;22/09/2026;27/09/2026
10004/2024;10064;Cara Delevingne;Não;Coordenação de Banco de Dados;Acadêmica;Português Avançado para Profissionais;PDL;INTERNO;PRESENCIAL;18/01/2024;22/01/2024
10031/2025;10129;Barnabé;Não;SAA - Secretaria Acadêmica;Administrativa;Full Stack Development;PDS;INTERNO;EAD;26/09/2025;01/10/2025
10015/2024;10115;Green Lantern;Não;Coordenação de Banco de Dados;Acadêmica;Coordenação de Equipes;PDL;INTERNO;PRESENCIAL;02/03/2024;06/03/2024
10045/2025;10014;Natalie Portman;Sim;Coordenação de ADS;Acadêmica;Software Development Lifecycle;PDS;INTERNO;EAD;09/05/2025;14/05/2025
10048/2025;10025;Kylie Jenner;Não;Depto de Recursos Humanos;Administrativa;Project Management Fundamentals;PDS;EXTERNO;PRESENCIAL;20/01/2025;25/01/2025
10043/2025;10012;Gal Gadot;Não;Coordenação de ADS;Acadêmica;IoT Solutions;PDS;INTERNO;EAD;16/06/2025;20/06/2025
10046/2025;10036;Mariah Carey;Não;Coordenação de ADS;Acadêmica;Agile Methodology;PDS;EXTERNO;PRESENCIAL;28/09/2025;02/10/2025
10043/2025;10009;Scarlett Johansson;Não;Coordenação de Banco de Dados;Acadêmica;IoT Solutions;PDS;INTERNO;EAD;26/07/2025;30/07/2025
10012/2024;10025;Kylie Jenner;Não;Depto de Recursos Humanos;Administrativa;Team Building and Collaboration;PDL;INTERNO;PRESENCIAL;05/07/2024;08/07/2024
10028/2024;10051;Cardi B;Não;Coordenação de ADS;Acadêmica;Português Técnico;PDL;EXTERNO;EAD;22/06/2024;26/06/2024
10002/2024;10097;Sissy Spacek;Não;Depto de Recursos Humanos;Administrativa;Cybersecurity Advanced;PDS;EXTERNO;PRESENCIAL;15/07/2024;19/07/2024
10007/2024;10128;Tomás;Não;SAA - Secretaria Acadêmica;Administrativa;Executive Decision Making;PDL;EXTERNO;PRESENCIAL;13/07/2024;17/07/2024
10042/2025;10001;Jennifer Lopez;Não;Coordenação de ADS;Acadêmica;Digital Transformation;PDS;EXTERNO;PRESENCIAL;24/08/2025;29/08/2025
10026/2024;10042;Nelly Furtado;Não;SAA - Secretaria Acadêmica;Administrativa;Python Programming;PDS;EXTERNO;EAD;17/05/2024;22/05/2024
10020/2024;10045;Sam Smith;Não;Depto de Recursos Humanos;Administrativa;Administração de Recursos Humanos;PDL;INTERNO;EAD;29/07/2024;02/08/2024
10033/2025;10075;Cate Blanchett;Não;Coordenação de ADS;Acadêmica;Web Development with React;PDS;EXTERNO;PRESENCIAL;11/10/2025;16/10/2025
10031/2025;10097;Sissy Spacek;Não;Depto de Recursos Humanos;Administrativa;Full Stack Development;PDS;INTERNO;EAD;26/08/2025;31/08/2025
10033/2025;10077;Isabella Rossellini;Não;Depto de Recursos Humanos;Administrativa;Web Development with React;PDS;EXTERNO;PRESENCIAL;06/07/2025;11/07/2025
10040/2025;10098;Jessica Tandy;Não;SAA - Secretaria Acadêmica;Administrativa;Database Design and Optimization;PDS;INTERNO;PRESENCIAL;13/10/2025;18/10/2025
10008/2024;10090;Brigitte Bardot;Não;SAA - Secretaria Acadêmica;Administrativa;Change Management for Leaders;PDL;INTERNO;EAD;29/12/2024;02/01/2025
10028/2024;10086;Ava Gardner;Não;SAA - Secretaria Acadêmica;Administrativa;Português Técnico;PDL;EXTERNO;EAD;05/11/2024;09/11/2024
10026/2024;10011;Margot Robbie;Não;SAA - Secretaria Acadêmica;Administrativa;Python Programming;PDS;EXTERNO;EAD;12/01/2024;17/01/2024
10037/2025;10090;Brigitte Bardot;Não;SAA - Secretaria Acadêmica;Administrativa;API Development and Design;PDS;EXTERNO;EAD;07/11/2025;11/11/2025
10008/2024;10034;Madonna;Não;Coordenação de ADS;Acadêmica;Change Management for Leaders;PDL;INTERNO;EAD;23/03/2024;27/03/2024
10013/2024;10023;Hailey Baldwin;Não;SAA - Secretaria Acadêmica;Administrativa;Emotional Intelligence for Executives;PDL;INTERNO;EAD;29/11/2024;03/12/2024
10028/2024;10024;Kendall Jenner;Não;Coordenação de ADS;Acadêmica;Português Técnico;PDL;EXTERNO;EAD;21/02/2024;25/02/2024
10024/2024;10071;Christy Turlington;Não;Coordenação de ADS;Acadêmica;Gestão de Processos;PDL;INTERNO;EAD;22/07/2024;27/07/2024
10017/2024;10129;Barnabé;Não;SAA - Secretaria Acadêmica;Administrativa;Financial Management for IT;PDL;EXTERNO;PRESENCIAL;23/12/2024;27/12/2024
10023/2024;10002;Isabela Fontana;Não;Coordenação de Banco de Dados;Acadêmica;Kubernetes Administration;PDS;EXTERNO;PRESENCIAL;07/02/2024;12/02/2024
10035/2025;10110;Paulo;Não;Depto Tecnológico;Tecnológica;Mobile App Development;PDS;INTERNO;EAD;15/07/2025;20/07/2025
10029/2024;10108;Black Panther;Sim;Coordenação de Banco de Dados;Acadêmica;Java Development;PDS;INTERNO;EAD;20/05/2024;25/05/2024
10046/2025;10115;Green Lantern;Não;Coordenação de Banco de Dados;Acadêmica;Agile Methodology;PDS;EXTERNO;PRESENCIAL;17/08/2025;21/08/2025
10041/2025;10090;Brigitte Bardot;Não;SAA - Secretaria Acadêmica;Administrativa;Motivação e Engajamento de Equipes;PDL;INTERNO;EAD;13/06/2025;17/06/2025
10028/2024;10040;Shakira;Não;Coordenação de ADS;Acadêmica;Português Técnico;PDL;EXTERNO;EAD;06/03/2024;10/03/2024
10005/2024;10092;Faye Dunaway;Não;Coordenação de Banco de Dados;Acadêmica;Redação Administrativa;PDL;INTERNO;EAD;27/10/2024;31/10/2024
10012/2024;10096;Frances Ford Coppola;Não;Coordenação de Banco de Dados;Acadêmica;Team Building and Collaboration;PDL;INTERNO;PRESENCIAL;07/11/2024;10/11/2024
10018/2024;10030;Sandra Bullock;Não;Depto de Recursos Humanos;Administrativa;Microservices Architecture;PDS;EXTERNO;PRESENCIAL;26/07/2024;31/07/2024
10021/2024;10103;Thor Odinson;Sim;Depto Tecnológico;Tecnológica;Container Technology with Docker;PDS;INTERNO;EAD;23/07/2024;28/07/2024
10048/2025;10013;Blake Lively;Não;Coordenação de Banco de Dados;Acadêmica;Project Management Fundamentals;PDS;EXTERNO;PRESENCIAL;02/07/2025;07/07/2025
10012/2024;10085;Joan Crawford;Não;Depto de Recursos Humanos;Administrativa;Team Building and Collaboration;PDL;INTERNO;PRESENCIAL;25/10/2024;28/10/2024
10007/2024;10139;Stephen Hawking;Não;Coordenação de Banco de Dados;Acadêmica;Executive Decision Making;PDL;EXTERNO;PRESENCIAL;12/06/2024;16/06/2024
10029/2024;10100;Joan Fontaine;Não;Coordenação de Banco de Dados;Acadêmica;Java Development;PDS;INTERNO;EAD;12/09/2024;17/09/2024
10015/2024;10062;Bella Hadid;Não;SAA - Secretaria Acadêmica;Administrativa;Coordenação de Equipes;PDL;INTERNO;PRESENCIAL;18/04/2024;22/04/2024
10041/2025;10006;Kate Beckinsale;Não;Coordenação de Banco de Dados;Acadêmica;Motivação e Engajamento de Equipes;PDL;INTERNO;EAD;11/12/2025;15/12/2025
10014/2024;10140;Carl Sagan;Não;Coordenação de ADS;Acadêmica;Network Security;PDS;EXTERNO;PRESENCIAL;01/04/2024;06/04/2024
10038/2025;10016;Meghan Markle;Não;SAA - Secretaria Acadêmica;Administrativa;Planejamento Estratégico para Líderes;PDL;EXTERNO;PRESENCIAL;05/03/2025;10/03/2025
10033/2025;10010;Emma Stone;Não;SAA - Secretaria Acadêmica;Administrativa;Web Development with React;PDS;EXTERNO;PRESENCIAL;05/03/2025;10/03/2025
10033/2025;10037;Celine Dion;Não;Coordenação de ADS;Acadêmica;Web Development with React;PDS;EXTERNO;PRESENCIAL;05/12/2025;10/12/2025
10036/2025;10060;Karlie Kloss;Não;Coordenação de Banco de Dados;Acadêmica;Gestão de Conflitos no Ambiente Corporativo;PDL;INTERNO;PRESENCIAL;05/11/2025;09/11/2025
10031/2025;10052;Lizzo;Não;Coordenação de Banco de Dados;Acadêmica;Full Stack Development;PDS;INTERNO;EAD;11/04/2025;16/04/2025
10027/2024;10015;Amber Heard;Não;Depto de Recursos Humanos;Administrativa;Desenvolvimento de Líderes;PDL;INTERNO;PRESENCIAL;07/06/2024;11/06/2024
10024/2024;10115;Green Lantern;Não;Coordenação de Banco de Dados;Acadêmica;Gestão de Processos;PDL;INTERNO;EAD;14/07/2024;19/07/2024
10047/2025;10010;Emma Stone;Não;SAA - Secretaria Acadêmica;Administrativa;Scrum Master Certification;PDS;INTERNO;EAD;09/07/2025;13/07/2025
10033/2025;10113;Wonder Woman;Não;Coordenação de ADS;Acadêmica;Web Development with React;PDS;EXTERNO;PRESENCIAL;28/09/2025;03/10/2025
10047/2025;10065;Irina Shayk;Não;Depto de Recursos Humanos;Administrativa;Scrum Master Certification;PDS;INTERNO;EAD;10/05/2025;14/05/2025
10023/2024;10057;Jessica Alba;Não;Depto de Recursos Humanos;Administrativa;Kubernetes Administration;PDS;EXTERNO;PRESENCIAL;06/06/2024;11/06/2024
10016/2024;10050;Nicki Minaj;Não;SAA - Secretaria Acadêmica;Administrativa;Database Administration;PDS;INTERNO;EAD;20/02/2024;24/02/2024
10047/2025;10131;Santos Dumont;Não;Coordenação de ADS;Acadêmica;Scrum Master Certification;PDS;INTERNO;EAD;09/01/2025;13/01/2025
10035/2025;10049;Katy Perry;Não;Depto de Recursos Humanos;Administrativa;Mobile App Development;PDS;INTERNO;EAD;10/06/2025;15/06/2025
10028/2024;10102;Captain America;Não;Coordenação de Banco de Dados;Acadêmica;Português Técnico;PDL;EXTERNO;EAD;20/09/2024;24/09/2024
10032/2025;10001;Jennifer Lopez;Não;Coordenação de ADS;Acadêmica;Transformational Leadership;PDL;EXTERNO;PRESENCIAL;14/10/2025;19/10/2025
10009/2024;10093;Jessica Lange;Não;Depto de Recursos Humanos;Administrativa;Gestão Administrativa;PDL;EXTERNO;PRESENCIAL;22/09/2024;26/09/2024
10005/2024;10095;Diane Keaton;Não;Coordenação de ADS;Acadêmica;Redação Administrativa;PDL;INTERNO;EAD;18/05/2024;22/05/2024
10017/2024;10001;Jennifer Lopez;Não;Coordenação de ADS;Acadêmica;Financial Management for IT;PDL;EXTERNO;PRESENCIAL;20/03/2024;24/03/2024
10038/2025;10137;Nikola Tesla;Não;Depto Tecnológico;Tecnológica;Planejamento Estratégico para Líderes;PDL;EXTERNO;PRESENCIAL;12/03/2025;17/03/2025
10010/2024;10104;Tiago;Não;Coordenação de ADS;Acadêmica;Liderança Situacional;PDL;INTERNO;EAD;05/04/2024;09/04/2024
10033/2025;10104;Tiago;Não;Coordenação de ADS;Acadêmica;Web Development with React;PDS;EXTERNO;PRESENCIAL;15/11/2025;20/11/2025
10026/2024;10136;Albert Einstein;Não;Depto Tecnológico;Tecnológica;Python Programming;PDS;EXTERNO;EAD;28/11/2024;03/12/2024
10004/2024;10053;Halsey;Não;Depto de Recursos Humanos;Administrativa;Português Avançado para Profissionais;PDL;INTERNO;PRESENCIAL;25/01/2024;29/01/2024
10012/2024;10033;Drew Barrymore;Não;SAA - Secretaria Acadêmica;Administrativa;Team Building and Collaboration;PDL;INTERNO;PRESENCIAL;17/04/2024;20/04/2024
10018/2024;10067;Tyra Banks;Não;Coordenação de ADS;Acadêmica;Microservices Architecture;PDS;EXTERNO;PRESENCIAL;29/07/2024;03/08/2024
10006/2024;10080;Grace Jones;Não;Coordenação de Banco de Dados;Acadêmica;Strategic Leadership;PDL;INTERNO;PRESENCIAL;21/05/2024;25/05/2024
10013/2024;10010;Emma Stone;Não;SAA - Secretaria Acadêmica;Administrativa;Emotional Intelligence for Executives;PDL;INTERNO;EAD;26/07/2024;30/07/2024
10046/2025;10040;Shakira;Não;Coordenação de ADS;Acadêmica;Agile Methodology;PDS;EXTERNO;PRESENCIAL;17/04/2025;21/04/2025
10019/2024;10041;Gwen Stefani;Não;Depto de Recursos Humanos;Administrativa;Comunicação Escrita Efetiva;PDL;INTERNO;PRESENCIAL;22/05/2024;26/05/2024
10020/2024;10062;Bella Hadid;Não;SAA - Secretaria Acadêmica;Administrativa;Administração de Recursos Humanos;PDL;INTERNO;EAD;01/10/2024;05/10/2024
10006/2024;10057;Jessica Alba;Não;Depto de Recursos Humanos;Administrativa;Strategic Leadership;PDL;INTERNO;PRESENCIAL;10/09/2024;14/09/2024
10042/2025;10030;Sandra Bullock;Não;Depto de Recursos Humanos;Administrativa;Digital Transformation;PDS;EXTERNO;PRESENCIAL;07/06/2025;12/06/2025
10044/2025;10081;Vivien Leigh;Não;Depto de Recursos Humanos;Administrativa;5G Technology;PDS;EXTERNO;PRESENCIAL;17/02/2025;22/02/2025
10020/2024;10053;Halsey;Não;Depto de Recursos Humanos;Administrativa;Administração de Recursos Humanos;PDL;INTERNO;EAD;20/10/2024;24/10/2024
10047/2025;10002;Isabela Fontana;Não;Coordenação de Banco de Dados;Acadêmica;Scrum Master Certification;PDS;INTERNO;EAD;18/11/2025;22/11/2025
10008/2024;10102;Captain America;Não;Coordenação de Banco de Dados;Acadêmica;Change Management for Leaders;PDL;INTERNO;EAD;17/12/2024;21/12/2024
10035/2025;10078;Sophia Loren;Não;SAA - Secretaria Acadêmica;Administrativa;Mobile App Development;PDS;INTERNO;EAD;15/12/2025;20/12/2025
10049/2025;10124;Estêvão;Sim;Depto Tecnológico;Tecnológica;IT Service Management;PDS;INTERNO;EAD;22/09/2025;26/09/2025
10045/2025;10125;Marcos;Não;Coordenação de Banco de Dados;Acadêmica;Software Development Lifecycle;PDS;INTERNO;EAD;31/05/2025;05/06/2025
10011/2024;10105;Hulk;Não;Coordenação de Banco de Dados;Acadêmica;Data Science for Business;PDS;EXTERNO;PRESENCIAL;30/01/2024;04/02/2024
10023/2024;10117;Pedro;Não;SAA - Secretaria Acadêmica;Administrativa;Kubernetes Administration;PDS;EXTERNO;PRESENCIAL;19/11/2024;24/11/2024
10030/2024;10011;Margot Robbie;Não;SAA - Secretaria Acadêmica;Administrativa;Supervisão e Liderança;PDL;EXTERNO;PRESENCIAL;07/05/2024;12/05/2024
10021/2024;10029;Ellen DeGeneres;Não;Coordenação de Banco de Dados;Acadêmica;Container Technology with Docker;PDS;INTERNO;EAD;12/01/2024;17/01/2024
10027/2024;10087;Elizabeth Taylor;Não;Coordenação de ADS;Acadêmica;Desenvolvimento de Líderes;PDL;INTERNO;PRESENCIAL;18/02/2024;22/02/2024
10035/2025;10116;Aquaman;Não;Depto de Recursos Humanos;Recursos Humanos;Mobile App Development;PDS;INTERNO;EAD;03/12/2025;08/12/2025
10044/2025;10038;Britney Spears;Não;SAA - Secretaria Acadêmica;Administrativa;5G Technology;PDS;EXTERNO;PRESENCIAL;20/02/2025;25/02/2025
10009/2024;10032;Cameron Diaz;Não;Coordenação de Banco de Dados;Acadêmica;Gestão Administrativa;PDL;EXTERNO;PRESENCIAL;13/07/2024;17/07/2024
10037/2025;10138;Marie Curie;Não;Depto de Recursos Humanos;Administrativa;API Development and Design;PDS;EXTERNO;EAD;11/08/2025;15/08/2025
10038/2025;10092;Faye Dunaway;Não;Coordenação de Banco de Dados;Acadêmica;Planejamento Estratégico para Líderes;PDL;EXTERNO;PRESENCIAL;18/08/2025;23/08/2025
10021/2024;10062;Bella Hadid;Não;SAA - Secretaria Acadêmica;Administrativa;Container Technology with Docker;PDS;INTERNO;EAD;09/03/2024;14/03/2024
10050/2026;10075;Cate Blanchett;Não;Coordenação de ADS;Acadêmica;Data Warehousing;PDS;EXTERNO;PRESENCIAL;05/02/2026;10/02/2026
10008/2024;10035;Cher;Não;Depto de Recursos Humanos;Administrativa;Change Management for Leaders;PDL;INTERNO;EAD;24/05/2024;28/05/2024
10031/2025;10020;Ariana Grande;Não;SAA - Secretaria Acadêmica;Administrativa;Full Stack Development;PDS;INTERNO;EAD;13/12/2025;18/12/2025
10009/2024;10031;Julia Roberts;Não;Coordenação de ADS;Acadêmica;Gestão Administrativa;PDL;EXTERNO;PRESENCIAL;23/04/2024;27/04/2024
10033/2025;10107;Doctor Strange;Não;Coordenação de ADS;Acadêmica;Web Development with React;PDS;EXTERNO;PRESENCIAL;19/01/2025;24/01/2025
10039/2025;10114;The Flash;Não;Depto Tecnológico;Tecnológica;Governance and Compliance;PDL;INTERNO;EAD;13/12/2025;17/12/2025
10033/2025;10081;Vivien Leigh;Não;Depto de Recursos Humanos;Administrativa;Web Development with React;PDS;EXTERNO;PRESENCIAL;15/10/2025;20/10/2025
10007/2024;10091;Jacqueline Bisset;Não;Coordenação de ADS;Acadêmica;Executive Decision Making;PDL;EXTERNO;PRESENCIAL;09/05/2024;13/05/2024
10007/2024;10021;Dua Lipa;Não;Coordenação de Banco de Dados;Acadêmica;Executive Decision Making;PDL;EXTERNO;PRESENCIAL;28/01/2024;01/02/2024
10010/2024;10028;Oprah Winfrey;Sim;Coordenação de ADS;Acadêmica;Liderança Situacional;PDL;INTERNO;EAD;12/12/2024;16/12/2024
10045/2025;10091;Jacqueline Bisset;Não;Coordenação de ADS;Acadêmica;Software Development Lifecycle;PDS;INTERNO;EAD;22/10/2025;27/10/2025
10017/2024;10113;Wonder Woman;Não;Coordenação de ADS;Acadêmica;Financial Management for IT;PDL;EXTERNO;PRESENCIAL;18/08/2024;22/08/2024
10001/2024;10082;Ingrid Bergman;Não;SAA - Secretaria Acadêmica;Administrativa;Cloud Computing Fundamentals;PDS;INTERNO;EAD;18/08/2024;23/08/2024
10033/2025;10099;Bette Davis;Não;Coordenação de ADS;Acadêmica;Web Development with React;PDS;EXTERNO;PRESENCIAL;07/10/2025;12/10/2025
10029/2024;10098;Jessica Tandy;Não;SAA - Secretaria Acadêmica;Administrativa;Java Development;PDS;INTERNO;EAD;29/11/2024;04/12/2024
10024/2024;10025;Kylie Jenner;Não;Depto de Recursos Humanos;Administrativa;Gestão de Processos;PDL;INTERNO;EAD;29/06/2024;04/07/2024
10022/2024;10057;Jessica Alba;Não;Depto de Recursos Humanos;Administrativa;CIO Strategic Planning;PDL;EXTERNO;PRESENCIAL;07/05/2024;12/05/2024
10048/2025;10082;Ingrid Bergman;Não;SAA - Secretaria Acadêmica;Administrativa;Project Management Fundamentals;PDS;EXTERNO;PRESENCIAL;12/02/2025;17/02/2025
10027/2024;10052;Lizzo;Não;Coordenação de Banco de Dados;Acadêmica;Desenvolvimento de Líderes;PDL;INTERNO;PRESENCIAL;10/05/2024;14/05/2024
10011/2024;10122;Clemente;Não;Coordenação de ADS;Acadêmica;Data Science for Business;PDS;EXTERNO;PRESENCIAL;19/06/2024;24/06/2024
10044/2025;10005;Charlize Theron;Sim;Coordenação de ADS;Acadêmica;5G Technology;PDS;EXTERNO;PRESENCIAL;28/11/2025;03/12/2025
10046/2025;10092;Faye Dunaway;Não;Coordenação de Banco de Dados;Acadêmica;Agile Methodology;PDS;EXTERNO;PRESENCIAL;17/09/2025;21/09/2025
10025/2024;10070;Linda Evangelista;Não;SAA - Secretaria Acadêmica;Administrativa;Enterprise Architecture;PDL;INTERNO;PRESENCIAL;30/09/2024;05/10/2024
10001/2024;10084;Marilyn Monroe;Não;Coordenação de Banco de Dados;Acadêmica;Cloud Computing Fundamentals;PDS;INTERNO;EAD;13/10/2024;18/10/2024
10032/2025;10106;Spider-Man;Não;Depto Tecnológico;Tecnológica;Transformational Leadership;PDL;EXTERNO;PRESENCIAL;10/08/2025;15/08/2025
10002/2024;10048;Lady Gaga;Não;Coordenação de ADS;Acadêmica;Cybersecurity Advanced;PDS;EXTERNO;PRESENCIAL;07/11/2024;11/11/2024
10004/2024;10029;Ellen DeGeneres;Não;Coordenação de Banco de Dados;Acadêmica;Português Avançado para Profissionais;PDL;INTERNO;PRESENCIAL;06/09/2024;10/09/2024
10009/2024;10115;Green Lantern;Não;Coordenação de Banco de Dados;Acadêmica;Gestão Administrativa;PDL;EXTERNO;PRESENCIAL;11/11/2024;15/11/2024
10037/2025;10003;Paolla Oliveira;Não;SAA - Secretaria Acadêmica;Administrativa;API Development and Design;PDS;EXTERNO;EAD;17/11/2025;21/11/2025
10031/2025;10030;Sandra Bullock;Não;Depto de Recursos Humanos;Administrativa;Full Stack Development;PDS;INTERNO;EAD;30/03/2025;04/04/2025
10023/2024;10109;Felipe;Não;Depto Tecnológico;Tecnológica;Kubernetes Administration;PDS;EXTERNO;PRESENCIAL;28/11/2024;03/12/2024
10033/2025;10133;Michelangelo;Não;Coordenação de ADS;Acadêmica;Web Development with React;PDS;EXTERNO;PRESENCIAL;01/05/2025;06/05/2025
10011/2024;10029;Ellen DeGeneres;Não;Coordenação de Banco de Dados;Acadêmica;Data Science for Business;PDS;EXTERNO;PRESENCIAL;28/05/2024;02/06/2024
10049/2025;10085;Joan Crawford;Não;Depto de Recursos Humanos;Administrativa;IT Service Management;PDS;INTERNO;EAD;28/07/2025;01/08/2025
10025/2024;10109;Felipe;Não;Depto Tecnológico;Tecnológica;Enterprise Architecture;PDL;INTERNO;PRESENCIAL;30/06/2024;05/07/2024
10028/2024;10061;Gigi Hadid;Não;Depto de Recursos Humanos;Administrativa;Português Técnico;PDL;EXTERNO;EAD;21/04/2024;25/04/2024
10038/2025;10036;Mariah Carey;Não;Coordenação de ADS;Acadêmica;Planejamento Estratégico para Líderes;PDL;EXTERNO;PRESENCIAL;23/11/2025;28/11/2025
10033/2025;10014;Natalie Portman;Sim;Coordenação de ADS;Acadêmica;Web Development with React;PDS;EXTERNO;PRESENCIAL;30/12/2025;04/01/2026
10040/2025;10028;Oprah Winfrey;Sim;Coordenação de ADS;Acadêmica;Database Design and Optimization;PDS;INTERNO;PRESENCIAL;13/05/2025;18/05/2025
10044/2025;10060;Karlie Kloss;Não;Coordenação de Banco de Dados;Acadêmica;5G Technology;PDS;EXTERNO;PRESENCIAL;06/02/2025;11/02/2025
10026/2024;10111;Superman;Sim;Coordenação de ADS;Acadêmica;Python Programming;PDS;EXTERNO;EAD;15/05/2024;20/05/2024
10022/2024;10084;Marilyn Monroe;Não;Coordenação de Banco de Dados;Acadêmica;CIO Strategic Planning;PDL;EXTERNO;PRESENCIAL;05/12/2024;10/12/2024
10044/2025;10076;Tilda Swinton;Não;Coordenação de Banco de Dados;Acadêmica;5G Technology;PDS;EXTERNO;PRESENCIAL;12/09/2025;17/09/2025
10045/2025;10119;João;Não;Depto Tecnológico;Tecnológica;Software Development Lifecycle;PDS;INTERNO;EAD;14/09/2025;19/09/2025
10007/2024;10018;Rihanna;Não;Coordenação de ADS;Acadêmica;Executive Decision Making;PDL;EXTERNO;PRESENCIAL;23/03/2024;27/03/2024
10004/2024;10112;Batman;Não;Coordenação de Banco de Dados;Acadêmica;Português Avançado para Profissionais;PDL;INTERNO;PRESENCIAL;10/12/2024;14/12/2024
10023/2024;10021;Dua Lipa;Não;Coordenação de Banco de Dados;Acadêmica;Kubernetes Administration;PDS;EXTERNO;PRESENCIAL;24/11/2024;29/11/2024
10018/2024;10080;Grace Jones;Não;Coordenação de Banco de Dados;Acadêmica;Microservices Architecture;PDS;EXTERNO;PRESENCIAL;28/03/2024;02/04/2024
10042/2025;10020;Ariana Grande;Não;SAA - Secretaria Acadêmica;Administrativa;Digital Transformation;PDS;EXTERNO;PRESENCIAL;11/06/2025;16/06/2025
10010/2024;10059;Alexa Chung;Não;Coordenação de ADS;Acadêmica;Liderança Situacional;PDL;INTERNO;EAD;18/10/2024;22/10/2024
10001/2024;10029;Ellen DeGeneres;Não;Coordenação de Banco de Dados;Acadêmica;Cloud Computing Fundamentals;PDS;INTERNO;EAD;29/07/2024;03/08/2024
10020/2024;10051;Cardi B;Não;Coordenação de ADS;Acadêmica;Administração de Recursos Humanos;PDL;INTERNO;EAD;03/04/2024;07/04/2024
10032/2025;10028;Oprah Winfrey;Sim;Coordenação de ADS;Acadêmica;Transformational Leadership;PDL;EXTERNO;PRESENCIAL;08/09/2025;13/09/2025
10024/2024;10019;Taylor Swift;Não;Depto de Recursos Humanos;Administrativa;Gestão de Processos;PDL;INTERNO;EAD;13/07/2024;18/07/2024
10046/2025;10087;Elizabeth Taylor;Não;Coordenação de ADS;Acadêmica;Agile Methodology;PDS;EXTERNO;PRESENCIAL;07/03/2025;11/03/2025
10001/2024;10071;Christy Turlington;Não;Coordenação de ADS;Acadêmica;Cloud Computing Fundamentals;PDS;INTERNO;EAD;01/05/2024;06/05/2024
10001/2024;10063;Emily Ratajkowski;Não;Coordenação de ADS;Acadêmica;Cloud Computing Fundamentals;PDS;INTERNO;EAD;26/10/2024;31/10/2024
10033/2025;10049;Katy Perry;Não;Depto de Recursos Humanos;Administrativa;Web Development with React;PDS;EXTERNO;PRESENCIAL;04/07/2025;09/07/2025
10026/2024;10115;Green Lantern;Não;Coordenação de Banco de Dados;Acadêmica;Python Programming;PDS;EXTERNO;EAD;05/05/2024;10/05/2024
10025/2024;10035;Cher;Não;Depto de Recursos Humanos;Administrativa;Enterprise Architecture;PDL;INTERNO;PRESENCIAL;27/12/2024;01/01/2025
10006/2024;10091;Jacqueline Bisset;Não;Coordenação de ADS;Acadêmica;Strategic Leadership;PDL;INTERNO;PRESENCIAL;08/06/2024;12/06/2024
10021/2024;10101;Iron Man;Não;Coordenação de ADS;Acadêmica;Container Technology with Docker;PDS;INTERNO;EAD;26/07/2024;31/07/2024
10023/2024;10078;Sophia Loren;Não;SAA - Secretaria Acadêmica;Administrativa;Kubernetes Administration;PDS;EXTERNO;PRESENCIAL;27/07/2024;01/08/2024
10018/2024;10015;Amber Heard;Não;Depto de Recursos Humanos;Administrativa;Microservices Architecture;PDS;EXTERNO;PRESENCIAL;21/11/2024;26/11/2024
10002/2024;10063;Emily Ratajkowski;Não;Coordenação de ADS;Acadêmica;Cybersecurity Advanced;PDS;EXTERNO;PRESENCIAL;16/04/2024;20/04/2024
10017/2024;10129;Barnabé;Não;SAA - Secretaria Acadêmica;Administrativa;Financial Management for IT;PDL;EXTERNO;PRESENCIAL;12/10/2024;16/10/2024
10011/2024;10099;Bette Davis;Não;Coordenação de ADS;Acadêmica;Data Science for Business;PDS;EXTERNO;PRESENCIAL;04/08/2024;09/08/2024
10034/2025;10094;Meryl Streep;Sim;SAA - Secretaria Acadêmica;Administrativa;Ortografia e Gramática para Escritório;PDL;INTERNO;EAD;06/04/2025;09/04/2025
10041/2025;10069;Cindy Crawford;Não;Depto de Recursos Humanos;Administrativa;Motivação e Engajamento de Equipes;PDL;INTERNO;EAD;17/08/2025;21/08/2025
10004/2024;10056;Amy Adams;Não;Coordenação de Banco de Dados;Acadêmica;Português Avançado para Profissionais;PDL;INTERNO;PRESENCIAL;21/09/2024;25/09/2024
10032/2025;10080;Grace Jones;Não;Coordenação de Banco de Dados;Acadêmica;Transformational Leadership;PDL;EXTERNO;PRESENCIAL;22/12/2025;27/12/2025
10027/2024;10130;Timóteo;Não;Depto de Recursos Humanos;Recursos Humanos;Desenvolvimento de Líderes;PDL;INTERNO;PRESENCIAL;18/06/2024;22/06/2024
10029/2024;10002;Isabela Fontana;Não;Coordenação de Banco de Dados;Acadêmica;Java Development;PDS;INTERNO;EAD;02/06/2024;07/06/2024
10013/2024;10006;Kate Beckinsale;Não;Coordenação de Banco de Dados;Acadêmica;Emotional Intelligence for Executives;PDL;INTERNO;EAD;12/09/2024;16/09/2024
10031/2025;10009;Scarlett Johansson;Não;Coordenação de Banco de Dados;Acadêmica;Full Stack Development;PDS;INTERNO;EAD;02/04/2025;07/04/2025
10015/2024;10094;Meryl Streep;Sim;SAA - Secretaria Acadêmica;Administrativa;Coordenação de Equipes;PDL;INTERNO;PRESENCIAL;17/07/2024;21/07/2024
10010/2024;10028;Oprah Winfrey;Sim;Coordenação de ADS;Acadêmica;Liderança Situacional;PDL;INTERNO;EAD;21/12/2024;25/12/2024
10044/2025;10013;Blake Lively;Não;Coordenação de Banco de Dados;Acadêmica;5G Technology;PDS;EXTERNO;PRESENCIAL;22/01/2025;27/01/2025
10013/2024;10131;Santos Dumont;Não;Coordenação de ADS;Acadêmica;Emotional Intelligence for Executives;PDL;INTERNO;EAD;14/04/2024;18/04/2024
10002/2024;10033;Drew Barrymore;Não;SAA - Secretaria Acadêmica;Administrativa;Cybersecurity Advanced;PDS;EXTERNO;PRESENCIAL;17/12/2024;21/12/2024
10001/2024;10011;Margot Robbie;Não;SAA - Secretaria Acadêmica;Administrativa;Cloud Computing Fundamentals;PDS;INTERNO;EAD;02/09/2024;07/09/2024
10039/2025;10047;Miley Cyrus;Não;Coordenação de Banco de Dados;Acadêmica;Governance and Compliance;PDL;INTERNO;EAD;25/08/2025;29/08/2025
10007/2024;10009;Scarlett Johansson;Não;Coordenação de Banco de Dados;Acadêmica;Executive Decision Making;PDL;EXTERNO;PRESENCIAL;17/07/2024;21/07/2024
10010/2024;10003;Paolla Oliveira;Não;SAA - Secretaria Acadêmica;Administrativa;Liderança Situacional;PDL;INTERNO;EAD;23/12/2024;27/12/2024
10042/2025;10105;Hulk;Não;Coordenação de Banco de Dados;Acadêmica;Digital Transformation;PDS;EXTERNO;PRESENCIAL;19/12/2025;24/12/2025
10047/2025;10003;Paolla Oliveira;Não;SAA - Secretaria Acadêmica;Administrativa;Scrum Master Certification;PDS;INTERNO;EAD;03/04/2025;07/04/2025
10028/2024;10105;Hulk;Não;Coordenação de Banco de Dados;Acadêmica;Português Técnico;PDL;EXTERNO;EAD;19/08/2024;23/08/2024
10005/2024;10128;Tomás;Não;SAA - Secretaria Acadêmica;Administrativa;Redação Administrativa;PDL;INTERNO;EAD;05/11/2024;09/11/2024
10010/2024;10049;Katy Perry;Não;Depto de Recursos Humanos;Administrativa;Liderança Situacional;PDL;INTERNO;EAD;26/09/2024;30/09/2024
10044/2025;10017;Zendaya;Não;Coordenação de ADS;Acadêmica;5G Technology;PDS;EXTERNO;PRESENCIAL;14/08/2025;19/08/2025
10006/2024;10093;Jessica Lange;Não;Depto de Recursos Humanos;Administrativa;Strategic Leadership;PDL;INTERNO;PRESENCIAL;31/03/2024;04/04/2024
10027/2024;10010;Emma Stone;Não;SAA - Secretaria Acadêmica;Administrativa;Desenvolvimento de Líderes;PDL;INTERNO;PRESENCIAL;13/05/2024;17/05/2024
10007/2024;10024;Kendall Jenner;Não;Coordenação de ADS;Acadêmica;Executive Decision Making;PDL;EXTERNO;PRESENCIAL;17/01/2024;21/01/2024
10008/2024;10123;Mateus;Não;Depto Tecnológico;Tecnológica;Change Management for Leaders;PDL;INTERNO;EAD;13/04/2024;17/04/2024
10013/2024;10097;Sissy Spacek;Não;Depto de Recursos Humanos;Administrativa;Emotional Intelligence for Executives;PDL;INTERNO;EAD;03/08/2024;07/08/2024
10042/2025;10017;Zendaya;Não;Coordenação de ADS;Acadêmica;Digital Transformation;PDS;EXTERNO;PRESENCIAL;27/06/2025;02/07/2025
10032/2025;10042;Nelly Furtado;Não;SAA - Secretaria Acadêmica;Administrativa;Transformational Leadership;PDL;EXTERNO;PRESENCIAL;12/08/2025;17/08/2025
10009/2024;10055;Anne Hathaway;Não;Coordenação de ADS;Acadêmica;Gestão Administrativa;PDL;EXTERNO;PRESENCIAL;18/09/2024;22/09/2024
10045/2025;10035;Cher;Não;Depto de Recursos Humanos;Administrativa;Software Development Lifecycle;PDS;INTERNO;EAD;21/04/2025;26/04/2025
10037/2025;10068;Claudia Schiffer;Não;Coordenação de Banco de Dados;Acadêmica;API Development and Design;PDS;EXTERNO;EAD;17/01/2025;21/01/2025
10006/2024;10052;Lizzo;Não;Coordenação de Banco de Dados;Acadêmica;Strategic Leadership;PDL;INTERNO;PRESENCIAL;29/03/2024;02/04/2024
10001/2024;10097;Sissy Spacek;Não;Depto de Recursos Humanos;Administrativa;Cloud Computing Fundamentals;PDS;INTERNO;EAD;26/03/2024;31/03/2024
10025/2024;10092;Faye Dunaway;Não;Coordenação de Banco de Dados;Acadêmica;Enterprise Architecture;PDL;INTERNO;PRESENCIAL;15/03/2024;20/03/2024
10007/2024;10078;Sophia Loren;Não;SAA - Secretaria Acadêmica;Administrativa;Executive Decision Making;PDL;EXTERNO;PRESENCIAL;03/07/2024;07/07/2024
10050/2026;10094;Meryl Streep;Sim;SAA - Secretaria Acadêmica;Administrativa;Data Warehousing;PDS;EXTERNO;PRESENCIAL;04/04/2026;09/04/2026
10038/2025;10131;Santos Dumont;Não;Coordenação de ADS;Acadêmica;Planejamento Estratégico para Líderes;PDL;EXTERNO;PRESENCIAL;07/07/2025;12/07/2025
10047/2025;10123;Mateus;Não;Depto Tecnológico;Tecnológica;Scrum Master Certification;PDS;INTERNO;EAD;18/10/2025;22/10/2025
10027/2024;10018;Rihanna;Não;Coordenação de ADS;Acadêmica;Desenvolvimento de Líderes;PDL;INTERNO;PRESENCIAL;29/04/2024;03/05/2024
10035/2025;10021;Dua Lipa;Não;Coordenação de Banco de Dados;Acadêmica;Mobile App Development;PDS;INTERNO;EAD;16/05/2025;21/05/2025
10050/2026;10116;Aquaman;Não;Depto de Recursos Humanos;Recursos Humanos;Data Warehousing;PDS;EXTERNO;PRESENCIAL;29/01/2026;03/02/2026
10026/2024;10011;Margot Robbie;Não;SAA - Secretaria Acadêmica;Administrativa;Python Programming;PDS;EXTERNO;EAD;17/08/2024;22/08/2024
10010/2024;10063;Emily Ratajkowski;Não;Coordenação de ADS;Acadêmica;Liderança Situacional;PDL;INTERNO;EAD;05/08/2024;09/08/2024
10034/2025;10083;Grace Kelly;Não;Coordenação de ADS;Acadêmica;Ortografia e Gramática para Escritório;PDL;INTERNO;EAD;15/04/2025;18/04/2025
10024/2024;10105;Hulk;Não;Coordenação de Banco de Dados;Acadêmica;Gestão de Processos;PDL;INTERNO;EAD;10/04/2024;15/04/2024
10045/2025;10063;Emily Ratajkowski;Não;Coordenação de ADS;Acadêmica;Software Development Lifecycle;PDS;INTERNO;EAD;12/08/2025;17/08/2025
10034/2025;10099;Bette Davis;Não;Coordenação de ADS;Acadêmica;Ortografia e Gramática para Escritório;PDL;INTERNO;EAD;11/03/2025;14/03/2025
10049/2025;10002;Isabela Fontana;Não;Coordenação de Banco de Dados;Acadêmica;IT Service Management;PDS;INTERNO;EAD;10/08/2025;14/08/2025
10013/2024;10090;Brigitte Bardot;Não;SAA - Secretaria Acadêmica;Administrativa;Emotional Intelligence for Executives;PDL;INTERNO;EAD;19/06/2024;23/06/2024
10003/2024;10079;Audrey Hepburn;Não;Coordenação de ADS;Acadêmica;Machine Learning Essentials;PDS;INTERNO;EAD;15/02/2024;20/02/2024
10010/2024;10036;Mariah Carey;Não;Coordenação de ADS;Acadêmica;Liderança Situacional;PDL;INTERNO;EAD;08/03/2024;12/03/2024
10007/2024;10011;Margot Robbie;Não;SAA - Secretaria Acadêmica;Administrativa;Executive Decision Making;PDL;EXTERNO;PRESENCIAL;22/09/2024;26/09/2024
10049/2025;10088;Rita Hayworth;Não;Coordenação de Banco de Dados;Acadêmica;IT Service Management;PDS;INTERNO;EAD;10/01/2025;14/01/2025
10043/2025;10038;Britney Spears;Não;SAA - Secretaria Acadêmica;Administrativa;IoT Solutions;PDS;INTERNO;EAD;18/10/2025;22/10/2025
10001/2024;10121;Bartolomeu;Não;Coordenação de Banco de Dados;Acadêmica;Cloud Computing Fundamentals;PDS;INTERNO;EAD;07/02/2024;12/02/2024
10047/2025;10103;Thor Odinson;Sim;Depto Tecnológico;Tecnológica;Scrum Master Certification;PDS;INTERNO;EAD;20/09/2025;24/09/2025
10011/2024;10121;Bartolomeu;Não;Coordenação de Banco de Dados;Acadêmica;Data Science for Business;PDS;EXTERNO;PRESENCIAL;23/07/2024;28/07/2024
10034/2025;10132;Leonardo da Vinci;Não;Coordenação de Banco de Dados;Acadêmica;Ortografia e Gramática para Escritório;PDL;INTERNO;EAD;09/02/2025;12/02/2025
10030/2024;10021;Dua Lipa;Não;Coordenação de Banco de Dados;Acadêmica;Supervisão e Liderança;PDL;EXTERNO;PRESENCIAL;26/11/2024;01/12/2024
10012/2024;10028;Oprah Winfrey;Sim;Coordenação de ADS;Acadêmica;Team Building and Collaboration;PDL;INTERNO;PRESENCIAL;18/07/2024;21/07/2024
10001/2024;10120;Jesus Emanuel;Não;Depto Tecnológico;Tecnológica;Cloud Computing Fundamentals;PDS;INTERNO;EAD;10/09/2024;15/09/2024
10014/2024;10130;Timóteo;Não;Depto de Recursos Humanos;Recursos Humanos;Network Security;PDS;EXTERNO;PRESENCIAL;17/04/2024;22/04/2024
10035/2025;10033;Drew Barrymore;Não;SAA - Secretaria Acadêmica;Administrativa;Mobile App Development;PDS;INTERNO;EAD;29/06/2025;04/07/2025
10033/2025;10102;Captain America;Não;Coordenação de Banco de Dados;Acadêmica;Web Development with React;PDS;EXTERNO;PRESENCIAL;28/02/2025;05/03/2025
10039/2025;10085;Joan Crawford;Não;Depto de Recursos Humanos;Administrativa;Governance and Compliance;PDL;INTERNO;EAD;07/11/2025;11/11/2025
10005/2024;10126;Lucas;Não;Coordenação de ADS;Acadêmica;Redação Administrativa;PDL;INTERNO;EAD;02/08/2024;06/08/2024
10036/2025;10036;Mariah Carey;Não;Coordenação de ADS;Acadêmica;Gestão de Conflitos no Ambiente Corporativo;PDL;INTERNO;PRESENCIAL;16/07/2025;20/07/2025
10034/2025;10093;Jessica Lange;Não;Depto de Recursos Humanos;Administrativa;Ortografia e Gramática para Escritório;PDL;INTERNO;EAD;08/11/2025;11/11/2025
10016/2024;10059;Alexa Chung;Não;Coordenação de ADS;Acadêmica;Database Administration;PDS;INTERNO;EAD;27/12/2024;31/12/2024
10032/2025;10109;Felipe;Não;Depto Tecnológico;Tecnológica;Transformational Leadership;PDL;EXTERNO;PRESENCIAL;22/01/2025;27/01/2025
10028/2024;10118;Simão;Não;Coordenação de ADS;Acadêmica;Português Técnico;PDL;EXTERNO;EAD;09/09/2024;13/09/2024
10039/2025;10136;Albert Einstein;Não;Depto Tecnológico;Tecnológica;Governance and Compliance;PDL;INTERNO;EAD;15/08/2025;19/08/2025
10036/2025;10130;Timóteo;Não;Depto de Recursos Humanos;Recursos Humanos;Gestão de Conflitos no Ambiente Corporativo;PDL;INTERNO;PRESENCIAL;02/02/2025;06/02/2025
10006/2024;10019;Taylor Swift;Não;Depto de Recursos Humanos;Administrativa;Strategic Leadership;PDL;INTERNO;PRESENCIAL;08/04/2024;12/04/2024
10035/2025;10078;Sophia Loren;Não;SAA - Secretaria Acadêmica;Administrativa;Mobile App Development;PDS;INTERNO;EAD;24/09/2025;29/09/2025
10019/2024;10101;Iron Man;Não;Coordenação de ADS;Acadêmica;Comunicação Escrita Efetiva;PDL;INTERNO;PRESENCIAL;28/11/2024;02/12/2024
10037/2025;10085;Joan Crawford;Não;Depto de Recursos Humanos;Administrativa;API Development and Design;PDS;EXTERNO;EAD;01/08/2025;05/08/2025
10039/2025;10011;Margot Robbie;Não;SAA - Secretaria Acadêmica;Administrativa;Governance and Compliance;PDL;INTERNO;EAD;10/05/2025;14/05/2025
10045/2025;10010;Emma Stone;Não;SAA - Secretaria Acadêmica;Administrativa;Software Development Lifecycle;PDS;INTERNO;EAD;08/12/2025;13/12/2025
10003/2024;10036;Mariah Carey;Não;Coordenação de ADS;Acadêmica;Machine Learning Essentials;PDS;INTERNO;EAD;18/12/2024;23/12/2024
10020/2024;10016;Meghan Markle;Não;SAA - Secretaria Acadêmica;Administrativa;Administração de Recursos Humanos;PDL;INTERNO;EAD;19/07/2024;23/07/2024
10048/2025;10122;Clemente;Não;Coordenação de ADS;Acadêmica;Project Management Fundamentals;PDS;EXTERNO;PRESENCIAL;16/12/2025;21/12/2025
10020/2024;10113;Wonder Woman;Não;Coordenação de ADS;Acadêmica;Administração de Recursos Humanos;PDL;INTERNO;EAD;06/12/2024;10/12/2024
10015/2024;10045;Sam Smith;Não;Depto de Recursos Humanos;Administrativa;Coordenação de Equipes;PDL;INTERNO;PRESENCIAL;19/06/2024;23/06/2024
10038/2025;10028;Oprah Winfrey;Sim;Coordenação de ADS;Acadêmica;Planejamento Estratégico para Líderes;PDL;EXTERNO;PRESENCIAL;11/01/2025;16/01/2025
10045/2025;10042;Nelly Furtado;Não;SAA - Secretaria Acadêmica;Administrativa;Software Development Lifecycle;PDS;INTERNO;EAD;23/06/2025;28/06/2025
10011/2024;10012;Gal Gadot;Não;Coordenação de ADS;Acadêmica;Data Science for Business;PDS;EXTERNO;PRESENCIAL;15/10/2024;20/10/2024
10018/2024;10107;Doctor Strange;Não;Coordenação de ADS;Acadêmica;Microservices Architecture;PDS;EXTERNO;PRESENCIAL;11/08/2024;16/08/2024
10032/2025;10039;Christina Aguilera;Não;Coordenação de Banco de Dados;Acadêmica;Transformational Leadership;PDL;EXTERNO;PRESENCIAL;01/03/2025;06/03/2025
10026/2024;10095;Diane Keaton;Não;Coordenação de ADS;Acadêmica;Python Programming;PDS;EXTERNO;EAD;07/02/2024;12/02/2024
10026/2024;10061;Gigi Hadid;Não;Depto de Recursos Humanos;Administrativa;Python Programming;PDS;EXTERNO;EAD;24/04/2024;29/04/2024
10008/2024;10053;Halsey;Não;Depto de Recursos Humanos;Administrativa;Change Management for Leaders;PDL;INTERNO;EAD;05/03/2024;09/03/2024
10005/2024;10030;Sandra Bullock;Não;Depto de Recursos Humanos;Administrativa;Redação Administrativa;PDL;INTERNO;EAD;21/05/2024;25/05/2024
10024/2024;10010;Emma Stone;Não;SAA - Secretaria Acadêmica;Administrativa;Gestão de Processos;PDL;INTERNO;EAD;13/09/2024;18/09/2024
10018/2024;10001;Jennifer Lopez;Não;Coordenação de ADS;Acadêmica;Microservices Architecture;PDS;EXTERNO;PRESENCIAL;31/08/2024;05/09/2024
10011/2024;10140;Carl Sagan;Não;Coordenação de ADS;Acadêmica;Data Science for Business;PDS;EXTERNO;PRESENCIAL;18/01/2024;23/01/2024
10001/2024;10034;Madonna;Não;Coordenação de ADS;Acadêmica;Cloud Computing Fundamentals;PDS;INTERNO;EAD;08/01/2024;13/01/2024
10021/2024;10022;Billie Eilish;Não;Depto de Recursos Humanos;Administrativa;Container Technology with Docker;PDS;INTERNO;EAD;07/04/2024;12/04/2024
10028/2024;10023;Hailey Baldwin;Não;SAA - Secretaria Acadêmica;Administrativa;Português Técnico;PDL;EXTERNO;EAD;06/11/2024;10/11/2024
10032/2025;10017;Zendaya;Não;Coordenação de ADS;Acadêmica;Transformational Leadership;PDL;EXTERNO;PRESENCIAL;25/12/2025;30/12/2025
10002/2024;10016;Meghan Markle;Não;SAA - Secretaria Acadêmica;Administrativa;Cybersecurity Advanced;PDS;EXTERNO;PRESENCIAL;29/12/2024;02/01/2025
10027/2024;10053;Halsey;Não;Depto de Recursos Humanos;Administrativa;Desenvolvimento de Líderes;PDL;INTERNO;PRESENCIAL;09/02/2024;13/02/2024
10021/2024;10097;Sissy Spacek;Não;Depto de Recursos Humanos;Administrativa;Container Technology with Docker;PDS;INTERNO;EAD;24/03/2024;29/03/2024
10021/2024;10127;André;Não;Depto de Recursos Humanos;Recursos Humanos;Container Technology with Docker;PDS;INTERNO;EAD;03/01/2024;08/01/2024
10038/2025;10078;Sophia Loren;Não;SAA - Secretaria Acadêmica;Administrativa;Planejamento Estratégico para Líderes;PDL;EXTERNO;PRESENCIAL;14/12/2025;19/12/2025
10047/2025;10124;Estêvão;Sim;Depto Tecnológico;Tecnológica;Scrum Master Certification;PDS;INTERNO;EAD;24/04/2025;28/04/2025
10019/2024;10052;Lizzo;Não;Coordenação de Banco de Dados;Acadêmica;Comunicação Escrita Efetiva;PDL;INTERNO;PRESENCIAL;01/05/2024;05/05/2024
10006/2024;10064;Cara Delevingne;Não;Coordenação de Banco de Dados;Acadêmica;Strategic Leadership;PDL;INTERNO;PRESENCIAL;12/02/2024;16/02/2024
10022/2024;10058;Eva Mendes;Não;SAA - Secretaria Acadêmica;Administrativa;CIO Strategic Planning;PDL;EXTERNO;PRESENCIAL;19/11/2024;24/11/2024
10006/2024;10124;Estêvão;Sim;Depto Tecnológico;Tecnológica;Strategic Leadership;PDL;INTERNO;PRESENCIAL;05/01/2024;09/01/2024
10032/2025;10001;Jennifer Lopez;Não;Coordenação de ADS;Acadêmica;Transformational Leadership;PDL;EXTERNO;PRESENCIAL;17/11/2025;22/11/2025
10001/2024;10020;Ariana Grande;Não;SAA - Secretaria Acadêmica;Administrativa;Cloud Computing Fundamentals;PDS;INTERNO;EAD;12/03/2024;17/03/2024
10038/2025;10009;Scarlett Johansson;Não;Coordenação de Banco de Dados;Acadêmica;Planejamento Estratégico para Líderes;PDL;EXTERNO;PRESENCIAL;04/02/2025;09/02/2025
10025/2024;10007;Jennifer Aniston;Sim;Coordenação de ADS;Acadêmica;Enterprise Architecture;PDL;INTERNO;PRESENCIAL;28/11/2024;03/12/2024
10026/2024;10018;Rihanna;Não;Coordenação de ADS;Acadêmica;Python Programming;PDS;EXTERNO;EAD;20/05/2024;25/05/2024
10009/2024;10037;Celine Dion;Não;Coordenação de ADS;Acadêmica;Gestão Administrativa;PDL;EXTERNO;PRESENCIAL;17/04/2024;21/04/2024
10018/2024;10064;Cara Delevingne;Não;Coordenação de Banco de Dados;Acadêmica;Microservices Architecture;PDS;EXTERNO;PRESENCIAL;21/08/2024;26/08/2024
10035/2025;10061;Gigi Hadid;Não;Depto de Recursos Humanos;Administrativa;Mobile App Development;PDS;INTERNO;EAD;27/02/2025;04/03/2025
10018/2024;10008;Angelina Jolie;Não;Coordenação de ADS;Acadêmica;Microservices Architecture;PDS;EXTERNO;PRESENCIAL;28/08/2024;02/09/2024
10015/2024;10115;Green Lantern;Não;Coordenação de Banco de Dados;Acadêmica;Coordenação de Equipes;PDL;INTERNO;PRESENCIAL;29/06/2024;03/07/2024
10050/2026;10047;Miley Cyrus;Não;Coordenação de Banco de Dados;Acadêmica;Data Warehousing;PDS;EXTERNO;PRESENCIAL;26/03/2026;31/03/2026
10045/2025;10040;Shakira;Não;Coordenação de ADS;Acadêmica;Software Development Lifecycle;PDS;INTERNO;EAD;06/07/2025;11/07/2025
10004/2024;10006;Kate Beckinsale;Não;Coordenação de Banco de Dados;Acadêmica;Português Avançado para Profissionais;PDL;INTERNO;PRESENCIAL;05/08/2024;09/08/2024
10023/2024;10040;Shakira;Não;Coordenação de ADS;Acadêmica;Kubernetes Administration;PDS;EXTERNO;PRESENCIAL;07/06/2024;12/06/2024
10003/2024;10031;Julia Roberts;Não;Coordenação de ADS;Acadêmica;Machine Learning Essentials;PDS;INTERNO;EAD;15/03/2024;20/03/2024
10005/2024;10026;Kim Kardashian;Sim;SAA - Secretaria Acadêmica;Administrativa;Redação Administrativa;PDL;INTERNO;EAD;06/10/2024;10/10/2024
10009/2024;10137;Nikola Tesla;Não;Depto Tecnológico;Tecnológica;Gestão Administrativa;PDL;EXTERNO;PRESENCIAL;26/09/2024;30/09/2024
10018/2024;10028;Oprah Winfrey;Sim;Coordenação de ADS;Acadêmica;Microservices Architecture;PDS;EXTERNO;PRESENCIAL;28/04/2024;03/05/2024
10037/2025;10104;Tiago;Não;Coordenação de ADS;Acadêmica;API Development and Design;PDS;EXTERNO;EAD;23/01/2025;27/01/2025
10029/2024;10123;Mateus;Não;Depto Tecnológico;Tecnológica;Java Development;PDS;INTERNO;EAD;10/09/2024;15/09/2024
10008/2024;10015;Amber Heard;Não;Depto de Recursos Humanos;Administrativa;Change Management for Leaders;PDL;INTERNO;EAD;07/09/2024;11/09/2024
10032/2025;10084;Marilyn Monroe;Não;Coordenação de Banco de Dados;Acadêmica;Transformational Leadership;PDL;EXTERNO;PRESENCIAL;17/12/2025;22/12/2025
10003/2024;10113;Wonder Woman;Não;Coordenação de ADS;Acadêmica;Machine Learning Essentials;PDS;INTERNO;EAD;13/04/2024;18/04/2024
10023/2024;10101;Iron Man;Não;Coordenação de ADS;Acadêmica;Kubernetes Administration;PDS;EXTERNO;PRESENCIAL;03/02/2024;08/02/2024
10027/2024;10015;Amber Heard;Não;Depto de Recursos Humanos;Administrativa;Desenvolvimento de Líderes;PDL;INTERNO;PRESENCIAL;28/05/2024;01/06/2024
10004/2024;10083;Grace Kelly;Não;Coordenação de ADS;Acadêmica;Português Avançado para Profissionais;PDL;INTERNO;PRESENCIAL;22/11/2024;26/11/2024
10042/2025;10090;Brigitte Bardot;Não;SAA - Secretaria Acadêmica;Administrativa;Digital Transformation;PDS;EXTERNO;PRESENCIAL;25/12/2025;30/12/2025
10040/2025;10075;Cate Blanchett;Não;Coordenação de ADS;Acadêmica;Database Design and Optimization;PDS;INTERNO;PRESENCIAL;20/02/2025;25/02/2025
10035/2025;10081;Vivien Leigh;Não;Depto de Recursos Humanos;Administrativa;Mobile App Development;PDS;INTERNO;EAD;11/02/2025;16/02/2025
10043/2025;10079;Audrey Hepburn;Não;Coordenação de ADS;Acadêmica;IoT Solutions;PDS;INTERNO;EAD;14/08/2025;18/08/2025
10037/2025;10057;Jessica Alba;Não;Depto de Recursos Humanos;Administrativa;API Development and Design;PDS;EXTERNO;EAD;16/11/2025;20/11/2025
10010/2024;10060;Karlie Kloss;Não;Coordenação de Banco de Dados;Acadêmica;Liderança Situacional;PDL;INTERNO;EAD;28/05/2024;01/06/2024
10018/2024;10078;Sophia Loren;Não;SAA - Secretaria Acadêmica;Administrativa;Microservices Architecture;PDS;EXTERNO;PRESENCIAL;12/08/2024;17/08/2024
10037/2025;10064;Cara Delevingne;Não;Coordenação de Banco de Dados;Acadêmica;API Development and Design;PDS;EXTERNO;EAD;17/08/2025;21/08/2025
10016/2024;10083;Grace Kelly;Não;Coordenação de ADS;Acadêmica;Database Administration;PDS;INTERNO;EAD;25/11/2024;29/11/2024
10014/2024;10130;Timóteo;Não;Depto de Recursos Humanos;Recursos Humanos;Network Security;PDS;EXTERNO;PRESENCIAL;07/06/2024;12/06/2024
10013/2024;10030;Sandra Bullock;Não;Depto de Recursos Humanos;Administrativa;Emotional Intelligence for Executives;PDL;INTERNO;EAD;28/01/2024;01/02/2024
10021/2024;10082;Ingrid Bergman;Não;SAA - Secretaria Acadêmica;Administrativa;Container Technology with Docker;PDS;INTERNO;EAD;12/05/2024;17/05/2024
10034/2025;10032;Cameron Diaz;Não;Coordenação de Banco de Dados;Acadêmica;Ortografia e Gramática para Escritório;PDL;INTERNO;EAD;02/12/2025;05/12/2025
10005/2024;10008;Angelina Jolie;Não;Coordenação de ADS;Acadêmica;Redação Administrativa;PDL;INTERNO;EAD;08/09/2024;12/09/2024
10038/2025;10019;Taylor Swift;Não;Depto de Recursos Humanos;Administrativa;Planejamento Estratégico para Líderes;PDL;EXTERNO;PRESENCIAL;18/05/2025;23/05/2025
10015/2024;10002;Isabela Fontana;Não;Coordenação de Banco de Dados;Acadêmica;Coordenação de Equipes;PDL;INTERNO;PRESENCIAL;11/08/2024;15/08/2024
10033/2025;10012;Gal Gadot;Não;Coordenação de ADS;Acadêmica;Web Development with React;PDS;EXTERNO;PRESENCIAL;28/04/2025;03/05/2025
10028/2024;10051;Cardi B;Não;Coordenação de ADS;Acadêmica;Português Técnico;PDL;EXTERNO;EAD;30/12/2024;03/01/2025
10039/2025;10045;Sam Smith;Não;Depto de Recursos Humanos;Administrativa;Governance and Compliance;PDL;INTERNO;EAD;09/12/2025;13/12/2025
10048/2025;10015;Amber Heard;Não;Depto de Recursos Humanos;Administrativa;Project Management Fundamentals;PDS;EXTERNO;PRESENCIAL;10/02/2025;15/02/2025
10035/2025;10066;Naomi Campbell;Sim;SAA - Secretaria Acadêmica;Administrativa;Mobile App Development;PDS;INTERNO;EAD;22/08/2025;27/08/2025
10014/2024;10129;Barnabé;Não;SAA - Secretaria Acadêmica;Administrativa;Network Security;PDS;EXTERNO;PRESENCIAL;11/05/2024;16/05/2024
10050/2026;10119;João;Não;Depto Tecnológico;Tecnológica;Data Warehousing;PDS;EXTERNO;PRESENCIAL;15/01/2026;20/01/2026
10003/2024;10128;Tomás;Não;SAA - Secretaria Acadêmica;Administrativa;Machine Learning Essentials;PDS;INTERNO;EAD;30/07/2024;04/08/2024
10043/2025;10001;Jennifer Lopez;Não;Coordenação de ADS;Acadêmica;IoT Solutions;PDS;INTERNO;EAD;27/08/2025;31/08/2025
10007/2024;10031;Julia Roberts;Não;Coordenação de ADS;Acadêmica;Executive Decision Making;PDL;EXTERNO;PRESENCIAL;14/12/2024;18/12/2024
10034/2025;10067;Tyra Banks;Não;Coordenação de ADS;Acadêmica;Ortografia e Gramática para Escritório;PDL;INTERNO;EAD;21/03/2025;24/03/2025
10049/2025;10052;Lizzo;Não;Coordenação de Banco de Dados;Acadêmica;IT Service Management;PDS;INTERNO;EAD;14/11/2025;18/11/2025
10016/2024;10058;Eva Mendes;Não;SAA - Secretaria Acadêmica;Administrativa;Database Administration;PDS;INTERNO;EAD;26/04/2024;30/04/2024
10013/2024;10017;Zendaya;Não;Coordenação de ADS;Acadêmica;Emotional Intelligence for Executives;PDL;INTERNO;EAD;29/11/2024;03/12/2024
10012/2024;10026;Kim Kardashian;Sim;SAA - Secretaria Acadêmica;Administrativa;Team Building and Collaboration;PDL;INTERNO;PRESENCIAL;14/12/2024;17/12/2024
10018/2024;10011;Margot Robbie;Não;SAA - Secretaria Acadêmica;Administrativa;Microservices Architecture;PDS;EXTERNO;PRESENCIAL;12/04/2024;17/04/2024
10015/2024;10126;Lucas;Não;Coordenação de ADS;Acadêmica;Coordenação de Equipes;PDL;INTERNO;PRESENCIAL;16/10/2024;20/10/2024
10022/2024;10073;Naomi Watts;Não;Depto de Recursos Humanos;Administrativa;CIO Strategic Planning;PDL;EXTERNO;PRESENCIAL;17/12/2024;22/12/2024
10026/2024;10003;Paolla Oliveira;Não;SAA - Secretaria Acadêmica;Administrativa;Python Programming;PDS;EXTERNO;EAD;15/01/2024;20/01/2024
10022/2024;10045;Sam Smith;Não;Depto de Recursos Humanos;Administrativa;CIO Strategic Planning;PDL;EXTERNO;PRESENCIAL;13/10/2024;18/10/2024
10024/2024;10019;Taylor Swift;Não;Depto de Recursos Humanos;Administrativa;Gestão de Processos;PDL;INTERNO;EAD;12/12/2024;17/12/2024
10025/2024;10102;Captain America;Não;Coordenação de Banco de Dados;Acadêmica;Enterprise Architecture;PDL;INTERNO;PRESENCIAL;07/12/2024;12/12/2024
10026/2024;10084;Marilyn Monroe;Não;Coordenação de Banco de Dados;Acadêmica;Python Programming;PDS;EXTERNO;EAD;13/02/2024;18/02/2024
10048/2025;10097;Sissy Spacek;Não;Depto de Recursos Humanos;Administrativa;Project Management Fundamentals;PDS;EXTERNO;PRESENCIAL;03/11/2025;08/11/2025
10026/2024;10057;Jessica Alba;Não;Depto de Recursos Humanos;Administrativa;Python Programming;PDS;EXTERNO;EAD;14/04/2024;19/04/2024
10049/2025;10015;Amber Heard;Não;Depto de Recursos Humanos;Administrativa;IT Service Management;PDS;INTERNO;EAD;17/07/2025;21/07/2025
10027/2024;10103;Thor Odinson;Sim;Depto Tecnológico;Tecnológica;Desenvolvimento de Líderes;PDL;INTERNO;PRESENCIAL;20/12/2024;24/12/2024
10042/2025;10024;Kendall Jenner;Não;Coordenação de ADS;Acadêmica;Digital Transformation;PDS;EXTERNO;PRESENCIAL;25/03/2025;30/03/2025
10047/2025;10017;Zendaya;Não;Coordenação de ADS;Acadêmica;Scrum Master Certification;PDS;INTERNO;EAD;26/08/2025;30/08/2025
10044/2025;10009;Scarlett Johansson;Não;Coordenação de Banco de Dados;Acadêmica;5G Technology;PDS;EXTERNO;PRESENCIAL;12/12/2025;17/12/2025
10035/2025;10041;Gwen Stefani;Não;Depto de Recursos Humanos;Administrativa;Mobile App Development;PDS;INTERNO;EAD;24/04/2025;29/04/2025
10036/2025;10087;Elizabeth Taylor;Não;Coordenação de ADS;Acadêmica;Gestão de Conflitos no Ambiente Corporativo;PDL;INTERNO;PRESENCIAL;20/06/2025;24/06/2025
10004/2024;10022;Billie Eilish;Não;Depto de Recursos Humanos;Administrativa;Português Avançado para Profissionais;PDL;INTERNO;PRESENCIAL;23/12/2024;27/12/2024
10008/2024;10106;Spider-Man;Não;Depto Tecnológico;Tecnológica;Change Management for Leaders;PDL;INTERNO;EAD;13/10/2024;17/10/2024
10022/2024;10077;Isabella Rossellini;Não;Depto de Recursos Humanos;Administrativa;CIO Strategic Planning;PDL;EXTERNO;PRESENCIAL;06/02/2024;11/02/2024
10010/2024;10130;Timóteo;Não;Depto de Recursos Humanos;Recursos Humanos;Liderança Situacional;PDL;INTERNO;EAD;28/03/2024;01/04/2024
10028/2024;10003;Paolla Oliveira;Não;SAA - Secretaria Acadêmica;Administrativa;Português Técnico;PDL;EXTERNO;EAD;21/09/2024;25/09/2024
10004/2024;10014;Natalie Portman;Sim;Coordenação de ADS;Acadêmica;Português Avançado para Profissionais;PDL;INTERNO;PRESENCIAL;12/07/2024;16/07/2024
10045/2025;10045;Sam Smith;Não;Depto de Recursos Humanos;Administrativa;Software Development Lifecycle;PDS;INTERNO;EAD;29/07/2025;03/08/2025
10017/2024;10134;Galileo Galilei;Sim;Coordenação de Banco de Dados;Acadêmica;Financial Management for IT;PDL;EXTERNO;PRESENCIAL;24/03/2024;28/03/2024
10038/2025;10011;Margot Robbie;Não;SAA - Secretaria Acadêmica;Administrativa;Planejamento Estratégico para Líderes;PDL;EXTERNO;PRESENCIAL;13/01/2025;18/01/2025
10037/2025;10003;Paolla Oliveira;Não;SAA - Secretaria Acadêmica;Administrativa;API Development and Design;PDS;EXTERNO;EAD;08/11/2025;12/11/2025
10036/2025;10089;Jeanne Moreau;Não;Depto de Recursos Humanos;Administrativa;Gestão de Conflitos no Ambiente Corporativo;PDL;INTERNO;PRESENCIAL;06/11/2025;10/11/2025
10027/2024;10002;Isabela Fontana;Não;Coordenação de Banco de Dados;Acadêmica;Desenvolvimento de Líderes;PDL;INTERNO;PRESENCIAL;21/08/2024;25/08/2024
10011/2024;10062;Bella Hadid;Não;SAA - Secretaria Acadêmica;Administrativa;Data Science for Business;PDS;EXTERNO;PRESENCIAL;26/08/2024;31/08/2024
10020/2024;10072;Kate Moss;Não;Coordenação de Banco de Dados;Acadêmica;Administração de Recursos Humanos;PDL;INTERNO;EAD;12/07/2024;16/07/2024
10005/2024;10028;Oprah Winfrey;Sim;Coordenação de ADS;Acadêmica;Redação Administrativa;PDL;INTERNO;EAD;17/02/2024;21/02/2024
10043/2025;10113;Wonder Woman;Não;Coordenação de ADS;Acadêmica;IoT Solutions;PDS;INTERNO;EAD;25/06/2025;29/06/2025
10026/2024;10076;Tilda Swinton;Não;Coordenação de Banco de Dados;Acadêmica;Python Programming;PDS;EXTERNO;EAD;15/01/2024;20/01/2024
10024/2024;10019;Taylor Swift;Não;Depto de Recursos Humanos;Administrativa;Gestão de Processos;PDL;INTERNO;EAD;10/08/2024;15/08/2024
10040/2025;10018;Rihanna;Não;Coordenação de ADS;Acadêmica;Database Design and Optimization;PDS;INTERNO;PRESENCIAL;22/01/2025;27/01/2025
10008/2024;10090;Brigitte Bardot;Não;SAA - Secretaria Acadêmica;Administrativa;Change Management for Leaders;PDL;INTERNO;EAD;05/07/2024;09/07/2024
10028/2024;10039;Christina Aguilera;Não;Coordenação de Banco de Dados;Acadêmica;Português Técnico;PDL;EXTERNO;EAD;23/04/2024;27/04/2024
10014/2024;10006;Kate Beckinsale;Não;Coordenação de Banco de Dados;Acadêmica;Network Security;PDS;EXTERNO;PRESENCIAL;09/06/2024;14/06/2024
10020/2024;10063;Emily Ratajkowski;Não;Coordenação de ADS;Acadêmica;Administração de Recursos Humanos;PDL;INTERNO;EAD;28/12/2024;01/01/2025
10005/2024;10009;Scarlett Johansson;Não;Coordenação de Banco de Dados;Acadêmica;Redação Administrativa;PDL;INTERNO;EAD;26/09/2024;30/09/2024
10004/2024;10034;Madonna;Não;Coordenação de ADS;Acadêmica;Português Avançado para Profissionais;PDL;INTERNO;PRESENCIAL;07/04/2024;11/04/2024
10014/2024;10054;Olivia Wilde;Não;SAA - Secretaria Acadêmica;Administrativa;Network Security;PDS;EXTERNO;PRESENCIAL;12/10/2024;17/10/2024
10049/2025;10048;Lady Gaga;Não;Coordenação de ADS;Acadêmica;IT Service Management;PDS;INTERNO;EAD;17/11/2025;21/11/2025
10010/2024;10035;Cher;Não;Depto de Recursos Humanos;Administrativa;Liderança Situacional;PDL;INTERNO;EAD;29/08/2024;02/09/2024
10019/2024;10007;Jennifer Aniston;Sim;Coordenação de ADS;Acadêmica;Comunicação Escrita Efetiva;PDL;INTERNO;PRESENCIAL;08/02/2024;12/02/2024
10010/2024;10038;Britney Spears;Não;SAA - Secretaria Acadêmica;Administrativa;Liderança Situacional;PDL;INTERNO;EAD;14/10/2024;18/10/2024
10045/2025;10007;Jennifer Aniston;Sim;Coordenação de ADS;Acadêmica;Software Development Lifecycle;PDS;INTERNO;EAD;04/04/2025;09/04/2025
10028/2024;10052;Lizzo;Não;Coordenação de Banco de Dados;Acadêmica;Português Técnico;PDL;EXTERNO;EAD;26/10/2024;30/10/2024
10002/2024;10042;Nelly Furtado;Não;SAA - Secretaria Acadêmica;Administrativa;Cybersecurity Advanced;PDS;EXTERNO;PRESENCIAL;30/05/2024;03/06/2024
10027/2024;10005;Charlize Theron;Sim;Coordenação de ADS;Acadêmica;Desenvolvimento de Líderes;PDL;INTERNO;PRESENCIAL;21/03/2024;25/03/2024
10030/2024;10079;Audrey Hepburn;Não;Coordenação de ADS;Acadêmica;Supervisão e Liderança;PDL;EXTERNO;PRESENCIAL;22/09/2024;27/09/2024
10028/2024;10122;Clemente;Não;Coordenação de ADS;Acadêmica;Português Técnico;PDL;EXTERNO;EAD;11/07/2024;15/07/2024
10003/2024;10060;Karlie Kloss;Não;Coordenação de Banco de Dados;Acadêmica;Machine Learning Essentials;PDS;INTERNO;EAD;21/04/2024;26/04/2024
10005/2024;10119;João;Não;Depto Tecnológico;Tecnológica;Redação Administrativa;PDL;INTERNO;EAD;03/12/2024;07/12/2024
10007/2024;10050;Nicki Minaj;Não;SAA - Secretaria Acadêmica;Administrativa;Executive Decision Making;PDL;EXTERNO;PRESENCIAL;28/09/2024;02/10/2024
10042/2025;10107;Doctor Strange;Não;Coordenação de ADS;Acadêmica;Digital Transformation;PDS;EXTERNO;PRESENCIAL;12/01/2025;17/01/2025
10001/2024;10128;Tomás;Não;SAA - Secretaria Acadêmica;Administrativa;Cloud Computing Fundamentals;PDS;INTERNO;EAD;11/05/2024;16/05/2024
10039/2025;10060;Karlie Kloss;Não;Coordenação de Banco de Dados;Acadêmica;Governance and Compliance;PDL;INTERNO;EAD;19/06/2025;23/06/2025
10043/2025;10047;Miley Cyrus;Não;Coordenação de Banco de Dados;Acadêmica;IoT Solutions;PDS;INTERNO;EAD;05/12/2025;09/12/2025
10010/2024;10039;Christina Aguilera;Não;Coordenação de Banco de Dados;Acadêmica;Liderança Situacional;PDL;INTERNO;EAD;30/10/2024;03/11/2024
10034/2025;10019;Taylor Swift;Não;Depto de Recursos Humanos;Administrativa;Ortografia e Gramática para Escritório;PDL;INTERNO;EAD;29/05/2025;01/06/2025
10034/2025;10067;Tyra Banks;Não;Coordenação de ADS;Acadêmica;Ortografia e Gramática para Escritório;PDL;INTERNO;EAD;11/05/2025;14/05/2025
10025/2024;10002;Isabela Fontana;Não;Coordenação de Banco de Dados;Acadêmica;Enterprise Architecture;PDL;INTERNO;PRESENCIAL;19/11/2024;24/11/2024
10027/2024;10008;Angelina Jolie;Não;Coordenação de ADS;Acadêmica;Desenvolvimento de Líderes;PDL;INTERNO;PRESENCIAL;30/01/2024;03/02/2024
10002/2024;10083;Grace Kelly;Não;Coordenação de ADS;Acadêmica;Cybersecurity Advanced;PDS;EXTERNO;PRESENCIAL;23/07/2024;27/07/2024
10008/2024;10077;Isabella Rossellini;Não;Depto de Recursos Humanos;Administrativa;Change Management for Leaders;PDL;INTERNO;EAD;09/02/2024;13/02/2024
10044/2025;10121;Bartolomeu;Não;Coordenação de Banco de Dados;Acadêmica;5G Technology;PDS;EXTERNO;PRESENCIAL;28/03/2025;02/04/2025
10045/2025;10130;Timóteo;Não;Depto de Recursos Humanos;Recursos Humanos;Software Development Lifecycle;PDS;INTERNO;EAD;01/05/2025;06/05/2025
10025/2024;10040;Shakira;Não;Coordenação de ADS;Acadêmica;Enterprise Architecture;PDL;INTERNO;PRESENCIAL;09/04/2024;14/04/2024
10021/2024;10013;Blake Lively;Não;Coordenação de Banco de Dados;Acadêmica;Container Technology with Docker;PDS;INTERNO;EAD;26/04/2024;01/05/2024
10018/2024;10046;Demi Lovato;Não;SAA - Secretaria Acadêmica;Administrativa;Microservices Architecture;PDS;EXTERNO;PRESENCIAL;06/11/2024;11/11/2024
10014/2024;10118;Simão;Não;Coordenação de ADS;Acadêmica;Network Security;PDS;EXTERNO;PRESENCIAL;07/06/2024;12/06/2024
10017/2024;10023;Hailey Baldwin;Não;SAA - Secretaria Acadêmica;Administrativa;Financial Management for IT;PDL;EXTERNO;PRESENCIAL;10/07/2024;14/07/2024
10023/2024;10050;Nicki Minaj;Não;SAA - Secretaria Acadêmica;Administrativa;Kubernetes Administration;PDS;EXTERNO;PRESENCIAL;12/11/2024;17/11/2024
10013/2024;10011;Margot Robbie;Não;SAA - Secretaria Acadêmica;Administrativa;Emotional Intelligence for Executives;PDL;INTERNO;EAD;22/01/2024;26/01/2024
10016/2024;10091;Jacqueline Bisset;Não;Coordenação de ADS;Acadêmica;Database Administration;PDS;INTERNO;EAD;11/06/2024;15/06/2024
10042/2025;10129;Barnabé;Não;SAA - Secretaria Acadêmica;Administrativa;Digital Transformation;PDS;EXTERNO;PRESENCIAL;14/08/2025;19/08/2025
10010/2024;10089;Jeanne Moreau;Não;Depto de Recursos Humanos;Administrativa;Liderança Situacional;PDL;INTERNO;EAD;01/12/2024;05/12/2024
10036/2025;10025;Kylie Jenner;Não;Depto de Recursos Humanos;Administrativa;Gestão de Conflitos no Ambiente Corporativo;PDL;INTERNO;PRESENCIAL;17/09/2025;21/09/2025
10016/2024;10027;Beyonce Knowles;Não;Coordenação de ADS;Acadêmica;Database Administration;PDS;INTERNO;EAD;03/02/2024;07/02/2024
10044/2025;10033;Drew Barrymore;Não;SAA - Secretaria Acadêmica;Administrativa;5G Technology;PDS;EXTERNO;PRESENCIAL;25/08/2025;30/08/2025
10037/2025;10036;Mariah Carey;Não;Coordenação de ADS;Acadêmica;API Development and Design;PDS;EXTERNO;EAD;04/11/2025;08/11/2025
10020/2024;10094;Meryl Streep;Sim;SAA - Secretaria Acadêmica;Administrativa;Administração de Recursos Humanos;PDL;INTERNO;EAD;16/11/2024;20/11/2024
10045/2025;10120;Jesus Emanuel;Não;Depto Tecnológico;Tecnológica;Software Development Lifecycle;PDS;INTERNO;EAD;23/06/2025;28/06/2025
10045/2025;10005;Charlize Theron;Sim;Coordenação de ADS;Acadêmica;Software Development Lifecycle;PDS;INTERNO;EAD;11/11/2025;16/11/2025
10025/2024;10028;Oprah Winfrey;Sim;Coordenação de ADS;Acadêmica;Enterprise Architecture;PDL;INTERNO;PRESENCIAL;23/11/2024;28/11/2024
10017/2024;10023;Hailey Baldwin;Não;SAA - Secretaria Acadêmica;Administrativa;Financial Management for IT;PDL;EXTERNO;PRESENCIAL;10/04/2024;14/04/2024
10019/2024;10021;Dua Lipa;Não;Coordenação de Banco de Dados;Acadêmica;Comunicação Escrita Efetiva;PDL;INTERNO;PRESENCIAL;30/01/2024;03/02/2024
10045/2025;10112;Batman;Não;Coordenação de Banco de Dados;Acadêmica;Software Development Lifecycle;PDS;INTERNO;EAD;10/11/2025;15/11/2025
10011/2024;10005;Charlize Theron;Sim;Coordenação de ADS;Acadêmica;Data Science for Business;PDS;EXTERNO;PRESENCIAL;03/11/2024;08/11/2024
10030/2024;10073;Naomi Watts;Não;Depto de Recursos Humanos;Administrativa;Supervisão e Liderança;PDL;EXTERNO;PRESENCIAL;22/03/2024;27/03/2024
10019/2024;10113;Wonder Woman;Não;Coordenação de ADS;Acadêmica;Comunicação Escrita Efetiva;PDL;INTERNO;PRESENCIAL;12/02/2024;16/02/2024
10001/2024;10085;Joan Crawford;Não;Depto de Recursos Humanos;Administrativa;Cloud Computing Fundamentals;PDS;INTERNO;EAD;04/03/2024;09/03/2024
10046/2025;10096;Frances Ford Coppola;Não;Coordenação de Banco de Dados;Acadêmica;Agile Methodology;PDS;EXTERNO;PRESENCIAL;08/12/2025;12/12/2025
10043/2025;10108;Black Panther;Sim;Coordenação de Banco de Dados;Acadêmica;IoT Solutions;PDS;INTERNO;EAD;06/08/2025;10/08/2025
10031/2025;10119;João;Não;Depto Tecnológico;Tecnológica;Full Stack Development;PDS;INTERNO;EAD;28/08/2025;02/09/2025
10015/2024;10002;Isabela Fontana;Não;Coordenação de Banco de Dados;Acadêmica;Coordenação de Equipes;PDL;INTERNO;PRESENCIAL;08/07/2024;12/07/2024
10030/2024;10048;Lady Gaga;Não;Coordenação de ADS;Acadêmica;Supervisão e Liderança;PDL;EXTERNO;PRESENCIAL;17/06/2024;22/06/2024
10034/2025;10091;Jacqueline Bisset;Não;Coordenação de ADS;Acadêmica;Ortografia e Gramática para Escritório;PDL;INTERNO;EAD;20/09/2025;23/09/2025
10018/2024;10010;Emma Stone;Não;SAA - Secretaria Acadêmica;Administrativa;Microservices Architecture;PDS;EXTERNO;PRESENCIAL;11/04/2024;16/04/2024
10008/2024;10095;Diane Keaton;Não;Coordenação de ADS;Acadêmica;Change Management for Leaders;PDL;INTERNO;EAD;10/12/2024;14/12/2024
10012/2024;10054;Olivia Wilde;Não;SAA - Secretaria Acadêmica;Administrativa;Team Building and Collaboration;PDL;INTERNO;PRESENCIAL;23/08/2024;26/08/2024
10047/2025;10046;Demi Lovato;Não;SAA - Secretaria Acadêmica;Administrativa;Scrum Master Certification;PDS;INTERNO;EAD;19/06/2025;23/06/2025
10018/2024;10095;Diane Keaton;Não;Coordenação de ADS;Acadêmica;Microservices Architecture;PDS;EXTERNO;PRESENCIAL;17/02/2024;22/02/2024
10042/2025;10018;Rihanna;Não;Coordenação de ADS;Acadêmica;Digital Transformation;PDS;EXTERNO;PRESENCIAL;07/12/2025;12/12/2025
10029/2024;10116;Aquaman;Não;Depto de Recursos Humanos;Recursos Humanos;Java Development;PDS;INTERNO;EAD;14/12/2024;19/12/2024
10036/2025;10043;Amy Winehouse;Não;Coordenação de Banco de Dados;Acadêmica;Gestão de Conflitos no Ambiente Corporativo;PDL;INTERNO;PRESENCIAL;26/05/2025;30/05/2025
10024/2024;10002;Isabela Fontana;Não;Coordenação de Banco de Dados;Acadêmica;Gestão de Processos;PDL;INTERNO;EAD;08/09/2024;13/09/2024
10024/2024;10052;Lizzo;Não;Coordenação de Banco de Dados;Acadêmica;Gestão de Processos;PDL;INTERNO;EAD;13/01/2024;18/01/2024
10003/2024;10075;Cate Blanchett;Não;Coordenação de ADS;Acadêmica;Machine Learning Essentials;PDS;INTERNO;EAD;12/02/2024;17/02/2024
10035/2025;10017;Zendaya;Não;Coordenação de ADS;Acadêmica;Mobile App Development;PDS;INTERNO;EAD;22/09/2025;27/09/2025
10035/2025;10050;Nicki Minaj;Não;SAA - Secretaria Acadêmica;Administrativa;Mobile App Development;PDS;INTERNO;EAD;25/07/2025;30/07/2025
10014/2024;10039;Christina Aguilera;Não;Coordenação de Banco de Dados;Acadêmica;Network Security;PDS;EXTERNO;PRESENCIAL;20/01/2024;25/01/2024
10044/2025;10099;Bette Davis;Não;Coordenação de ADS;Acadêmica;5G Technology;PDS;EXTERNO;PRESENCIAL;29/10/2025;03/11/2025
10023/2024;10082;Ingrid Bergman;Não;SAA - Secretaria Acadêmica;Administrativa;Kubernetes Administration;PDS;EXTERNO;PRESENCIAL;11/06/2024;16/06/2024
10033/2025;10020;Ariana Grande;Não;SAA - Secretaria Acadêmica;Administrativa;Web Development with React;PDS;EXTERNO;PRESENCIAL;25/05/2025;30/05/2025
10024/2024;10050;Nicki Minaj;Não;SAA - Secretaria Acadêmica;Administrativa;Gestão de Processos;PDL;INTERNO;EAD;06/01/2024;11/01/2024
10010/2024;10083;Grace Kelly;Não;Coordenação de ADS;Acadêmica;Liderança Situacional;PDL;INTERNO;EAD;30/03/2024;03/04/2024
10029/2024;10013;Blake Lively;Não;Coordenação de Banco de Dados;Acadêmica;Java Development;PDS;INTERNO;EAD;20/11/2024;25/11/2024
10019/2024;10007;Jennifer Aniston;Sim;Coordenação de ADS;Acadêmica;Comunicação Escrita Efetiva;PDL;INTERNO;PRESENCIAL;22/11/2024;26/11/2024
10013/2024;10066;Naomi Campbell;Sim;SAA - Secretaria Acadêmica;Administrativa;Emotional Intelligence for Executives;PDL;INTERNO;EAD;21/04/2024;25/04/2024
10046/2025;10097;Sissy Spacek;Não;Depto de Recursos Humanos;Administrativa;Agile Methodology;PDS;EXTERNO;PRESENCIAL;23/09/2025;27/09/2025
10022/2024;10011;Margot Robbie;Não;SAA - Secretaria Acadêmica;Administrativa;CIO Strategic Planning;PDL;EXTERNO;PRESENCIAL;06/02/2024;11/02/2024
10045/2025;10022;Billie Eilish;Não;Depto de Recursos Humanos;Administrativa;Software Development Lifecycle;PDS;INTERNO;EAD;20/09/2025;25/09/2025
10025/2024;10055;Anne Hathaway;Não;Coordenação de ADS;Acadêmica;Enterprise Architecture;PDL;INTERNO;PRESENCIAL;11/03/2024;16/03/2024
10016/2024;10031;Julia Roberts;Não;Coordenação de ADS;Acadêmica;Database Administration;PDS;INTERNO;EAD;20/08/2024;24/08/2024
10018/2024;10117;Pedro;Não;SAA - Secretaria Acadêmica;Administrativa;Microservices Architecture;PDS;EXTERNO;PRESENCIAL;09/12/2024;14/12/2024
10014/2024;10069;Cindy Crawford;Não;Depto de Recursos Humanos;Administrativa;Network Security;PDS;EXTERNO;PRESENCIAL;24/11/2024;29/11/2024
10010/2024;10011;Margot Robbie;Não;SAA - Secretaria Acadêmica;Administrativa;Liderança Situacional;PDL;INTERNO;EAD;24/05/2024;28/05/2024
10043/2025;10101;Iron Man;Não;Coordenação de ADS;Acadêmica;IoT Solutions;PDS;INTERNO;EAD;13/10/2025;17/10/2025
10045/2025;10063;Emily Ratajkowski;Não;Coordenação de ADS;Acadêmica;Software Development Lifecycle;PDS;INTERNO;EAD;22/01/2025;27/01/2025
10005/2024;10136;Albert Einstein;Não;Depto Tecnológico;Tecnológica;Redação Administrativa;PDL;INTERNO;EAD;21/03/2024;25/03/2024
10029/2024;10101;Iron Man;Não;Coordenação de ADS;Acadêmica;Java Development;PDS;INTERNO;EAD;13/10/2024;18/10/2024
10013/2024;10074;Rachel Weisz;Não;SAA - Secretaria Acadêmica;Administrativa;Emotional Intelligence for Executives;PDL;INTERNO;EAD;07/04/2024;11/04/2024
10039/2025;10029;Ellen DeGeneres;Não;Coordenação de Banco de Dados;Acadêmica;Governance and Compliance;PDL;INTERNO;EAD;25/10/2025;29/10/2025
10037/2025;10100;Joan Fontaine;Não;Coordenação de Banco de Dados;Acadêmica;API Development and Design;PDS;EXTERNO;EAD;16/01/2025;20/01/2025
10046/2025;10125;Marcos;Não;Coordenação de Banco de Dados;Acadêmica;Agile Methodology;PDS;EXTERNO;PRESENCIAL;27/12/2025;31/12/2025
10009/2024;10024;Kendall Jenner;Não;Coordenação de ADS;Acadêmica;Gestão Administrativa;PDL;EXTERNO;PRESENCIAL;31/08/2024;04/09/2024
10028/2024;10134;Galileo Galilei;Sim;Coordenação de Banco de Dados;Acadêmica;Português Técnico;PDL;EXTERNO;EAD;08/11/2024;12/11/2024
10010/2024;10119;João;Não;Depto Tecnológico;Tecnológica;Liderança Situacional;PDL;INTERNO;EAD;25/02/2024;29/02/2024
10012/2024;10055;Anne Hathaway;Não;Coordenação de ADS;Acadêmica;Team Building and Collaboration;PDL;INTERNO;PRESENCIAL;16/08/2024;19/08/2024
10042/2025;10106;Spider-Man;Não;Depto Tecnológico;Tecnológica;Digital Transformation;PDS;EXTERNO;PRESENCIAL;09/03/2025;14/03/2025
10035/2025;10020;Ariana Grande;Não;SAA - Secretaria Acadêmica;Administrativa;Mobile App Development;PDS;INTERNO;EAD;14/03/2025;19/03/2025
10048/2025;10071;Christy Turlington;Não;Coordenação de ADS;Acadêmica;Project Management Fundamentals;PDS;EXTERNO;PRESENCIAL;06/08/2025;11/08/2025
10047/2025;10110;Paulo;Não;Depto Tecnológico;Tecnológica;Scrum Master Certification;PDS;INTERNO;EAD;12/12/2025;16/12/2025
10012/2024;10093;Jessica Lange;Não;Depto de Recursos Humanos;Administrativa;Team Building and Collaboration;PDL;INTERNO;PRESENCIAL;02/11/2024;05/11/2024
10038/2025;10127;André;Não;Depto de Recursos Humanos;Recursos Humanos;Planejamento Estratégico para Líderes;PDL;EXTERNO;PRESENCIAL;10/02/2025;15/02/2025
10038/2025;10045;Sam Smith;Não;Depto de Recursos Humanos;Administrativa;Planejamento Estratégico para Líderes;PDL;EXTERNO;PRESENCIAL;13/02/2025;18/02/2025
10005/2024;10103;Thor Odinson;Sim;Depto Tecnológico;Tecnológica;Redação Administrativa;PDL;INTERNO;EAD;19/10/2024;23/10/2024
10010/2024;10022;Billie Eilish;Não;Depto de Recursos Humanos;Administrativa;Liderança Situacional;PDL;INTERNO;EAD;23/05/2024;27/05/2024
10046/2025;10122;Clemente;Não;Coordenação de ADS;Acadêmica;Agile Methodology;PDS;EXTERNO;PRESENCIAL;09/04/2025;13/04/2025
10049/2025;10076;Tilda Swinton;Não;Coordenação de Banco de Dados;Acadêmica;IT Service Management;PDS;INTERNO;EAD;14/09/2025;18/09/2025
10017/2024;10092;Faye Dunaway;Não;Coordenação de Banco de Dados;Acadêmica;Financial Management for IT;PDL;EXTERNO;PRESENCIAL;22/05/2024;26/05/2024
10030/2024;10010;Emma Stone;Não;SAA - Secretaria Acadêmica;Administrativa;Supervisão e Liderança;PDL;EXTERNO;PRESENCIAL;19/09/2024;24/09/2024
10040/2025;10083;Grace Kelly;Não;Coordenação de ADS;Acadêmica;Database Design and Optimization;PDS;INTERNO;PRESENCIAL;23/10/2025;28/10/2025
10021/2024;10001;Jennifer Lopez;Não;Coordenação de ADS;Acadêmica;Container Technology with Docker;PDS;INTERNO;EAD;17/06/2024;22/06/2024
10009/2024;10008;Angelina Jolie;Não;Coordenação de ADS;Acadêmica;Gestão Administrativa;PDL;EXTERNO;PRESENCIAL;10/02/2024;14/02/2024
10026/2024;10033;Drew Barrymore;Não;SAA - Secretaria Acadêmica;Administrativa;Python Programming;PDS;EXTERNO;EAD;29/06/2024;04/07/2024
10021/2024;10011;Margot Robbie;Não;SAA - Secretaria Acadêmica;Administrativa;Container Technology with Docker;PDS;INTERNO;EAD;30/03/2024;04/04/2024
10048/2025;10031;Julia Roberts;Não;Coordenação de ADS;Acadêmica;Project Management Fundamentals;PDS;EXTERNO;PRESENCIAL;05/07/2025;10/07/2025
10018/2024;10138;Marie Curie;Não;Depto de Recursos Humanos;Administrativa;Microservices Architecture;PDS;EXTERNO;PRESENCIAL;20/04/2024;25/04/2024
10001/2024;10122;Clemente;Não;Coordenação de ADS;Acadêmica;Cloud Computing Fundamentals;PDS;INTERNO;EAD;11/04/2024;16/04/2024
10013/2024;10014;Natalie Portman;Sim;Coordenação de ADS;Acadêmica;Emotional Intelligence for Executives;PDL;INTERNO;EAD;29/10/2024;02/11/2024
10026/2024;10001;Jennifer Lopez;Não;Coordenação de ADS;Acadêmica;Python Programming;PDS;EXTERNO;EAD;22/02/2024;27/02/2024
10018/2024;10070;Linda Evangelista;Não;SAA - Secretaria Acadêmica;Administrativa;Microservices Architecture;PDS;EXTERNO;PRESENCIAL;22/07/2024;27/07/2024
10031/2025;10073;Naomi Watts;Não;Depto de Recursos Humanos;Administrativa;Full Stack Development;PDS;INTERNO;EAD;16/07/2025;21/07/2025
10033/2025;10068;Claudia Schiffer;Não;Coordenação de Banco de Dados;Acadêmica;Web Development with React;PDS;EXTERNO;PRESENCIAL;15/06/2025;20/06/2025
10036/2025;10046;Demi Lovato;Não;SAA - Secretaria Acadêmica;Administrativa;Gestão de Conflitos no Ambiente Corporativo;PDL;INTERNO;PRESENCIAL;06/01/2025;10/01/2025
10014/2024;10080;Grace Jones;Não;Coordenação de Banco de Dados;Acadêmica;Network Security;PDS;EXTERNO;PRESENCIAL;26/05/2024;31/05/2024
10022/2024;10083;Grace Kelly;Não;Coordenação de ADS;Acadêmica;CIO Strategic Planning;PDL;EXTERNO;PRESENCIAL;16/12/2024;21/12/2024
10026/2024;10033;Drew Barrymore;Não;SAA - Secretaria Acadêmica;Administrativa;Python Programming;PDS;EXTERNO;EAD;15/02/2024;20/02/2024
10009/2024;10012;Gal Gadot;Não;Coordenação de ADS;Acadêmica;Gestão Administrativa;PDL;EXTERNO;PRESENCIAL;15/04/2024;19/04/2024
10027/2024;10131;Santos Dumont;Não;Coordenação de ADS;Acadêmica;Desenvolvimento de Líderes;PDL;INTERNO;PRESENCIAL;30/10/2024;03/11/2024
10006/2024;10104;Tiago;Não;Coordenação de ADS;Acadêmica;Strategic Leadership;PDL;INTERNO;PRESENCIAL;22/09/2024;26/09/2024
10022/2024;10047;Miley Cyrus;Não;Coordenação de Banco de Dados;Acadêmica;CIO Strategic Planning;PDL;EXTERNO;PRESENCIAL;21/11/2024;26/11/2024
10049/2025;10071;Christy Turlington;Não;Coordenação de ADS;Acadêmica;IT Service Management;PDS;INTERNO;EAD;09/09/2025;13/09/2025
10001/2024;10114;The Flash;Não;Depto Tecnológico;Tecnológica;Cloud Computing Fundamentals;PDS;INTERNO;EAD;07/08/2024;12/08/2024
10025/2024;10115;Green Lantern;Não;Coordenação de Banco de Dados;Acadêmica;Enterprise Architecture;PDL;INTERNO;PRESENCIAL;25/05/2024;30/05/2024
10050/2026;10015;Amber Heard;Não;Depto de Recursos Humanos;Administrativa;Data Warehousing;PDS;EXTERNO;PRESENCIAL;05/06/2026;10/06/2026
10010/2024;10035;Cher;Não;Depto de Recursos Humanos;Administrativa;Liderança Situacional;PDL;INTERNO;EAD;26/11/2024;30/11/2024
10035/2025;10102;Captain America;Não;Coordenação de Banco de Dados;Acadêmica;Mobile App Development;PDS;INTERNO;EAD;11/04/2025;16/04/2025
10010/2024;10009;Scarlett Johansson;Não;Coordenação de Banco de Dados;Acadêmica;Liderança Situacional;PDL;INTERNO;EAD;21/01/2024;25/01/2024
10017/2024;10094;Meryl Streep;Sim;SAA - Secretaria Acadêmica;Administrativa;Financial Management for IT;PDL;EXTERNO;PRESENCIAL;25/06/2024;29/06/2024
10004/2024;10051;Cardi B;Não;Coordenação de ADS;Acadêmica;Português Avançado para Profissionais;PDL;INTERNO;PRESENCIAL;03/01/2024;07/01/2024
10008/2024;10049;Katy Perry;Não;Depto de Recursos Humanos;Administrativa;Change Management for Leaders;PDL;INTERNO;EAD;16/09/2024;20/09/2024
10046/2025;10097;Sissy Spacek;Não;Depto de Recursos Humanos;Administrativa;Agile Methodology;PDS;EXTERNO;PRESENCIAL;27/12/2025;31/12/2025
10034/2025;10006;Kate Beckinsale;Não;Coordenação de Banco de Dados;Acadêmica;Ortografia e Gramática para Escritório;PDL;INTERNO;EAD;05/08/2025;08/08/2025
10028/2024;10069;Cindy Crawford;Não;Depto de Recursos Humanos;Administrativa;Português Técnico;PDL;EXTERNO;EAD;07/10/2024;11/10/2024
10020/2024;10044;Adele;Sim;Coordenação de ADS;Acadêmica;Administração de Recursos Humanos;PDL;INTERNO;EAD;29/09/2024;03/10/2024
10036/2025;10030;Sandra Bullock;Não;Depto de Recursos Humanos;Administrativa;Gestão de Conflitos no Ambiente Corporativo;PDL;INTERNO;PRESENCIAL;25/03/2025;29/03/2025
10033/2025;10043;Amy Winehouse;Não;Coordenação de Banco de Dados;Acadêmica;Web Development with React;PDS;EXTERNO;PRESENCIAL;06/11/2025;11/11/2025
10046/2025;10029;Ellen DeGeneres;Não;Coordenação de Banco de Dados;Acadêmica;Agile Methodology;PDS;EXTERNO;PRESENCIAL;18/08/2025;22/08/2025
10018/2024;10088;Rita Hayworth;Não;Coordenação de Banco de Dados;Acadêmica;Microservices Architecture;PDS;EXTERNO;PRESENCIAL;07/04/2024;12/04/2024
10022/2024;10034;Madonna;Não;Coordenação de ADS;Acadêmica;CIO Strategic Planning;PDL;EXTERNO;PRESENCIAL;27/09/2024;02/10/2024
10045/2025;10010;Emma Stone;Não;SAA - Secretaria Acadêmica;Administrativa;Software Development Lifecycle;PDS;INTERNO;EAD;05/06/2025;10/06/2025
10045/2025;10060;Karlie Kloss;Não;Coordenação de Banco de Dados;Acadêmica;Software Development Lifecycle;PDS;INTERNO;EAD;11/08/2025;16/08/2025
10047/2025;10011;Margot Robbie;Não;SAA - Secretaria Acadêmica;Administrativa;Scrum Master Certification;PDS;INTERNO;EAD;14/05/2025;18/05/2025
10027/2024;10107;Doctor Strange;Não;Coordenação de ADS;Acadêmica;Desenvolvimento de Líderes;PDL;INTERNO;PRESENCIAL;07/05/2024;11/05/2024
10001/2024;10093;Jessica Lange;Não;Depto de Recursos Humanos;Administrativa;Cloud Computing Fundamentals;PDS;INTERNO;EAD;27/08/2024;01/09/2024
10022/2024;10075;Cate Blanchett;Não;Coordenação de ADS;Acadêmica;CIO Strategic Planning;PDL;EXTERNO;PRESENCIAL;21/10/2024;26/10/2024
10008/2024;10075;Cate Blanchett;Não;Coordenação de ADS;Acadêmica;Change Management for Leaders;PDL;INTERNO;EAD;29/02/2024;04/03/2024
10037/2025;10101;Iron Man;Não;Coordenação de ADS;Acadêmica;API Development and Design;PDS;EXTERNO;EAD;27/12/2025;31/12/2025
10032/2025;10070;Linda Evangelista;Não;SAA - Secretaria Acadêmica;Administrativa;Transformational Leadership;PDL;EXTERNO;PRESENCIAL;26/05/2025;31/05/2025
10014/2024;10079;Audrey Hepburn;Não;Coordenação de ADS;Acadêmica;Network Security;PDS;EXTERNO;PRESENCIAL;12/03/2024;17/03/2024
10035/2025;10016;Meghan Markle;Não;SAA - Secretaria Acadêmica;Administrativa;Mobile App Development;PDS;INTERNO;EAD;27/03/2025;01/04/2025
10007/2024;10054;Olivia Wilde;Não;SAA - Secretaria Acadêmica;Administrativa;Executive Decision Making;PDL;EXTERNO;PRESENCIAL;12/06/2024;16/06/2024
10027/2024;10092;Faye Dunaway;Não;Coordenação de Banco de Dados;Acadêmica;Desenvolvimento de Líderes;PDL;INTERNO;PRESENCIAL;26/01/2024;30/01/2024
10018/2024;10079;Audrey Hepburn;Não;Coordenação de ADS;Acadêmica;Microservices Architecture;PDS;EXTERNO;PRESENCIAL;21/04/2024;26/04/2024
10020/2024;10038;Britney Spears;Não;SAA - Secretaria Acadêmica;Administrativa;Administração de Recursos Humanos;PDL;INTERNO;EAD;02/10/2024;06/10/2024
10048/2025;10090;Brigitte Bardot;Não;SAA - Secretaria Acadêmica;Administrativa;Project Management Fundamentals;PDS;EXTERNO;PRESENCIAL;23/07/2025;28/07/2025
10044/2025;10042;Nelly Furtado;Não;SAA - Secretaria Acadêmica;Administrativa;5G Technology;PDS;EXTERNO;PRESENCIAL;19/10/2025;24/10/2025
10015/2024;10008;Angelina Jolie;Não;Coordenação de ADS;Acadêmica;Coordenação de Equipes;PDL;INTERNO;PRESENCIAL;04/06/2024;08/06/2024
10036/2025;10027;Beyonce Knowles;Não;Coordenação de ADS;Acadêmica;Gestão de Conflitos no Ambiente Corporativo;PDL;INTERNO;PRESENCIAL;08/11/2025;12/11/2025
10033/2025;10023;Hailey Baldwin;Não;SAA - Secretaria Acadêmica;Administrativa;Web Development with React;PDS;EXTERNO;PRESENCIAL;27/05/2025;01/06/2025
10010/2024;10105;Hulk;Não;Coordenação de Banco de Dados;Acadêmica;Liderança Situacional;PDL;INTERNO;EAD;12/01/2024;16/01/2024
10034/2025;10110;Paulo;Não;Depto Tecnológico;Tecnológica;Ortografia e Gramática para Escritório;PDL;INTERNO;EAD;03/11/2025;06/11/2025
10024/2024;10003;Paolla Oliveira;Não;SAA - Secretaria Acadêmica;Administrativa;Gestão de Processos;PDL;INTERNO;EAD;17/02/2024;22/02/2024
10011/2024;10036;Mariah Carey;Não;Coordenação de ADS;Acadêmica;Data Science for Business;PDS;EXTERNO;PRESENCIAL;14/12/2024;19/12/2024
10006/2024;10116;Aquaman;Não;Depto de Recursos Humanos;Recursos Humanos;Strategic Leadership;PDL;INTERNO;PRESENCIAL;17/07/2024;21/07/2024
10028/2024;10081;Vivien Leigh;Não;Depto de Recursos Humanos;Administrativa;Português Técnico;PDL;EXTERNO;EAD;04/09/2024;08/09/2024
10022/2024;10054;Olivia Wilde;Não;SAA - Secretaria Acadêmica;Administrativa;CIO Strategic Planning;PDL;EXTERNO;PRESENCIAL;20/10/2024;25/10/2024
10023/2024;10019;Taylor Swift;Não;Depto de Recursos Humanos;Administrativa;Kubernetes Administration;PDS;EXTERNO;PRESENCIAL;30/06/2024;05/07/2024
10020/2024;10119;João;Não;Depto Tecnológico;Tecnológica;Administração de Recursos Humanos;PDL;INTERNO;EAD;19/03/2024;23/03/2024
10018/2024;10063;Emily Ratajkowski;Não;Coordenação de ADS;Acadêmica;Microservices Architecture;PDS;EXTERNO;PRESENCIAL;18/08/2024;23/08/2024
10031/2025;10008;Angelina Jolie;Não;Coordenação de ADS;Acadêmica;Full Stack Development;PDS;INTERNO;EAD;30/06/2025;05/07/2025
10010/2024;10032;Cameron Diaz;Não;Coordenação de Banco de Dados;Acadêmica;Liderança Situacional;PDL;INTERNO;EAD;26/09/2024;30/09/2024
10048/2025;10002;Isabela Fontana;Não;Coordenação de Banco de Dados;Acadêmica;Project Management Fundamentals;PDS;EXTERNO;PRESENCIAL;17/12/2025;22/12/2025
10034/2025;10025;Kylie Jenner;Não;Depto de Recursos Humanos;Administrativa;Ortografia e Gramática para Escritório;PDL;INTERNO;EAD;10/08/2025;13/08/2025
10003/2024;10099;Bette Davis;Não;Coordenação de ADS;Acadêmica;Machine Learning Essentials;PDS;INTERNO;EAD;12/02/2024;17/02/2024
10002/2024;10093;Jessica Lange;Não;Depto de Recursos Humanos;Administrativa;Cybersecurity Advanced;PDS;EXTERNO;PRESENCIAL;27/10/2024;31/10/2024
10043/2025;10091;Jacqueline Bisset;Não;Coordenação de ADS;Acadêmica;IoT Solutions;PDS;INTERNO;EAD;31/08/2025;04/09/2025
10018/2024;10017;Zendaya;Não;Coordenação de ADS;Acadêmica;Microservices Architecture;PDS;EXTERNO;PRESENCIAL;06/03/2024;11/03/2024
10031/2025;10016;Meghan Markle;Não;SAA - Secretaria Acadêmica;Administrativa;Full Stack Development;PDS;INTERNO;EAD;14/01/2025;19/01/2025
10004/2024;10033;Drew Barrymore;Não;SAA - Secretaria Acadêmica;Administrativa;Português Avançado para Profissionais;PDL;INTERNO;PRESENCIAL;17/09/2024;21/09/2024
10047/2025;10013;Blake Lively;Não;Coordenação de Banco de Dados;Acadêmica;Scrum Master Certification;PDS;INTERNO;EAD;27/07/2025;31/07/2025
10042/2025;10111;Superman;Sim;Coordenação de ADS;Acadêmica;Digital Transformation;PDS;EXTERNO;PRESENCIAL;09/05/2025;14/05/2025
10038/2025;10103;Thor Odinson;Sim;Depto Tecnológico;Tecnológica;Planejamento Estratégico para Líderes;PDL;EXTERNO;PRESENCIAL;29/09/2025;04/10/2025
10020/2024;10069;Cindy Crawford;Não;Depto de Recursos Humanos;Administrativa;Administração de Recursos Humanos;PDL;INTERNO;EAD;01/07/2024;05/07/2024
10045/2025;10135;Isaac Newton;Sim;Coordenação de ADS;Acadêmica;Software Development Lifecycle;PDS;INTERNO;EAD;29/03/2025;03/04/2025
10048/2025;10106;Spider-Man;Não;Depto Tecnológico;Tecnológica;Project Management Fundamentals;PDS;EXTERNO;PRESENCIAL;08/12/2025;13/12/2025
10008/2024;10047;Miley Cyrus;Não;Coordenação de Banco de Dados;Acadêmica;Change Management for Leaders;PDL;INTERNO;EAD;06/03/2024;10/03/2024
10017/2024;10013;Blake Lively;Não;Coordenação de Banco de Dados;Acadêmica;Financial Management for IT;PDL;EXTERNO;PRESENCIAL;08/09/2024;12/09/2024
10001/2024;10058;Eva Mendes;Não;SAA - Secretaria Acadêmica;Administrativa;Cloud Computing Fundamentals;PDS;INTERNO;EAD;15/10/2024;20/10/2024
10017/2024;10037;Celine Dion;Não;Coordenação de ADS;Acadêmica;Financial Management for IT;PDL;EXTERNO;PRESENCIAL;22/09/2024;26/09/2024
10004/2024;10064;Cara Delevingne;Não;Coordenação de Banco de Dados;Acadêmica;Português Avançado para Profissionais;PDL;INTERNO;PRESENCIAL;12/09/2024;16/09/2024
10042/2025;10035;Cher;Não;Depto de Recursos Humanos;Administrativa;Digital Transformation;PDS;EXTERNO;PRESENCIAL;17/08/2025;22/08/2025
10041/2025;10080;Grace Jones;Não;Coordenação de Banco de Dados;Acadêmica;Motivação e Engajamento de Equipes;PDL;INTERNO;EAD;09/02/2025;13/02/2025
10040/2025;10029;Ellen DeGeneres;Não;Coordenação de Banco de Dados;Acadêmica;Database Design and Optimization;PDS;INTERNO;PRESENCIAL;11/12/2025;16/12/2025
10008/2024;10093;Jessica Lange;Não;Depto de Recursos Humanos;Administrativa;Change Management for Leaders;PDL;INTERNO;EAD;04/07/2024;08/07/2024
10035/2025;10119;João;Não;Depto Tecnológico;Tecnológica;Mobile App Development;PDS;INTERNO;EAD;11/07/2025;16/07/2025
10033/2025;10009;Scarlett Johansson;Não;Coordenação de Banco de Dados;Acadêmica;Web Development with React;PDS;EXTERNO;PRESENCIAL;07/03/2025;12/03/2025
10039/2025;10100;Joan Fontaine;Não;Coordenação de Banco de Dados;Acadêmica;Governance and Compliance;PDL;INTERNO;EAD;28/09/2025;02/10/2025
10011/2024;10011;Margot Robbie;Não;SAA - Secretaria Acadêmica;Administrativa;Data Science for Business;PDS;EXTERNO;PRESENCIAL;19/03/2024;24/03/2024
10018/2024;10105;Hulk;Não;Coordenação de Banco de Dados;Acadêmica;Microservices Architecture;PDS;EXTERNO;PRESENCIAL;19/06/2024;24/06/2024
10029/2024;10039;Christina Aguilera;Não;Coordenação de Banco de Dados;Acadêmica;Java Development;PDS;INTERNO;EAD;24/02/2024;29/02/2024
10002/2024;10021;Dua Lipa;Não;Coordenação de Banco de Dados;Acadêmica;Cybersecurity Advanced;PDS;EXTERNO;PRESENCIAL;08/06/2024;12/06/2024
10026/2024;10105;Hulk;Não;Coordenação de Banco de Dados;Acadêmica;Python Programming;PDS;EXTERNO;EAD;02/05/2024;07/05/2024
10035/2025;10060;Karlie Kloss;Não;Coordenação de Banco de Dados;Acadêmica;Mobile App Development;PDS;INTERNO;EAD;18/04/2025;23/04/2025
10023/2024;10080;Grace Jones;Não;Coordenação de Banco de Dados;Acadêmica;Kubernetes Administration;PDS;EXTERNO;PRESENCIAL;08/07/2024;13/07/2024
10001/2024;10014;Natalie Portman;Sim;Coordenação de ADS;Acadêmica;Cloud Computing Fundamentals;PDS;INTERNO;EAD;17/02/2024;22/02/2024
10001/2024;10063;Emily Ratajkowski;Não;Coordenação de ADS;Acadêmica;Cloud Computing Fundamentals;PDS;INTERNO;EAD;01/05/2024;06/05/2024
10012/2024;10088;Rita Hayworth;Não;Coordenação de Banco de Dados;Acadêmica;Team Building and Collaboration;PDL;INTERNO;PRESENCIAL;09/05/2024;12/05/2024
10049/2025;10057;Jessica Alba;Não;Depto de Recursos Humanos;Administrativa;IT Service Management;PDS;INTERNO;EAD;05/12/2025;09/12/2025
10035/2025;10100;Joan Fontaine;Não;Coordenação de Banco de Dados;Acadêmica;Mobile App Development;PDS;INTERNO;EAD;21/03/2025;26/03/2025
10042/2025;10055;Anne Hathaway;Não;Coordenação de ADS;Acadêmica;Digital Transformation;PDS;EXTERNO;PRESENCIAL;28/10/2025;02/11/2025
10010/2024;10007;Jennifer Aniston;Sim;Coordenação de ADS;Acadêmica;Liderança Situacional;PDL;INTERNO;EAD;21/04/2024;25/04/2024
10029/2024;10086;Ava Gardner;Não;SAA - Secretaria Acadêmica;Administrativa;Java Development;PDS;INTERNO;EAD;12/11/2024;17/11/2024
10013/2024;10025;Kylie Jenner;Não;Depto de Recursos Humanos;Administrativa;Emotional Intelligence for Executives;PDL;INTERNO;EAD;24/06/2024;28/06/2024
10036/2025;10060;Karlie Kloss;Não;Coordenação de Banco de Dados;Acadêmica;Gestão de Conflitos no Ambiente Corporativo;PDL;INTERNO;PRESENCIAL;08/12/2025;12/12/2025
10014/2024;10097;Sissy Spacek;Não;Depto de Recursos Humanos;Administrativa;Network Security;PDS;EXTERNO;PRESENCIAL;06/11/2024;11/11/2024
10030/2024;10130;Timóteo;Não;Depto de Recursos Humanos;Recursos Humanos;Supervisão e Liderança;PDL;EXTERNO;PRESENCIAL;08/01/2024;13/01/2024
10037/2025;10067;Tyra Banks;Não;Coordenação de ADS;Acadêmica;API Development and Design;PDS;EXTERNO;EAD;22/10/2025;26/10/2025
10001/2024;10053;Halsey;Não;Depto de Recursos Humanos;Administrativa;Cloud Computing Fundamentals;PDS;INTERNO;EAD;11/07/2024;16/07/2024
10030/2024;10031;Julia Roberts;Não;Coordenação de ADS;Acadêmica;Supervisão e Liderança;PDL;EXTERNO;PRESENCIAL;19/04/2024;24/04/2024
10031/2025;10029;Ellen DeGeneres;Não;Coordenação de Banco de Dados;Acadêmica;Full Stack Development;PDS;INTERNO;EAD;25/07/2025;30/07/2025
10007/2024;10079;Audrey Hepburn;Não;Coordenação de ADS;Acadêmica;Executive Decision Making;PDL;EXTERNO;PRESENCIAL;27/06/2024;01/07/2024
10027/2024;10028;Oprah Winfrey;Sim;Coordenação de ADS;Acadêmica;Desenvolvimento de Líderes;PDL;INTERNO;PRESENCIAL;24/05/2024;28/05/2024
10010/2024;10039;Christina Aguilera;Não;Coordenação de Banco de Dados;Acadêmica;Liderança Situacional;PDL;INTERNO;EAD;03/08/2024;07/08/2024
10046/2025;10091;Jacqueline Bisset;Não;Coordenação de ADS;Acadêmica;Agile Methodology;PDS;EXTERNO;PRESENCIAL;18/09/2025;22/09/2025
10020/2024;10020;Ariana Grande;Não;SAA - Secretaria Acadêmica;Administrativa;Administração de Recursos Humanos;PDL;INTERNO;EAD;30/05/2024;03/06/2024
10049/2025;10034;Madonna;Não;Coordenação de ADS;Acadêmica;IT Service Management;PDS;INTERNO;EAD;31/08/2025;04/09/2025
10018/2024;10098;Jessica Tandy;Não;SAA - Secretaria Acadêmica;Administrativa;Microservices Architecture;PDS;EXTERNO;PRESENCIAL;11/07/2024;16/07/2024
10047/2025;10037;Celine Dion;Não;Coordenação de ADS;Acadêmica;Scrum Master Certification;PDS;INTERNO;EAD;09/03/2025;13/03/2025
10013/2024;10108;Black Panther;Sim;Coordenação de Banco de Dados;Acadêmica;Emotional Intelligence for Executives;PDL;INTERNO;EAD;01/01/2025;05/01/2025
10038/2025;10040;Shakira;Não;Coordenação de ADS;Acadêmica;Planejamento Estratégico para Líderes;PDL;EXTERNO;PRESENCIAL;19/01/2025;24/01/2025
10008/2024;10076;Tilda Swinton;Não;Coordenação de Banco de Dados;Acadêmica;Change Management for Leaders;PDL;INTERNO;EAD;19/04/2024;23/04/2024
10014/2024;10009;Scarlett Johansson;Não;Coordenação de Banco de Dados;Acadêmica;Network Security;PDS;EXTERNO;PRESENCIAL;25/01/2024;30/01/2024
10013/2024;10072;Kate Moss;Não;Coordenação de Banco de Dados;Acadêmica;Emotional Intelligence for Executives;PDL;INTERNO;EAD;14/03/2024;18/03/2024
10014/2024;10051;Cardi B;Não;Coordenação de ADS;Acadêmica;Network Security;PDS;EXTERNO;PRESENCIAL;26/09/2024;01/10/2024
10023/2024;10039;Christina Aguilera;Não;Coordenação de Banco de Dados;Acadêmica;Kubernetes Administration;PDS;EXTERNO;PRESENCIAL;21/07/2024;26/07/2024
10039/2025;10111;Superman;Sim;Coordenação de ADS;Acadêmica;Governance and Compliance;PDL;INTERNO;EAD;27/01/2025;31/01/2025
10025/2024;10085;Joan Crawford;Não;Depto de Recursos Humanos;Administrativa;Enterprise Architecture;PDL;INTERNO;PRESENCIAL;10/07/2024;15/07/2024
10049/2025;10070;Linda Evangelista;Não;SAA - Secretaria Acadêmica;Administrativa;IT Service Management;PDS;INTERNO;EAD;13/10/2025;17/10/2025
10029/2024;10008;Angelina Jolie;Não;Coordenação de ADS;Acadêmica;Java Development;PDS;INTERNO;EAD;12/09/2024;17/09/2024
10044/2025;10100;Joan Fontaine;Não;Coordenação de Banco de Dados;Acadêmica;5G Technology;PDS;EXTERNO;PRESENCIAL;11/02/2025;16/02/2025
10019/2024;10064;Cara Delevingne;Não;Coordenação de Banco de Dados;Acadêmica;Comunicação Escrita Efetiva;PDL;INTERNO;PRESENCIAL;21/07/2024;25/07/2024
10042/2025;10039;Christina Aguilera;Não;Coordenação de Banco de Dados;Acadêmica;Digital Transformation;PDS;EXTERNO;PRESENCIAL;23/08/2025;28/08/2025
10005/2024;10102;Captain America;Não;Coordenação de Banco de Dados;Acadêmica;Redação Administrativa;PDL;INTERNO;EAD;07/09/2024;11/09/2024
10045/2025;10046;Demi Lovato;Não;SAA - Secretaria Acadêmica;Administrativa;Software Development Lifecycle;PDS;INTERNO;EAD;02/03/2025;07/03/2025
10001/2024;10122;Clemente;Não;Coordenação de ADS;Acadêmica;Cloud Computing Fundamentals;PDS;INTERNO;EAD;12/03/2024;17/03/2024
10008/2024;10054;Olivia Wilde;Não;SAA - Secretaria Acadêmica;Administrativa;Change Management for Leaders;PDL;INTERNO;EAD;29/02/2024;04/03/2024
10022/2024;10076;Tilda Swinton;Não;Coordenação de Banco de Dados;Acadêmica;CIO Strategic Planning;PDL;EXTERNO;PRESENCIAL;10/01/2024;15/01/2024
10036/2025;10082;Ingrid Bergman;Não;SAA - Secretaria Acadêmica;Administrativa;Gestão de Conflitos no Ambiente Corporativo;PDL;INTERNO;PRESENCIAL;06/04/2025;10/04/2025
10045/2025;10101;Iron Man;Não;Coordenação de ADS;Acadêmica;Software Development Lifecycle;PDS;INTERNO;EAD;08/06/2025;13/06/2025
10048/2025;10062;Bella Hadid;Não;SAA - Secretaria Acadêmica;Administrativa;Project Management Fundamentals;PDS;EXTERNO;PRESENCIAL;02/11/2025;07/11/2025
10004/2024;10039;Christina Aguilera;Não;Coordenação de Banco de Dados;Acadêmica;Português Avançado para Profissionais;PDL;INTERNO;PRESENCIAL;19/01/2024;23/01/2024
10008/2024;10019;Taylor Swift;Não;Depto de Recursos Humanos;Administrativa;Change Management for Leaders;PDL;INTERNO;EAD;06/01/2024;10/01/2024
10035/2025;10033;Drew Barrymore;Não;SAA - Secretaria Acadêmica;Administrativa;Mobile App Development;PDS;INTERNO;EAD;24/10/2025;29/10/2025
10023/2024;10047;Miley Cyrus;Não;Coordenação de Banco de Dados;Acadêmica;Kubernetes Administration;PDS;EXTERNO;PRESENCIAL;06/01/2024;11/01/2024
10003/2024;10007;Jennifer Aniston;Sim;Coordenação de ADS;Acadêmica;Machine Learning Essentials;PDS;INTERNO;EAD;17/09/2024;22/09/2024
10029/2024;10106;Spider-Man;Não;Depto Tecnológico;Tecnológica;Java Development;PDS;INTERNO;EAD;08/12/2024;13/12/2024
10050/2026;10042;Nelly Furtado;Não;SAA - Secretaria Acadêmica;Administrativa;Data Warehousing;PDS;EXTERNO;PRESENCIAL;24/04/2026;29/04/2026
10028/2024;10043;Amy Winehouse;Não;Coordenação de Banco de Dados;Acadêmica;Português Técnico;PDL;EXTERNO;EAD;02/12/2024;06/12/2024
10045/2025;10042;Nelly Furtado;Não;SAA - Secretaria Acadêmica;Administrativa;Software Development Lifecycle;PDS;INTERNO;EAD;13/11/2025;18/11/2025
10050/2026;10074;Rachel Weisz;Não;SAA - Secretaria Acadêmica;Administrativa;Data Warehousing;PDS;EXTERNO;PRESENCIAL;22/05/2026;27/05/2026
10028/2024;10114;The Flash;Não;Depto Tecnológico;Tecnológica;Português Técnico;PDL;EXTERNO;EAD;06/06/2024;10/06/2024
10039/2025;10120;Jesus Emanuel;Não;Depto Tecnológico;Tecnológica;Governance and Compliance;PDL;INTERNO;EAD;27/04/2025;01/05/2025
10030/2024;10061;Gigi Hadid;Não;Depto de Recursos Humanos;Administrativa;Supervisão e Liderança;PDL;EXTERNO;PRESENCIAL;28/12/2024;02/01/2025
10050/2026;10101;Iron Man;Não;Coordenação de ADS;Acadêmica;Data Warehousing;PDS;EXTERNO;PRESENCIAL;22/03/2026;27/03/2026
10013/2024;10100;Joan Fontaine;Não;Coordenação de Banco de Dados;Acadêmica;Emotional Intelligence for Executives;PDL;INTERNO;EAD;15/12/2024;19/12/2024
10022/2024;10077;Isabella Rossellini;Não;Depto de Recursos Humanos;Administrativa;CIO Strategic Planning;PDL;EXTERNO;PRESENCIAL;05/09/2024;10/09/2024
10004/2024;10044;Adele;Sim;Coordenação de ADS;Acadêmica;Português Avançado para Profissionais;PDL;INTERNO;PRESENCIAL;30/04/2024;04/05/2024
10018/2024;10040;Shakira;Não;Coordenação de ADS;Acadêmica;Microservices Architecture;PDS;EXTERNO;PRESENCIAL;01/07/2024;06/07/2024
10036/2025;10135;Isaac Newton;Sim;Coordenação de ADS;Acadêmica;Gestão de Conflitos no Ambiente Corporativo;PDL;INTERNO;PRESENCIAL;25/12/2025;29/12/2025
10001/2024;10126;Lucas;Não;Coordenação de ADS;Acadêmica;Cloud Computing Fundamentals;PDS;INTERNO;EAD;15/06/2024;20/06/2024
10008/2024;10065;Irina Shayk;Não;Depto de Recursos Humanos;Administrativa;Change Management for Leaders;PDL;INTERNO;EAD;28/08/2024;01/09/2024
10046/2025;10010;Emma Stone;Não;SAA - Secretaria Acadêmica;Administrativa;Agile Methodology;PDS;EXTERNO;PRESENCIAL;13/11/2025;17/11/2025
10049/2025;10096;Frances Ford Coppola;Não;Coordenação de Banco de Dados;Acadêmica;IT Service Management;PDS;INTERNO;EAD;27/05/2025;31/05/2025
10047/2025;10002;Isabela Fontana;Não;Coordenação de Banco de Dados;Acadêmica;Scrum Master Certification;PDS;INTERNO;EAD;18/02/2025;22/02/2025
10026/2024;10023;Hailey Baldwin;Não;SAA - Secretaria Acadêmica;Administrativa;Python Programming;PDS;EXTERNO;EAD;21/04/2024;26/04/2024
10019/2024;10080;Grace Jones;Não;Coordenação de Banco de Dados;Acadêmica;Comunicação Escrita Efetiva;PDL;INTERNO;PRESENCIAL;08/02/2024;12/02/2024
10039/2025;10006;Kate Beckinsale;Não;Coordenação de Banco de Dados;Acadêmica;Governance and Compliance;PDL;INTERNO;EAD;06/05/2025;10/05/2025
10039/2025;10066;Naomi Campbell;Sim;SAA - Secretaria Acadêmica;Administrativa;Governance and Compliance;PDL;INTERNO;EAD;18/04/2025;22/04/2025
10028/2024;10128;Tomás;Não;SAA - Secretaria Acadêmica;Administrativa;Português Técnico;PDL;EXTERNO;EAD;28/04/2024;02/05/2024
10013/2024;10123;Mateus;Não;Depto Tecnológico;Tecnológica;Emotional Intelligence for Executives;PDL;INTERNO;EAD;12/03/2024;16/03/2024
10039/2025;10056;Amy Adams;Não;Coordenação de Banco de Dados;Acadêmica;Governance and Compliance;PDL;INTERNO;EAD;10/04/2025;14/04/2025
10032/2025;10037;Celine Dion;Não;Coordenação de ADS;Acadêmica;Transformational Leadership;PDL;EXTERNO;PRESENCIAL;06/03/2025;11/03/2025
10037/2025;10140;Carl Sagan;Não;Coordenação de ADS;Acadêmica;API Development and Design;PDS;EXTERNO;EAD;16/06/2025;20/06/2025
10037/2025;10013;Blake Lively;Não;Coordenação de Banco de Dados;Acadêmica;API Development and Design;PDS;EXTERNO;EAD;23/04/2025;27/04/2025
10036/2025;10040;Shakira;Não;Coordenação de ADS;Acadêmica;Gestão de Conflitos no Ambiente Corporativo;PDL;INTERNO;PRESENCIAL;12/01/2025;16/01/2025
10039/2025;10023;Hailey Baldwin;Não;SAA - Secretaria Acadêmica;Administrativa;Governance and Compliance;PDL;INTERNO;EAD;22/12/2025;26/12/2025
10024/2024;10120;Jesus Emanuel;Não;Depto Tecnológico;Tecnológica;Gestão de Processos;PDL;INTERNO;EAD;02/03/2024;07/03/2024
10001/2024;10031;Julia Roberts;Não;Coordenação de ADS;Acadêmica;Cloud Computing Fundamentals;PDS;INTERNO;EAD;27/09/2024;02/10/2024
10003/2024;10056;Amy Adams;Não;Coordenação de Banco de Dados;Acadêmica;Machine Learning Essentials;PDS;INTERNO;EAD;26/02/2024;02/03/2024
10044/2025;10087;Elizabeth Taylor;Não;Coordenação de ADS;Acadêmica;5G Technology;PDS;EXTERNO;PRESENCIAL;09/08/2025;14/08/2025
10050/2026;10110;Paulo;Não;Depto Tecnológico;Tecnológica;Data Warehousing;PDS;EXTERNO;PRESENCIAL;28/07/2026;02/08/2026
10020/2024;10031;Julia Roberts;Não;Coordenação de ADS;Acadêmica;Administração de Recursos Humanos;PDL;INTERNO;EAD;11/01/2024;15/01/2024
10031/2025;10118;Simão;Não;Coordenação de ADS;Acadêmica;Full Stack Development;PDS;INTERNO;EAD;29/12/2025;03/01/2026
10034/2025;10115;Green Lantern;Não;Coordenação de Banco de Dados;Acadêmica;Ortografia e Gramática para Escritório;PDL;INTERNO;EAD;09/02/2025;12/02/2025
10016/2024;10094;Meryl Streep;Sim;SAA - Secretaria Acadêmica;Administrativa;Database Administration;PDS;INTERNO;EAD;11/04/2024;15/04/2024
10014/2024;10016;Meghan Markle;Não;SAA - Secretaria Acadêmica;Administrativa;Network Security;PDS;EXTERNO;PRESENCIAL;25/04/2024;30/04/2024
10041/2025;10113;Wonder Woman;Não;Coordenação de ADS;Acadêmica;Motivação e Engajamento de Equipes;PDL;INTERNO;EAD;09/05/2025;13/05/2025
10014/2024;10108;Black Panther;Sim;Coordenação de Banco de Dados;Acadêmica;Network Security;PDS;EXTERNO;PRESENCIAL;29/10/2024;03/11/2024
10044/2025;10001;Jennifer Lopez;Não;Coordenação de ADS;Acadêmica;5G Technology;PDS;EXTERNO;PRESENCIAL;17/08/2025;22/08/2025
10005/2024;10011;Margot Robbie;Não;SAA - Secretaria Acadêmica;Administrativa;Redação Administrativa;PDL;INTERNO;EAD;06/02/2024;10/02/2024
10002/2024;10014;Natalie Portman;Sim;Coordenação de ADS;Acadêmica;Cybersecurity Advanced;PDS;EXTERNO;PRESENCIAL;12/01/2024;16/01/2024
10030/2024;10120;Jesus Emanuel;Não;Depto Tecnológico;Tecnológica;Supervisão e Liderança;PDL;EXTERNO;PRESENCIAL;27/09/2024;02/10/2024
10036/2025;10100;Joan Fontaine;Não;Coordenação de Banco de Dados;Acadêmica;Gestão de Conflitos no Ambiente Corporativo;PDL;INTERNO;PRESENCIAL;05/08/2025;09/08/2025
10026/2024;10046;Demi Lovato;Não;SAA - Secretaria Acadêmica;Administrativa;Python Programming;PDS;EXTERNO;EAD;16/01/2024;21/01/2024
10010/2024;10091;Jacqueline Bisset;Não;Coordenação de ADS;Acadêmica;Liderança Situacional;PDL;INTERNO;EAD;05/06/2024;09/06/2024
10007/2024;10045;Sam Smith;Não;Depto de Recursos Humanos;Administrativa;Executive Decision Making;PDL;EXTERNO;PRESENCIAL;09/04/2024;13/04/2024
10017/2024;10046;Demi Lovato;Não;SAA - Secretaria Acadêmica;Administrativa;Financial Management for IT;PDL;EXTERNO;PRESENCIAL;15/11/2024;19/11/2024
10048/2025;10020;Ariana Grande;Não;SAA - Secretaria Acadêmica;Administrativa;Project Management Fundamentals;PDS;EXTERNO;PRESENCIAL;29/07/2025;03/08/2025
10027/2024;10049;Katy Perry;Não;Depto de Recursos Humanos;Administrativa;Desenvolvimento de Líderes;PDL;INTERNO;PRESENCIAL;22/03/2024;26/03/2024
10050/2026;10052;Lizzo;Não;Coordenação de Banco de Dados;Acadêmica;Data Warehousing;PDS;EXTERNO;PRESENCIAL;27/01/2026;01/02/2026
10048/2025;10001;Jennifer Lopez;Não;Coordenação de ADS;Acadêmica;Project Management Fundamentals;PDS;EXTERNO;PRESENCIAL;26/01/2025;31/01/2025
10024/2024;10003;Paolla Oliveira;Não;SAA - Secretaria Acadêmica;Administrativa;Gestão de Processos;PDL;INTERNO;EAD;24/07/2024;29/07/2024
10037/2025;10003;Paolla Oliveira;Não;SAA - Secretaria Acadêmica;Administrativa;API Development and Design;PDS;EXTERNO;EAD;19/01/2025;23/01/2025
10017/2024;10078;Sophia Loren;Não;SAA - Secretaria Acadêmica;Administrativa;Financial Management for IT;PDL;EXTERNO;PRESENCIAL;05/03/2024;09/03/2024
10040/2025;10096;Frances Ford Coppola;Não;Coordenação de Banco de Dados;Acadêmica;Database Design and Optimization;PDS;INTERNO;PRESENCIAL;15/11/2025;20/11/2025
10013/2024;10053;Halsey;Não;Depto de Recursos Humanos;Administrativa;Emotional Intelligence for Executives;PDL;INTERNO;EAD;18/06/2024;22/06/2024
10008/2024;10116;Aquaman;Não;Depto de Recursos Humanos;Recursos Humanos;Change Management for Leaders;PDL;INTERNO;EAD;09/05/2024;13/05/2024
10012/2024;10134;Galileo Galilei;Sim;Coordenação de Banco de Dados;Acadêmica;Team Building and Collaboration;PDL;INTERNO;PRESENCIAL;23/05/2024;26/05/2024
10036/2025;10117;Pedro;Não;SAA - Secretaria Acadêmica;Administrativa;Gestão de Conflitos no Ambiente Corporativo;PDL;INTERNO;PRESENCIAL;12/04/2025;16/04/2025
10042/2025;10088;Rita Hayworth;Não;Coordenação de Banco de Dados;Acadêmica;Digital Transformation;PDS;EXTERNO;PRESENCIAL;05/10/2025;10/10/2025
10026/2024;10007;Jennifer Aniston;Sim;Coordenação de ADS;Acadêmica;Python Programming;PDS;EXTERNO;EAD;04/02/2024;09/02/2024
10038/2025;10061;Gigi Hadid;Não;Depto de Recursos Humanos;Administrativa;Planejamento Estratégico para Líderes;PDL;EXTERNO;PRESENCIAL;15/09/2025;20/09/2025
10042/2025;10036;Mariah Carey;Não;Coordenação de ADS;Acadêmica;Digital Transformation;PDS;EXTERNO;PRESENCIAL;12/06/2025;17/06/2025
10029/2024;10012;Gal Gadot;Não;Coordenação de ADS;Acadêmica;Java Development;PDS;INTERNO;EAD;09/01/2024;14/01/2024
10015/2024;10129;Barnabé;Não;SAA - Secretaria Acadêmica;Administrativa;Coordenação de Equipes;PDL;INTERNO;PRESENCIAL;24/01/2024;28/01/2024
10019/2024;10084;Marilyn Monroe;Não;Coordenação de Banco de Dados;Acadêmica;Comunicação Escrita Efetiva;PDL;INTERNO;PRESENCIAL;27/05/2024;31/05/2024
10006/2024;10009;Scarlett Johansson;Não;Coordenação de Banco de Dados;Acadêmica;Strategic Leadership;PDL;INTERNO;PRESENCIAL;09/01/2024;13/01/2024
10008/2024;10127;André;Não;Depto de Recursos Humanos;Recursos Humanos;Change Management for Leaders;PDL;INTERNO;EAD;15/02/2024;19/02/2024
10028/2024;10129;Barnabé;Não;SAA - Secretaria Acadêmica;Administrativa;Português Técnico;PDL;EXTERNO;EAD;22/05/2024;26/05/2024
10010/2024;10112;Batman;Não;Coordenação de Banco de Dados;Acadêmica;Liderança Situacional;PDL;INTERNO;EAD;25/01/2024;29/01/2024
10036/2025;10073;Naomi Watts;Não;Depto de Recursos Humanos;Administrativa;Gestão de Conflitos no Ambiente Corporativo;PDL;INTERNO;PRESENCIAL;16/09/2025;20/09/2025
10028/2024;10125;Marcos;Não;Coordenação de Banco de Dados;Acadêmica;Português Técnico;PDL;EXTERNO;EAD;13/06/2024;17/06/2024
10008/2024;10058;Eva Mendes;Não;SAA - Secretaria Acadêmica;Administrativa;Change Management for Leaders;PDL;INTERNO;EAD;20/12/2024;24/12/2024
10009/2024;10025;Kylie Jenner;Não;Depto de Recursos Humanos;Administrativa;Gestão Administrativa;PDL;EXTERNO;PRESENCIAL;13/01/2024;17/01/2024
10006/2024;10065;Irina Shayk;Não;Depto de Recursos Humanos;Administrativa;Strategic Leadership;PDL;INTERNO;PRESENCIAL;24/09/2024;28/09/2024
10038/2025;10057;Jessica Alba;Não;Depto de Recursos Humanos;Administrativa;Planejamento Estratégico para Líderes;PDL;EXTERNO;PRESENCIAL;21/01/2025;26/01/2025
10018/2024;10062;Bella Hadid;Não;SAA - Secretaria Acadêmica;Administrativa;Microservices Architecture;PDS;EXTERNO;PRESENCIAL;19/04/2024;24/04/2024
10026/2024;10068;Claudia Schiffer;Não;Coordenação de Banco de Dados;Acadêmica;Python Programming;PDS;EXTERNO;EAD;24/03/2024;29/03/2024
10018/2024;10116;Aquaman;Não;Depto de Recursos Humanos;Recursos Humanos;Microservices Architecture;PDS;EXTERNO;PRESENCIAL;22/03/2024;27/03/2024
10029/2024;10049;Katy Perry;Não;Depto de Recursos Humanos;Administrativa;Java Development;PDS;INTERNO;EAD;16/12/2024;21/12/2024
10016/2024;10118;Simão;Não;Coordenação de ADS;Acadêmica;Database Administration;PDS;INTERNO;EAD;05/09/2024;09/09/2024
10046/2025;10054;Olivia Wilde;Não;SAA - Secretaria Acadêmica;Administrativa;Agile Methodology;PDS;EXTERNO;PRESENCIAL;15/06/2025;19/06/2025
10028/2024;10081;Vivien Leigh;Não;Depto de Recursos Humanos;Administrativa;Português Técnico;PDL;EXTERNO;EAD;22/04/2024;26/04/2024
10002/2024;10072;Kate Moss;Não;Coordenação de Banco de Dados;Acadêmica;Cybersecurity Advanced;PDS;EXTERNO;PRESENCIAL;10/11/2024;14/11/2024
10038/2025;10048;Lady Gaga;Não;Coordenação de ADS;Acadêmica;Planejamento Estratégico para Líderes;PDL;EXTERNO;PRESENCIAL;25/03/2025;30/03/2025
10049/2025;10028;Oprah Winfrey;Sim;Coordenação de ADS;Acadêmica;IT Service Management;PDS;INTERNO;EAD;17/07/2025;21/07/2025
10013/2024;10115;Green Lantern;Não;Coordenação de Banco de Dados;Acadêmica;Emotional Intelligence for Executives;PDL;INTERNO;EAD;03/09/2024;07/09/2024
10034/2025;10026;Kim Kardashian;Sim;SAA - Secretaria Acadêmica;Administrativa;Ortografia e Gramática para Escritório;PDL;INTERNO;EAD;21/11/2025;24/11/2025
10049/2025;10009;Scarlett Johansson;Não;Coordenação de Banco de Dados;Acadêmica;IT Service Management;PDS;INTERNO;EAD;01/12/2025;05/12/2025
10029/2024;10046;Demi Lovato;Não;SAA - Secretaria Acadêmica;Administrativa;Java Development;PDS;INTERNO;EAD;07/09/2024;12/09/2024
10012/2024;10081;Vivien Leigh;Não;Depto de Recursos Humanos;Administrativa;Team Building and Collaboration;PDL;INTERNO;PRESENCIAL;30/10/2024;02/11/2024
10025/2024;10016;Meghan Markle;Não;SAA - Secretaria Acadêmica;Administrativa;Enterprise Architecture;PDL;INTERNO;PRESENCIAL;18/02/2024;23/02/2024
10007/2024;10006;Kate Beckinsale;Não;Coordenação de Banco de Dados;Acadêmica;Executive Decision Making;PDL;EXTERNO;PRESENCIAL;25/02/2024;29/02/2024
10047/2025;10089;Jeanne Moreau;Não;Depto de Recursos Humanos;Administrativa;Scrum Master Certification;PDS;INTERNO;EAD;21/07/2025;25/07/2025
10035/2025;10090;Brigitte Bardot;Não;SAA - Secretaria Acadêmica;Administrativa;Mobile App Development;PDS;INTERNO;EAD;06/06/2025;11/06/2025
10035/2025;10008;Angelina Jolie;Não;Coordenação de ADS;Acadêmica;Mobile App Development;PDS;INTERNO;EAD;20/02/2025;25/02/2025
10008/2024;10074;Rachel Weisz;Não;SAA - Secretaria Acadêmica;Administrativa;Change Management for Leaders;PDL;INTERNO;EAD;10/03/2024;14/03/2024
10043/2025;10036;Mariah Carey;Não;Coordenação de ADS;Acadêmica;IoT Solutions;PDS;INTERNO;EAD;03/09/2025;07/09/2025
10004/2024;10081;Vivien Leigh;Não;Depto de Recursos Humanos;Administrativa;Português Avançado para Profissionais;PDL;INTERNO;PRESENCIAL;28/01/2024;01/02/2024
10048/2025;10125;Marcos;Não;Coordenação de Banco de Dados;Acadêmica;Project Management Fundamentals;PDS;EXTERNO;PRESENCIAL;30/09/2025;05/10/2025
10027/2024;10105;Hulk;Não;Coordenação de Banco de Dados;Acadêmica;Desenvolvimento de Líderes;PDL;INTERNO;PRESENCIAL;31/08/2024;04/09/2024
10032/2025;10103;Thor Odinson;Sim;Depto Tecnológico;Tecnológica;Transformational Leadership;PDL;EXTERNO;PRESENCIAL;06/12/2025;11/12/2025
10017/2024;10084;Marilyn Monroe;Não;Coordenação de Banco de Dados;Acadêmica;Financial Management for IT;PDL;EXTERNO;PRESENCIAL;20/11/2024;24/11/2024
10046/2025;10060;Karlie Kloss;Não;Coordenação de Banco de Dados;Acadêmica;Agile Methodology;PDS;EXTERNO;PRESENCIAL;31/10/2025;04/11/2025
10011/2024;10112;Batman;Não;Coordenação de Banco de Dados;Acadêmica;Data Science for Business;PDS;EXTERNO;PRESENCIAL;16/06/2024;21/06/2024
10032/2025;10062;Bella Hadid;Não;SAA - Secretaria Acadêmica;Administrativa;Transformational Leadership;PDL;EXTERNO;PRESENCIAL;07/06/2025;12/06/2025
10028/2024;10090;Brigitte Bardot;Não;SAA - Secretaria Acadêmica;Administrativa;Português Técnico;PDL;EXTERNO;EAD;06/05/2024;10/05/2024
10031/2025;10065;Irina Shayk;Não;Depto de Recursos Humanos;Administrativa;Full Stack Development;PDS;INTERNO;EAD;14/04/2025;19/04/2025
10004/2024;10002;Isabela Fontana;Não;Coordenação de Banco de Dados;Acadêmica;Português Avançado para Profissionais;PDL;INTERNO;PRESENCIAL;20/07/2024;24/07/2024
10003/2024;10119;João;Não;Depto Tecnológico;Tecnológica;Machine Learning Essentials;PDS;INTERNO;EAD;23/03/2024;28/03/2024
10009/2024;10107;Doctor Strange;Não;Coordenação de ADS;Acadêmica;Gestão Administrativa;PDL;EXTERNO;PRESENCIAL;20/06/2024;24/06/2024
10005/2024;10107;Doctor Strange;Não;Coordenação de ADS;Acadêmica;Redação Administrativa;PDL;INTERNO;EAD;06/05/2024;10/05/2024
10035/2025;10032;Cameron Diaz;Não;Coordenação de Banco de Dados;Acadêmica;Mobile App Development;PDS;INTERNO;EAD;04/10/2025;09/10/2025
10018/2024;10038;Britney Spears;Não;SAA - Secretaria Acadêmica;Administrativa;Microservices Architecture;PDS;EXTERNO;PRESENCIAL;25/03/2024;30/03/2024
10020/2024;10133;Michelangelo;Não;Coordenação de ADS;Acadêmica;Administração de Recursos Humanos;PDL;INTERNO;EAD;12/06/2024;16/06/2024
10023/2024;10020;Ariana Grande;Não;SAA - Secretaria Acadêmica;Administrativa;Kubernetes Administration;PDS;EXTERNO;PRESENCIAL;10/02/2024;15/02/2024
10014/2024;10026;Kim Kardashian;Sim;SAA - Secretaria Acadêmica;Administrativa;Network Security;PDS;EXTERNO;PRESENCIAL;15/10/2024;20/10/2024
10034/2025;10109;Felipe;Não;Depto Tecnológico;Tecnológica;Ortografia e Gramática para Escritório;PDL;INTERNO;EAD;26/08/2025;29/08/2025
10006/2024;10086;Ava Gardner;Não;SAA - Secretaria Acadêmica;Administrativa;Strategic Leadership;PDL;INTERNO;PRESENCIAL;13/01/2024;17/01/2024
10012/2024;10125;Marcos;Não;Coordenação de Banco de Dados;Acadêmica;Team Building and Collaboration;PDL;INTERNO;PRESENCIAL;04/06/2024;07/06/2024
10006/2024;10091;Jacqueline Bisset;Não;Coordenação de ADS;Acadêmica;Strategic Leadership;PDL;INTERNO;PRESENCIAL;14/01/2024;18/01/2024
10043/2025;10079;Audrey Hepburn;Não;Coordenação de ADS;Acadêmica;IoT Solutions;PDS;INTERNO;EAD;01/06/2025;05/06/2025
10038/2025;10081;Vivien Leigh;Não;Depto de Recursos Humanos;Administrativa;Planejamento Estratégico para Líderes;PDL;EXTERNO;PRESENCIAL;17/02/2025;22/02/2025
10034/2025;10014;Natalie Portman;Sim;Coordenação de ADS;Acadêmica;Ortografia e Gramática para Escritório;PDL;INTERNO;EAD;07/11/2025;10/11/2025
10030/2024;10057;Jessica Alba;Não;Depto de Recursos Humanos;Administrativa;Supervisão e Liderança;PDL;EXTERNO;PRESENCIAL;17/05/2024;22/05/2024
10033/2025;10127;André;Não;Depto de Recursos Humanos;Recursos Humanos;Web Development with React;PDS;EXTERNO;PRESENCIAL;04/05/2025;09/05/2025
10035/2025;10121;Bartolomeu;Não;Coordenação de Banco de Dados;Acadêmica;Mobile App Development;PDS;INTERNO;EAD;12/08/2025;17/08/2025
10045/2025;10013;Blake Lively;Não;Coordenação de Banco de Dados;Acadêmica;Software Development Lifecycle;PDS;INTERNO;EAD;26/10/2025;31/10/2025
10041/2025;10069;Cindy Crawford;Não;Depto de Recursos Humanos;Administrativa;Motivação e Engajamento de Equipes;PDL;INTERNO;EAD;08/01/2025;12/01/2025
10042/2025;10082;Ingrid Bergman;Não;SAA - Secretaria Acadêmica;Administrativa;Digital Transformation;PDS;EXTERNO;PRESENCIAL;23/05/2025;28/05/2025
10019/2024;10074;Rachel Weisz;Não;SAA - Secretaria Acadêmica;Administrativa;Comunicação Escrita Efetiva;PDL;INTERNO;PRESENCIAL;15/09/2024;19/09/2024
10006/2024;10102;Captain America;Não;Coordenação de Banco de Dados;Acadêmica;Strategic Leadership;PDL;INTERNO;PRESENCIAL;14/05/2024;18/05/2024
10046/2025;10076;Tilda Swinton;Não;Coordenação de Banco de Dados;Acadêmica;Agile Methodology;PDS;EXTERNO;PRESENCIAL;08/10/2025;12/10/2025
10048/2025;10072;Kate Moss;Não;Coordenação de Banco de Dados;Acadêmica;Project Management Fundamentals;PDS;EXTERNO;PRESENCIAL;11/01/2025;16/01/2025
10048/2025;10002;Isabela Fontana;Não;Coordenação de Banco de Dados;Acadêmica;Project Management Fundamentals;PDS;EXTERNO;PRESENCIAL;15/05/2025;20/05/2025
10018/2024;10002;Isabela Fontana;Não;Coordenação de Banco de Dados;Acadêmica;Microservices Architecture;PDS;EXTERNO;PRESENCIAL;07/04/2024;12/04/2024
10037/2025;10136;Albert Einstein;Não;Depto Tecnológico;Tecnológica;API Development and Design;PDS;EXTERNO;EAD;07/05/2025;11/05/2025
10004/2024;10052;Lizzo;Não;Coordenação de Banco de Dados;Acadêmica;Português Avançado para Profissionais;PDL;INTERNO;PRESENCIAL;01/06/2024;05/06/2024
10033/2025;10107;Doctor Strange;Não;Coordenação de ADS;Acadêmica;Web Development with React;PDS;EXTERNO;PRESENCIAL;13/02/2025;18/02/2025
10031/2025;10095;Diane Keaton;Não;Coordenação de ADS;Acadêmica;Full Stack Development;PDS;INTERNO;EAD;09/09/2025;14/09/2025
10037/2025;10067;Tyra Banks;Não;Coordenação de ADS;Acadêmica;API Development and Design;PDS;EXTERNO;EAD;30/10/2025;03/11/2025
10039/2025;10015;Amber Heard;Não;Depto de Recursos Humanos;Administrativa;Governance and Compliance;PDL;INTERNO;EAD;10/10/2025;14/10/2025
10047/2025;10005;Charlize Theron;Sim;Coordenação de ADS;Acadêmica;Scrum Master Certification;PDS;INTERNO;EAD;06/08/2025;10/08/2025
10048/2025;10112;Batman;Não;Coordenação de Banco de Dados;Acadêmica;Project Management Fundamentals;PDS;EXTERNO;PRESENCIAL;11/10/2025;16/10/2025
10032/2025;10107;Doctor Strange;Não;Coordenação de ADS;Acadêmica;Transformational Leadership;PDL;EXTERNO;PRESENCIAL;23/03/2025;28/03/2025
10022/2024;10088;Rita Hayworth;Não;Coordenação de Banco de Dados;Acadêmica;CIO Strategic Planning;PDL;EXTERNO;PRESENCIAL;10/11/2024;15/11/2024
10015/2024;10065;Irina Shayk;Não;Depto de Recursos Humanos;Administrativa;Coordenação de Equipes;PDL;INTERNO;PRESENCIAL;28/07/2024;01/08/2024
10045/2025;10115;Green Lantern;Não;Coordenação de Banco de Dados;Acadêmica;Software Development Lifecycle;PDS;INTERNO;EAD;20/07/2025;25/07/2025
10001/2024;10006;Kate Beckinsale;Não;Coordenação de Banco de Dados;Acadêmica;Cloud Computing Fundamentals;PDS;INTERNO;EAD;22/07/2024;27/07/2024
10013/2024;10110;Paulo;Não;Depto Tecnológico;Tecnológica;Emotional Intelligence for Executives;PDL;INTERNO;EAD;07/02/2024;11/02/2024
10004/2024;10121;Bartolomeu;Não;Coordenação de Banco de Dados;Acadêmica;Português Avançado para Profissionais;PDL;INTERNO;PRESENCIAL;06/03/2024;10/03/2024
10018/2024;10002;Isabela Fontana;Não;Coordenação de Banco de Dados;Acadêmica;Microservices Architecture;PDS;EXTERNO;PRESENCIAL;23/07/2024;28/07/2024
10028/2024;10023;Hailey Baldwin;Não;SAA - Secretaria Acadêmica;Administrativa;Português Técnico;PDL;EXTERNO;EAD;20/02/2024;24/02/2024
10046/2025;10069;Cindy Crawford;Não;Depto de Recursos Humanos;Administrativa;Agile Methodology;PDS;EXTERNO;PRESENCIAL;29/03/2025;02/04/2025
10001/2024;10028;Oprah Winfrey;Sim;Coordenação de ADS;Acadêmica;Cloud Computing Fundamentals;PDS;INTERNO;EAD;15/10/2024;20/10/2024
10005/2024;10103;Thor Odinson;Sim;Depto Tecnológico;Tecnológica;Redação Administrativa;PDL;INTERNO;EAD;07/09/2024;11/09/2024
10021/2024;10022;Billie Eilish;Não;Depto de Recursos Humanos;Administrativa;Container Technology with Docker;PDS;INTERNO;EAD;17/03/2024;22/03/2024
10012/2024;10028;Oprah Winfrey;Sim;Coordenação de ADS;Acadêmica;Team Building and Collaboration;PDL;INTERNO;PRESENCIAL;14/12/2024;17/12/2024
10034/2025;10003;Paolla Oliveira;Não;SAA - Secretaria Acadêmica;Administrativa;Ortografia e Gramática para Escritório;PDL;INTERNO;EAD;20/09/2025;23/09/2025
10050/2026;10093;Jessica Lange;Não;Depto de Recursos Humanos;Administrativa;Data Warehousing;PDS;EXTERNO;PRESENCIAL;13/03/2026;18/03/2026
10007/2024;10007;Jennifer Aniston;Sim;Coordenação de ADS;Acadêmica;Executive Decision Making;PDL;EXTERNO;PRESENCIAL;10/08/2024;14/08/2024
10028/2024;10031;Julia Roberts;Não;Coordenação de ADS;Acadêmica;Português Técnico;PDL;EXTERNO;EAD;13/06/2024;17/06/2024
10002/2024;10109;Felipe;Não;Depto Tecnológico;Tecnológica;Cybersecurity Advanced;PDS;EXTERNO;PRESENCIAL;06/08/2024;10/08/2024
10027/2024;10111;Superman;Sim;Coordenação de ADS;Acadêmica;Desenvolvimento de Líderes;PDL;INTERNO;PRESENCIAL;10/10/2024;14/10/2024
10030/2024;10009;Scarlett Johansson;Não;Coordenação de Banco de Dados;Acadêmica;Supervisão e Liderança;PDL;EXTERNO;PRESENCIAL;30/09/2024;05/10/2024
10017/2024;10140;Carl Sagan;Não;Coordenação de ADS;Acadêmica;Financial Management for IT;PDL;EXTERNO;PRESENCIAL;03/07/2024;07/07/2024
10011/2024;10047;Miley Cyrus;Não;Coordenação de Banco de Dados;Acadêmica;Data Science for Business;PDS;EXTERNO;PRESENCIAL;05/01/2024;10/01/2024
10029/2024;10048;Lady Gaga;Não;Coordenação de ADS;Acadêmica;Java Development;PDS;INTERNO;EAD;25/07/2024;30/07/2024
10028/2024;10121;Bartolomeu;Não;Coordenação de Banco de Dados;Acadêmica;Português Técnico;PDL;EXTERNO;EAD;14/08/2024;18/08/2024
10024/2024;10010;Emma Stone;Não;SAA - Secretaria Acadêmica;Administrativa;Gestão de Processos;PDL;INTERNO;EAD;23/07/2024;28/07/2024
10011/2024;10071;Christy Turlington;Não;Coordenação de ADS;Acadêmica;Data Science for Business;PDS;EXTERNO;PRESENCIAL;23/09/2024;28/09/2024
10044/2025;10099;Bette Davis;Não;Coordenação de ADS;Acadêmica;5G Technology;PDS;EXTERNO;PRESENCIAL;20/08/2025;25/08/2025
10019/2024;10058;Eva Mendes;Não;SAA - Secretaria Acadêmica;Administrativa;Comunicação Escrita Efetiva;PDL;INTERNO;PRESENCIAL;26/03/2024;30/03/2024
10003/2024;10003;Paolla Oliveira;Não;SAA - Secretaria Acadêmica;Administrativa;Machine Learning Essentials;PDS;INTERNO;EAD;15/10/2024;20/10/2024
10045/2025;10125;Marcos;Não;Coordenação de Banco de Dados;Acadêmica;Software Development Lifecycle;PDS;INTERNO;EAD;22/08/2025;27/08/2025
10033/2025;10086;Ava Gardner;Não;SAA - Secretaria Acadêmica;Administrativa;Web Development with React;PDS;EXTERNO;PRESENCIAL;22/05/2025;27/05/2025
10040/2025;10043;Amy Winehouse;Não;Coordenação de Banco de Dados;Acadêmica;Database Design and Optimization;PDS;INTERNO;PRESENCIAL;29/09/2025;04/10/2025
10036/2025;10001;Jennifer Lopez;Não;Coordenação de ADS;Acadêmica;Gestão de Conflitos no Ambiente Corporativo;PDL;INTERNO;PRESENCIAL;06/09/2025;10/09/2025
10018/2024;10056;Amy Adams;Não;Coordenação de Banco de Dados;Acadêmica;Microservices Architecture;PDS;EXTERNO;PRESENCIAL;23/03/2024;28/03/2024
10031/2025;10089;Jeanne Moreau;Não;Depto de Recursos Humanos;Administrativa;Full Stack Development;PDS;INTERNO;EAD;19/08/2025;24/08/2025
10032/2025;10055;Anne Hathaway;Não;Coordenação de ADS;Acadêmica;Transformational Leadership;PDL;EXTERNO;PRESENCIAL;16/01/2025;21/01/2025
10045/2025;10045;Sam Smith;Não;Depto de Recursos Humanos;Administrativa;Software Development Lifecycle;PDS;INTERNO;EAD;06/09/2025;11/09/2025
10032/2025;10074;Rachel Weisz;Não;SAA - Secretaria Acadêmica;Administrativa;Transformational Leadership;PDL;EXTERNO;PRESENCIAL;08/07/2025;13/07/2025
10032/2025;10138;Marie Curie;Não;Depto de Recursos Humanos;Administrativa;Transformational Leadership;PDL;EXTERNO;PRESENCIAL;30/11/2025;05/12/2025
10007/2024;10111;Superman;Sim;Coordenação de ADS;Acadêmica;Executive Decision Making;PDL;EXTERNO;PRESENCIAL;15/10/2024;19/10/2024
10030/2024;10047;Miley Cyrus;Não;Coordenação de Banco de Dados;Acadêmica;Supervisão e Liderança;PDL;EXTERNO;PRESENCIAL;23/01/2024;28/01/2024
10009/2024;10095;Diane Keaton;Não;Coordenação de ADS;Acadêmica;Gestão Administrativa;PDL;EXTERNO;PRESENCIAL;10/02/2024;14/02/2024
10004/2024;10058;Eva Mendes;Não;SAA - Secretaria Acadêmica;Administrativa;Português Avançado para Profissionais;PDL;INTERNO;PRESENCIAL;22/04/2024;26/04/2024
10005/2024;10098;Jessica Tandy;Não;SAA - Secretaria Acadêmica;Administrativa;Redação Administrativa;PDL;INTERNO;EAD;05/04/2024;09/04/2024
10003/2024;10116;Aquaman;Não;Depto de Recursos Humanos;Recursos Humanos;Machine Learning Essentials;PDS;INTERNO;EAD;17/03/2024;22/03/2024
10016/2024;10131;Santos Dumont;Não;Coordenação de ADS;Acadêmica;Database Administration;PDS;INTERNO;EAD;25/03/2024;29/03/2024
10004/2024;10019;Taylor Swift;Não;Depto de Recursos Humanos;Administrativa;Português Avançado para Profissionais;PDL;INTERNO;PRESENCIAL;25/02/2024;29/02/2024
10004/2024;10114;The Flash;Não;Depto Tecnológico;Tecnológica;Português Avançado para Profissionais;PDL;INTERNO;PRESENCIAL;11/03/2024;15/03/2024
10037/2025;10006;Kate Beckinsale;Não;Coordenação de Banco de Dados;Acadêmica;API Development and Design;PDS;EXTERNO;EAD;29/10/2025;02/11/2025
10045/2025;10052;Lizzo;Não;Coordenação de Banco de Dados;Acadêmica;Software Development Lifecycle;PDS;INTERNO;EAD;12/12/2025;17/12/2025
10017/2024;10024;Kendall Jenner;Não;Coordenação de ADS;Acadêmica;Financial Management for IT;PDL;EXTERNO;PRESENCIAL;12/07/2024;16/07/2024
10035/2025;10002;Isabela Fontana;Não;Coordenação de Banco de Dados;Acadêmica;Mobile App Development;PDS;INTERNO;EAD;05/03/2025;10/03/2025
10039/2025;10072;Kate Moss;Não;Coordenação de Banco de Dados;Acadêmica;Governance and Compliance;PDL;INTERNO;EAD;31/05/2025;04/06/2025
10039/2025;10090;Brigitte Bardot;Não;SAA - Secretaria Acadêmica;Administrativa;Governance and Compliance;PDL;INTERNO;EAD;13/07/2025;17/07/2025
10044/2025;10060;Karlie Kloss;Não;Coordenação de Banco de Dados;Acadêmica;5G Technology;PDS;EXTERNO;PRESENCIAL;19/01/2025;24/01/2025
10047/2025;10048;Lady Gaga;Não;Coordenação de ADS;Acadêmica;Scrum Master Certification;PDS;INTERNO;EAD;18/01/2025;22/01/2025
10031/2025;10019;Taylor Swift;Não;Depto de Recursos Humanos;Administrativa;Full Stack Development;PDS;INTERNO;EAD;03/08/2025;08/08/2025
10036/2025;10001;Jennifer Lopez;Não;Coordenação de ADS;Acadêmica;Gestão de Conflitos no Ambiente Corporativo;PDL;INTERNO;PRESENCIAL;11/05/2025;15/05/2025
10021/2024;10121;Bartolomeu;Não;Coordenação de Banco de Dados;Acadêmica;Container Technology with Docker;PDS;INTERNO;EAD;09/08/2024;14/08/2024
10040/2025;10137;Nikola Tesla;Não;Depto Tecnológico;Tecnológica;Database Design and Optimization;PDS;INTERNO;PRESENCIAL;24/03/2025;29/03/2025
10027/2024;10106;Spider-Man;Não;Depto Tecnológico;Tecnológica;Desenvolvimento de Líderes;PDL;INTERNO;PRESENCIAL;23/11/2024;27/11/2024
10016/2024;10066;Naomi Campbell;Sim;SAA - Secretaria Acadêmica;Administrativa;Database Administration;PDS;INTERNO;EAD;06/07/2024;10/07/2024
10024/2024;10107;Doctor Strange;Não;Coordenação de ADS;Acadêmica;Gestão de Processos;PDL;INTERNO;EAD;16/02/2024;21/02/2024
10026/2024;10013;Blake Lively;Não;Coordenação de Banco de Dados;Acadêmica;Python Programming;PDS;EXTERNO;EAD;09/10/2024;14/10/2024
10027/2024;10131;Santos Dumont;Não;Coordenação de ADS;Acadêmica;Desenvolvimento de Líderes;PDL;INTERNO;PRESENCIAL;19/08/2024;23/08/2024
10020/2024;10102;Captain America;Não;Coordenação de Banco de Dados;Acadêmica;Administração de Recursos Humanos;PDL;INTERNO;EAD;13/11/2024;17/11/2024
10019/2024;10117;Pedro;Não;SAA - Secretaria Acadêmica;Administrativa;Comunicação Escrita Efetiva;PDL;INTERNO;PRESENCIAL;09/12/2024;13/12/2024
10001/2024;10024;Kendall Jenner;Não;Coordenação de ADS;Acadêmica;Cloud Computing Fundamentals;PDS;INTERNO;EAD;30/05/2024;04/06/2024
10019/2024;10022;Billie Eilish;Não;Depto de Recursos Humanos;Administrativa;Comunicação Escrita Efetiva;PDL;INTERNO;PRESENCIAL;04/09/2024;08/09/2024
10029/2024;10087;Elizabeth Taylor;Não;Coordenação de ADS;Acadêmica;Java Development;PDS;INTERNO;EAD;09/02/2024;14/02/2024
10020/2024;10118;Simão;Não;Coordenação de ADS;Acadêmica;Administração de Recursos Humanos;PDL;INTERNO;EAD;04/12/2024;08/12/2024
10009/2024;10011;Margot Robbie;Não;SAA - Secretaria Acadêmica;Administrativa;Gestão Administrativa;PDL;EXTERNO;PRESENCIAL;12/11/2024;16/11/2024
10043/2025;10056;Amy Adams;Não;Coordenação de Banco de Dados;Acadêmica;IoT Solutions;PDS;INTERNO;EAD;30/10/2025;03/11/2025
10001/2024;10094;Meryl Streep;Sim;SAA - Secretaria Acadêmica;Administrativa;Cloud Computing Fundamentals;PDS;INTERNO;EAD;15/08/2024;20/08/2024
10045/2025;10030;Sandra Bullock;Não;Depto de Recursos Humanos;Administrativa;Software Development Lifecycle;PDS;INTERNO;EAD;13/03/2025;18/03/2025
10014/2024;10006;Kate Beckinsale;Não;Coordenação de Banco de Dados;Acadêmica;Network Security;PDS;EXTERNO;PRESENCIAL;22/07/2024;27/07/2024
10009/2024;10045;Sam Smith;Não;Depto de Recursos Humanos;Administrativa;Gestão Administrativa;PDL;EXTERNO;PRESENCIAL;24/12/2024;28/12/2024
10044/2025;10066;Naomi Campbell;Sim;SAA - Secretaria Acadêmica;Administrativa;5G Technology;PDS;EXTERNO;PRESENCIAL;21/08/2025;26/08/2025
10041/2025;10086;Ava Gardner;Não;SAA - Secretaria Acadêmica;Administrativa;Motivação e Engajamento de Equipes;PDL;INTERNO;EAD;18/06/2025;22/06/2025
10004/2024;10037;Celine Dion;Não;Coordenação de ADS;Acadêmica;Português Avançado para Profissionais;PDL;INTERNO;PRESENCIAL;17/05/2024;21/05/2024
10003/2024;10018;Rihanna;Não;Coordenação de ADS;Acadêmica;Machine Learning Essentials;PDS;INTERNO;EAD;12/04/2024;17/04/2024
10023/2024;10006;Kate Beckinsale;Não;Coordenação de Banco de Dados;Acadêmica;Kubernetes Administration;PDS;EXTERNO;PRESENCIAL;06/07/2024;11/07/2024
10029/2024;10115;Green Lantern;Não;Coordenação de Banco de Dados;Acadêmica;Java Development;PDS;INTERNO;EAD;16/09/2024;21/09/2024
10001/2024;10059;Alexa Chung;Não;Coordenação de ADS;Acadêmica;Cloud Computing Fundamentals;PDS;INTERNO;EAD;29/05/2024;03/06/2024
10018/2024;10088;Rita Hayworth;Não;Coordenação de Banco de Dados;Acadêmica;Microservices Architecture;PDS;EXTERNO;PRESENCIAL;07/10/2024;12/10/2024
10022/2024;10028;Oprah Winfrey;Sim;Coordenação de ADS;Acadêmica;CIO Strategic Planning;PDL;EXTERNO;PRESENCIAL;16/07/2024;21/07/2024
10026/2024;10064;Cara Delevingne;Não;Coordenação de Banco de Dados;Acadêmica;Python Programming;PDS;EXTERNO;EAD;11/04/2024;16/04/2024
10040/2025;10067;Tyra Banks;Não;Coordenação de ADS;Acadêmica;Database Design and Optimization;PDS;INTERNO;PRESENCIAL;06/01/2025;11/01/2025
10046/2025;10017;Zendaya;Não;Coordenação de ADS;Acadêmica;Agile Methodology;PDS;EXTERNO;PRESENCIAL;08/01/2025;12/01/2025
10038/2025;10129;Barnabé;Não;SAA - Secretaria Acadêmica;Administrativa;Planejamento Estratégico para Líderes;PDL;EXTERNO;PRESENCIAL;25/04/2025;30/04/2025
10043/2025;10090;Brigitte Bardot;Não;SAA - Secretaria Acadêmica;Administrativa;IoT Solutions;PDS;INTERNO;EAD;02/02/2025;06/02/2025
10019/2024;10002;Isabela Fontana;Não;Coordenação de Banco de Dados;Acadêmica;Comunicação Escrita Efetiva;PDL;INTERNO;PRESENCIAL;03/05/2024;07/05/2024
10027/2024;10017;Zendaya;Não;Coordenação de ADS;Acadêmica;Desenvolvimento de Líderes;PDL;INTERNO;PRESENCIAL;28/06/2024;02/07/2024
10030/2024;10085;Joan Crawford;Não;Depto de Recursos Humanos;Administrativa;Supervisão e Liderança;PDL;EXTERNO;PRESENCIAL;26/12/2024;31/12/2024
10013/2024;10063;Emily Ratajkowski;Não;Coordenação de ADS;Acadêmica;Emotional Intelligence for Executives;PDL;INTERNO;EAD;30/12/2024;03/01/2025
10050/2026;10018;Rihanna;Não;Coordenação de ADS;Acadêmica;Data Warehousing;PDS;EXTERNO;PRESENCIAL;18/12/2026;23/12/2026
10006/2024;10104;Tiago;Não;Coordenação de ADS;Acadêmica;Strategic Leadership;PDL;INTERNO;PRESENCIAL;16/08/2024;20/08/2024
10034/2025;10030;Sandra Bullock;Não;Depto de Recursos Humanos;Administrativa;Ortografia e Gramática para Escritório;PDL;INTERNO;EAD;10/09/2025;13/09/2025
10049/2025;10091;Jacqueline Bisset;Não;Coordenação de ADS;Acadêmica;IT Service Management;PDS;INTERNO;EAD;28/01/2025;01/02/2025
10024/2024;10033;Drew Barrymore;Não;SAA - Secretaria Acadêmica;Administrativa;Gestão de Processos;PDL;INTERNO;EAD;04/05/2024;09/05/2024
10026/2024;10066;Naomi Campbell;Sim;SAA - Secretaria Acadêmica;Administrativa;Python Programming;PDS;EXTERNO;EAD;15/12/2024;20/12/2024
10047/2025;10015;Amber Heard;Não;Depto de Recursos Humanos;Administrativa;Scrum Master Certification;PDS;INTERNO;EAD;28/03/2025;01/04/2025
10013/2024;10129;Barnabé;Não;SAA - Secretaria Acadêmica;Administrativa;Emotional Intelligence for Executives;PDL;INTERNO;EAD;16/09/2024;20/09/2024
10043/2025;10022;Billie Eilish;Não;Depto de Recursos Humanos;Administrativa;IoT Solutions;PDS;INTERNO;EAD;21/10/2025;25/10/2025
10023/2024;10124;Estêvão;Sim;Depto Tecnológico;Tecnológica;Kubernetes Administration;PDS;EXTERNO;PRESENCIAL;02/12/2024;07/12/2024
10009/2024;10106;Spider-Man;Não;Depto Tecnológico;Tecnológica;Gestão Administrativa;PDL;EXTERNO;PRESENCIAL;23/04/2024;27/04/2024
10040/2025;10031;Julia Roberts;Não;Coordenação de ADS;Acadêmica;Database Design and Optimization;PDS;INTERNO;PRESENCIAL;01/03/2025;06/03/2025
10047/2025;10030;Sandra Bullock;Não;Depto de Recursos Humanos;Administrativa;Scrum Master Certification;PDS;INTERNO;EAD;17/07/2025;21/07/2025
10014/2024;10061;Gigi Hadid;Não;Depto de Recursos Humanos;Administrativa;Network Security;PDS;EXTERNO;PRESENCIAL;19/03/2024;24/03/2024
10032/2025;10077;Isabella Rossellini;Não;Depto de Recursos Humanos;Administrativa;Transformational Leadership;PDL;EXTERNO;PRESENCIAL;06/02/2025;11/02/2025
10010/2024;10040;Shakira;Não;Coordenação de ADS;Acadêmica;Liderança Situacional;PDL;INTERNO;EAD;21/03/2024;25/03/2024
10004/2024;10011;Margot Robbie;Não;SAA - Secretaria Acadêmica;Administrativa;Português Avançado para Profissionais;PDL;INTERNO;PRESENCIAL;22/04/2024;26/04/2024
10019/2024;10128;Tomás;Não;SAA - Secretaria Acadêmica;Administrativa;Comunicação Escrita Efetiva;PDL;INTERNO;PRESENCIAL;08/06/2024;12/06/2024
10018/2024;10093;Jessica Lange;Não;Depto de Recursos Humanos;Administrativa;Microservices Architecture;PDS;EXTERNO;PRESENCIAL;12/09/2024;17/09/2024
10044/2025;10037;Celine Dion;Não;Coordenação de ADS;Acadêmica;5G Technology;PDS;EXTERNO;PRESENCIAL;29/11/2025;04/12/2025
10045/2025;10021;Dua Lipa;Não;Coordenação de Banco de Dados;Acadêmica;Software Development Lifecycle;PDS;INTERNO;EAD;04/07/2025;09/07/2025
10049/2025;10039;Christina Aguilera;Não;Coordenação de Banco de Dados;Acadêmica;IT Service Management;PDS;INTERNO;EAD;25/07/2025;29/07/2025
10015/2024;10127;André;Não;Depto de Recursos Humanos;Recursos Humanos;Coordenação de Equipes;PDL;INTERNO;PRESENCIAL;20/01/2024;24/01/2024
10039/2025;10114;The Flash;Não;Depto Tecnológico;Tecnológica;Governance and Compliance;PDL;INTERNO;EAD;19/06/2025;23/06/2025
10009/2024;10033;Drew Barrymore;Não;SAA - Secretaria Acadêmica;Administrativa;Gestão Administrativa;PDL;EXTERNO;PRESENCIAL;20/07/2024;24/07/2024
10033/2025;10046;Demi Lovato;Não;SAA - Secretaria Acadêmica;Administrativa;Web Development with React;PDS;EXTERNO;PRESENCIAL;11/06/2025;16/06/2025
10032/2025;10064;Cara Delevingne;Não;Coordenação de Banco de Dados;Acadêmica;Transformational Leadership;PDL;EXTERNO;PRESENCIAL;11/12/2025;16/12/2025
10037/2025;10085;Joan Crawford;Não;Depto de Recursos Humanos;Administrativa;API Development and Design;PDS;EXTERNO;EAD;29/04/2025;03/05/2025
10037/2025;10030;Sandra Bullock;Não;Depto de Recursos Humanos;Administrativa;API Development and Design;PDS;EXTERNO;EAD;15/11/2025;19/11/2025
10011/2024;10040;Shakira;Não;Coordenação de ADS;Acadêmica;Data Science for Business;PDS;EXTERNO;PRESENCIAL;22/10/2024;27/10/2024
10038/2025;10054;Olivia Wilde;Não;SAA - Secretaria Acadêmica;Administrativa;Planejamento Estratégico para Líderes;PDL;EXTERNO;PRESENCIAL;22/08/2025;27/08/2025
10050/2026;10114;The Flash;Não;Depto Tecnológico;Tecnológica;Data Warehousing;PDS;EXTERNO;PRESENCIAL;19/08/2026;24/08/2026
10011/2024;10117;Pedro;Não;SAA - Secretaria Acadêmica;Administrativa;Data Science for Business;PDS;EXTERNO;PRESENCIAL;24/04/2024;29/04/2024
10006/2024;10039;Christina Aguilera;Não;Coordenação de Banco de Dados;Acadêmica;Strategic Leadership;PDL;INTERNO;PRESENCIAL;14/01/2024;18/01/2024
10006/2024;10009;Scarlett Johansson;Não;Coordenação de Banco de Dados;Acadêmica;Strategic Leadership;PDL;INTERNO;PRESENCIAL;06/11/2024;10/11/2024
10020/2024;10049;Katy Perry;Não;Depto de Recursos Humanos;Administrativa;Administração de Recursos Humanos;PDL;INTERNO;EAD;16/08/2024;20/08/2024
10049/2025;10108;Black Panther;Sim;Coordenação de Banco de Dados;Acadêmica;IT Service Management;PDS;INTERNO;EAD;09/07/2025;13/07/2025
10016/2024;10038;Britney Spears;Não;SAA - Secretaria Acadêmica;Administrativa;Database Administration;PDS;INTERNO;EAD;11/02/2024;15/02/2024
10020/2024;10091;Jacqueline Bisset;Não;Coordenação de ADS;Acadêmica;Administração de Recursos Humanos;PDL;INTERNO;EAD;05/02/2024;09/02/2024
10010/2024;10077;Isabella Rossellini;Não;Depto de Recursos Humanos;Administrativa;Liderança Situacional;PDL;INTERNO;EAD;10/03/2024;14/03/2024
10044/2025;10023;Hailey Baldwin;Não;SAA - Secretaria Acadêmica;Administrativa;5G Technology;PDS;EXTERNO;PRESENCIAL;04/04/2025;09/04/2025
10038/2025;10088;Rita Hayworth;Não;Coordenação de Banco de Dados;Acadêmica;Planejamento Estratégico para Líderes;PDL;EXTERNO;PRESENCIAL;30/10/2025;04/11/2025
10038/2025;10071;Christy Turlington;Não;Coordenação de ADS;Acadêmica;Planejamento Estratégico para Líderes;PDL;EXTERNO;PRESENCIAL;27/07/2025;01/08/2025
10006/2024;10073;Naomi Watts;Não;Depto de Recursos Humanos;Administrativa;Strategic Leadership;PDL;INTERNO;PRESENCIAL;09/06/2024;13/06/2024
10031/2025;10059;Alexa Chung;Não;Coordenação de ADS;Acadêmica;Full Stack Development;PDS;INTERNO;EAD;12/02/2025;17/02/2025
10014/2024;10026;Kim Kardashian;Sim;SAA - Secretaria Acadêmica;Administrativa;Network Security;PDS;EXTERNO;PRESENCIAL;15/05/2024;20/05/2024
10009/2024;10057;Jessica Alba;Não;Depto de Recursos Humanos;Administrativa;Gestão Administrativa;PDL;EXTERNO;PRESENCIAL;09/08/2024;13/08/2024
10031/2025;10018;Rihanna;Não;Coordenação de ADS;Acadêmica;Full Stack Development;PDS;INTERNO;EAD;21/05/2025;26/05/2025
10002/2024;10073;Naomi Watts;Não;Depto de Recursos Humanos;Administrativa;Cybersecurity Advanced;PDS;EXTERNO;PRESENCIAL;07/07/2024;11/07/2024
10033/2025;10048;Lady Gaga;Não;Coordenação de ADS;Acadêmica;Web Development with React;PDS;EXTERNO;PRESENCIAL;03/08/2025;08/08/2025
10015/2024;10131;Santos Dumont;Não;Coordenação de ADS;Acadêmica;Coordenação de Equipes;PDL;INTERNO;PRESENCIAL;14/10/2024;18/10/2024
10040/2025;10006;Kate Beckinsale;Não;Coordenação de Banco de Dados;Acadêmica;Database Design and Optimization;PDS;INTERNO;PRESENCIAL;06/08/2025;11/08/2025
10029/2024;10073;Naomi Watts;Não;Depto de Recursos Humanos;Administrativa;Java Development;PDS;INTERNO;EAD;15/02/2024;20/02/2024
10006/2024;10094;Meryl Streep;Sim;SAA - Secretaria Acadêmica;Administrativa;Strategic Leadership;PDL;INTERNO;PRESENCIAL;20/08/2024;24/08/2024
10050/2026;10072;Kate Moss;Não;Coordenação de Banco de Dados;Acadêmica;Data Warehousing;PDS;EXTERNO;PRESENCIAL;08/09/2026;13/09/2026
10031/2025;10091;Jacqueline Bisset;Não;Coordenação de ADS;Acadêmica;Full Stack Development;PDS;INTERNO;EAD;21/03/2025;26/03/2025
10004/2024;10099;Bette Davis;Não;Coordenação de ADS;Acadêmica;Português Avançado para Profissionais;PDL;INTERNO;PRESENCIAL;03/05/2024;07/05/2024
10017/2024;10001;Jennifer Lopez;Não;Coordenação de ADS;Acadêmica;Financial Management for IT;PDL;EXTERNO;PRESENCIAL;26/08/2024;30/08/2024
10015/2024;10089;Jeanne Moreau;Não;Depto de Recursos Humanos;Administrativa;Coordenação de Equipes;PDL;INTERNO;PRESENCIAL;20/07/2024;24/07/2024
10019/2024;10128;Tomás;Não;SAA - Secretaria Acadêmica;Administrativa;Comunicação Escrita Efetiva;PDL;INTERNO;PRESENCIAL;21/04/2024;25/04/2024
10050/2026;10068;Claudia Schiffer;Não;Coordenação de Banco de Dados;Acadêmica;Data Warehousing;PDS;EXTERNO;PRESENCIAL;27/09/2026;02/10/2026
10042/2025;10034;Madonna;Não;Coordenação de ADS;Acadêmica;Digital Transformation;PDS;EXTERNO;PRESENCIAL;13/06/2025;18/06/2025
10032/2025;10095;Diane Keaton;Não;Coordenação de ADS;Acadêmica;Transformational Leadership;PDL;EXTERNO;PRESENCIAL;29/07/2025;03/08/2025
10040/2025;10032;Cameron Diaz;Não;Coordenação de Banco de Dados;Acadêmica;Database Design and Optimization;PDS;INTERNO;PRESENCIAL;29/06/2025;04/07/2025
10043/2025;10010;Emma Stone;Não;SAA - Secretaria Acadêmica;Administrativa;IoT Solutions;PDS;INTERNO;EAD;31/07/2025;04/08/2025
10048/2025;10015;Amber Heard;Não;Depto de Recursos Humanos;Administrativa;Project Management Fundamentals;PDS;EXTERNO;PRESENCIAL;04/04/2025;09/04/2025
10016/2024;10114;The Flash;Não;Depto Tecnológico;Tecnológica;Database Administration;PDS;INTERNO;EAD;20/09/2024;24/09/2024
10004/2024;10055;Anne Hathaway;Não;Coordenação de ADS;Acadêmica;Português Avançado para Profissionais;PDL;INTERNO;PRESENCIAL;09/11/2024;13/11/2024
10031/2025;10044;Adele;Sim;Coordenação de ADS;Acadêmica;Full Stack Development;PDS;INTERNO;EAD;18/09/2025;23/09/2025
10001/2024;10024;Kendall Jenner;Não;Coordenação de ADS;Acadêmica;Cloud Computing Fundamentals;PDS;INTERNO;EAD;11/01/2024;16/01/2024
10010/2024;10022;Billie Eilish;Não;Depto de Recursos Humanos;Administrativa;Liderança Situacional;PDL;INTERNO;EAD;06/05/2024;10/05/2024
10035/2025;10038;Britney Spears;Não;SAA - Secretaria Acadêmica;Administrativa;Mobile App Development;PDS;INTERNO;EAD;25/04/2025;30/04/2025
10004/2024;10079;Audrey Hepburn;Não;Coordenação de ADS;Acadêmica;Português Avançado para Profissionais;PDL;INTERNO;PRESENCIAL;24/10/2024;28/10/2024
10021/2024;10133;Michelangelo;Não;Coordenação de ADS;Acadêmica;Container Technology with Docker;PDS;INTERNO;EAD;18/08/2024;23/08/2024
10015/2024;10027;Beyonce Knowles;Não;Coordenação de ADS;Acadêmica;Coordenação de Equipes;PDL;INTERNO;PRESENCIAL;31/07/2024;04/08/2024
10021/2024;10068;Claudia Schiffer;Não;Coordenação de Banco de Dados;Acadêmica;Container Technology with Docker;PDS;INTERNO;EAD;18/02/2024;23/02/2024
10005/2024;10001;Jennifer Lopez;Não;Coordenação de ADS;Acadêmica;Redação Administrativa;PDL;INTERNO;EAD;07/11/2024;11/11/2024
10021/2024;10107;Doctor Strange;Não;Coordenação de ADS;Acadêmica;Container Technology with Docker;PDS;INTERNO;EAD;12/09/2024;17/09/2024
10017/2024;10041;Gwen Stefani;Não;Depto de Recursos Humanos;Administrativa;Financial Management for IT;PDL;EXTERNO;PRESENCIAL;30/11/2024;04/12/2024
10019/2024;10140;Carl Sagan;Não;Coordenação de ADS;Acadêmica;Comunicação Escrita Efetiva;PDL;INTERNO;PRESENCIAL;12/10/2024;16/10/2024
10002/2024;10124;Estêvão;Sim;Depto Tecnológico;Tecnológica;Cybersecurity Advanced;PDS;EXTERNO;PRESENCIAL;08/06/2024;12/06/2024
10036/2025;10053;Halsey;Não;Depto de Recursos Humanos;Administrativa;Gestão de Conflitos no Ambiente Corporativo;PDL;INTERNO;PRESENCIAL;04/07/2025;08/07/2025
10005/2024;10019;Taylor Swift;Não;Depto de Recursos Humanos;Administrativa;Redação Administrativa;PDL;INTERNO;EAD;24/02/2024;28/02/2024
10030/2024;10077;Isabella Rossellini;Não;Depto de Recursos Humanos;Administrativa;Supervisão e Liderança;PDL;EXTERNO;PRESENCIAL;21/09/2024;26/09/2024
10040/2025;10069;Cindy Crawford;Não;Depto de Recursos Humanos;Administrativa;Database Design and Optimization;PDS;INTERNO;PRESENCIAL;16/08/2025;21/08/2025
10024/2024;10068;Claudia Schiffer;Não;Coordenação de Banco de Dados;Acadêmica;Gestão de Processos;PDL;INTERNO;EAD;16/10/2024;21/10/2024
10045/2025;10129;Barnabé;Não;SAA - Secretaria Acadêmica;Administrativa;Software Development Lifecycle;PDS;INTERNO;EAD;16/01/2025;21/01/2025
10006/2024;10110;Paulo;Não;Depto Tecnológico;Tecnológica;Strategic Leadership;PDL;INTERNO;PRESENCIAL;13/07/2024;17/07/2024
10037/2025;10007;Jennifer Aniston;Sim;Coordenação de ADS;Acadêmica;API Development and Design;PDS;EXTERNO;EAD;21/02/2025;25/02/2025
10001/2024;10034;Madonna;Não;Coordenação de ADS;Acadêmica;Cloud Computing Fundamentals;PDS;INTERNO;EAD;28/07/2024;02/08/2024
10036/2025;10094;Meryl Streep;Sim;SAA - Secretaria Acadêmica;Administrativa;Gestão de Conflitos no Ambiente Corporativo;PDL;INTERNO;PRESENCIAL;19/05/2025;23/05/2025
10039/2025;10125;Marcos;Não;Coordenação de Banco de Dados;Acadêmica;Governance and Compliance;PDL;INTERNO;EAD;18/06/2025;22/06/2025
10008/2024;10009;Scarlett Johansson;Não;Coordenação de Banco de Dados;Acadêmica;Change Management for Leaders;PDL;INTERNO;EAD;25/02/2024;29/02/2024
10028/2024;10011;Margot Robbie;Não;SAA - Secretaria Acadêmica;Administrativa;Português Técnico;PDL;EXTERNO;EAD;06/10/2024;10/10/2024
10050/2026;10086;Ava Gardner;Não;SAA - Secretaria Acadêmica;Administrativa;Data Warehousing;PDS;EXTERNO;PRESENCIAL;26/06/2026;01/07/2026
10004/2024;10078;Sophia Loren;Não;SAA - Secretaria Acadêmica;Administrativa;Português Avançado para Profissionais;PDL;INTERNO;PRESENCIAL;24/09/2024;28/09/2024
10033/2025;10012;Gal Gadot;Não;Coordenação de ADS;Acadêmica;Web Development with React;PDS;EXTERNO;PRESENCIAL;20/08/2025;25/08/2025
10028/2024;10056;Amy Adams;Não;Coordenação de Banco de Dados;Acadêmica;Português Técnico;PDL;EXTERNO;EAD;13/04/2024;17/04/2024
10007/2024;10070;Linda Evangelista;Não;SAA - Secretaria Acadêmica;Administrativa;Executive Decision Making;PDL;EXTERNO;PRESENCIAL;04/05/2024;08/05/2024
10017/2024;10126;Lucas;Não;Coordenação de ADS;Acadêmica;Financial Management for IT;PDL;EXTERNO;PRESENCIAL;02/07/2024;06/07/2024
10039/2025;10121;Bartolomeu;Não;Coordenação de Banco de Dados;Acadêmica;Governance and Compliance;PDL;INTERNO;EAD;28/08/2025;01/09/2025
10011/2024;10080;Grace Jones;Não;Coordenação de Banco de Dados;Acadêmica;Data Science for Business;PDS;EXTERNO;PRESENCIAL;26/10/2024;31/10/2024
10010/2024;10072;Kate Moss;Não;Coordenação de Banco de Dados;Acadêmica;Liderança Situacional;PDL;INTERNO;EAD;28/08/2024;01/09/2024
10010/2024;10116;Aquaman;Não;Depto de Recursos Humanos;Recursos Humanos;Liderança Situacional;PDL;INTERNO;EAD;28/02/2024;03/03/2024
10036/2025;10027;Beyonce Knowles;Não;Coordenação de ADS;Acadêmica;Gestão de Conflitos no Ambiente Corporativo;PDL;INTERNO;PRESENCIAL;01/03/2025;05/03/2025
10050/2026;10125;Marcos;Não;Coordenação de Banco de Dados;Acadêmica;Data Warehousing;PDS;EXTERNO;PRESENCIAL;23/12/2026;28/12/2026
10026/2024;10002;Isabela Fontana;Não;Coordenação de Banco de Dados;Acadêmica;Python Programming;PDS;EXTERNO;EAD;21/02/2024;26/02/2024
10036/2025;10068;Claudia Schiffer;Não;Coordenação de Banco de Dados;Acadêmica;Gestão de Conflitos no Ambiente Corporativo;PDL;INTERNO;PRESENCIAL;07/04/2025;11/04/2025
10023/2024;10112;Batman;Não;Coordenação de Banco de Dados;Acadêmica;Kubernetes Administration;PDS;EXTERNO;PRESENCIAL;15/11/2024;20/11/2024
10043/2025;10110;Paulo;Não;Depto Tecnológico;Tecnológica;IoT Solutions;PDS;INTERNO;EAD;08/02/2025;12/02/2025
10023/2024;10078;Sophia Loren;Não;SAA - Secretaria Acadêmica;Administrativa;Kubernetes Administration;PDS;EXTERNO;PRESENCIAL;26/06/2024;01/07/2024
10003/2024;10041;Gwen Stefani;Não;Depto de Recursos Humanos;Administrativa;Machine Learning Essentials;PDS;INTERNO;EAD;14/06/2024;19/06/2024
10029/2024;10009;Scarlett Johansson;Não;Coordenação de Banco de Dados;Acadêmica;Java Development;PDS;INTERNO;EAD;27/02/2024;03/03/2024
10024/2024;10112;Batman;Não;Coordenação de Banco de Dados;Acadêmica;Gestão de Processos;PDL;INTERNO;EAD;19/08/2024;24/08/2024
10041/2025;10106;Spider-Man;Não;Depto Tecnológico;Tecnológica;Motivação e Engajamento de Equipes;PDL;INTERNO;EAD;11/06/2025;15/06/2025
10024/2024;10037;Celine Dion;Não;Coordenação de ADS;Acadêmica;Gestão de Processos;PDL;INTERNO;EAD;20/04/2024;25/04/2024
10028/2024;10093;Jessica Lange;Não;Depto de Recursos Humanos;Administrativa;Português Técnico;PDL;EXTERNO;EAD;04/02/2024;08/02/2024
10049/2025;10114;The Flash;Não;Depto Tecnológico;Tecnológica;IT Service Management;PDS;INTERNO;EAD;23/11/2025;27/11/2025
10027/2024;10056;Amy Adams;Não;Coordenação de Banco de Dados;Acadêmica;Desenvolvimento de Líderes;PDL;INTERNO;PRESENCIAL;05/10/2024;09/10/2024
10025/2024;10014;Natalie Portman;Sim;Coordenação de ADS;Acadêmica;Enterprise Architecture;PDL;INTERNO;PRESENCIAL;25/09/2024;30/09/2024
10013/2024;10129;Barnabé;Não;SAA - Secretaria Acadêmica;Administrativa;Emotional Intelligence for Executives;PDL;INTERNO;EAD;11/02/2024;15/02/2024
10043/2025;10021;Dua Lipa;Não;Coordenação de Banco de Dados;Acadêmica;IoT Solutions;PDS;INTERNO;EAD;07/03/2025;11/03/2025
10039/2025;10105;Hulk;Não;Coordenação de Banco de Dados;Acadêmica;Governance and Compliance;PDL;INTERNO;EAD;06/10/2025;10/10/2025
10006/2024;10039;Christina Aguilera;Não;Coordenação de Banco de Dados;Acadêmica;Strategic Leadership;PDL;INTERNO;PRESENCIAL;10/09/2024;14/09/2024
10034/2025;10078;Sophia Loren;Não;SAA - Secretaria Acadêmica;Administrativa;Ortografia e Gramática para Escritório;PDL;INTERNO;EAD;02/07/2025;05/07/2025
10031/2025;10133;Michelangelo;Não;Coordenação de ADS;Acadêmica;Full Stack Development;PDS;INTERNO;EAD;13/04/2025;18/04/2025
10029/2024;10076;Tilda Swinton;Não;Coordenação de Banco de Dados;Acadêmica;Java Development;PDS;INTERNO;EAD;04/11/2024;09/11/2024
10018/2024;10041;Gwen Stefani;Não;Depto de Recursos Humanos;Administrativa;Microservices Architecture;PDS;EXTERNO;PRESENCIAL;28/01/2024;02/02/2024
10038/2025;10008;Angelina Jolie;Não;Coordenação de ADS;Acadêmica;Planejamento Estratégico para Líderes;PDL;EXTERNO;PRESENCIAL;15/05/2025;20/05/2025
10026/2024;10035;Cher;Não;Depto de Recursos Humanos;Administrativa;Python Programming;PDS;EXTERNO;EAD;30/12/2024;04/01/2025
10011/2024;10056;Amy Adams;Não;Coordenação de Banco de Dados;Acadêmica;Data Science for Business;PDS;EXTERNO;PRESENCIAL;22/03/2024;27/03/2024
10017/2024;10115;Green Lantern;Não;Coordenação de Banco de Dados;Acadêmica;Financial Management for IT;PDL;EXTERNO;PRESENCIAL;18/03/2024;22/03/2024
10018/2024;10025;Kylie Jenner;Não;Depto de Recursos Humanos;Administrativa;Microservices Architecture;PDS;EXTERNO;PRESENCIAL;08/05/2024;13/05/2024
10005/2024;10005;Charlize Theron;Sim;Coordenação de ADS;Acadêmica;Redação Administrativa;PDL;INTERNO;EAD;07/04/2024;11/04/2024
10002/2024;10105;Hulk;Não;Coordenação de Banco de Dados;Acadêmica;Cybersecurity Advanced;PDS;EXTERNO;PRESENCIAL;19/09/2024;23/09/2024
10008/2024;10092;Faye Dunaway;Não;Coordenação de Banco de Dados;Acadêmica;Change Management for Leaders;PDL;INTERNO;EAD;30/07/2024;03/08/2024
10007/2024;10031;Julia Roberts;Não;Coordenação de ADS;Acadêmica;Executive Decision Making;PDL;EXTERNO;PRESENCIAL;11/01/2024;15/01/2024
10005/2024;10052;Lizzo;Não;Coordenação de Banco de Dados;Acadêmica;Redação Administrativa;PDL;INTERNO;EAD;15/03/2024;19/03/2024
10006/2024;10018;Rihanna;Não;Coordenação de ADS;Acadêmica;Strategic Leadership;PDL;INTERNO;PRESENCIAL;29/07/2024;02/08/2024
10042/2025;10010;Emma Stone;Não;SAA - Secretaria Acadêmica;Administrativa;Digital Transformation;PDS;EXTERNO;PRESENCIAL;28/02/2025;05/03/2025
10003/2024;10006;Kate Beckinsale;Não;Coordenação de Banco de Dados;Acadêmica;Machine Learning Essentials;PDS;INTERNO;EAD;08/01/2024;13/01/2024
10010/2024;10072;Kate Moss;Não;Coordenação de Banco de Dados;Acadêmica;Liderança Situacional;PDL;INTERNO;EAD;26/05/2024;30/05/2024
10031/2025;10055;Anne Hathaway;Não;Coordenação de ADS;Acadêmica;Full Stack Development;PDS;INTERNO;EAD;27/01/2025;01/02/2025
10019/2024;10046;Demi Lovato;Não;SAA - Secretaria Acadêmica;Administrativa;Comunicação Escrita Efetiva;PDL;INTERNO;PRESENCIAL;28/03/2024;01/04/2024
10025/2024;10118;Simão;Não;Coordenação de ADS;Acadêmica;Enterprise Architecture;PDL;INTERNO;PRESENCIAL;18/12/2024;23/12/2024
10042/2025;10060;Karlie Kloss;Não;Coordenação de Banco de Dados;Acadêmica;Digital Transformation;PDS;EXTERNO;PRESENCIAL;12/06/2025;17/06/2025
10006/2024;10130;Timóteo;Não;Depto de Recursos Humanos;Recursos Humanos;Strategic Leadership;PDL;INTERNO;PRESENCIAL;18/10/2024;22/10/2024
10012/2024;10010;Emma Stone;Não;SAA - Secretaria Acadêmica;Administrativa;Team Building and Collaboration;PDL;INTERNO;PRESENCIAL;04/10/2024;07/10/2024
10040/2025;10085;Joan Crawford;Não;Depto de Recursos Humanos;Administrativa;Database Design and Optimization;PDS;INTERNO;PRESENCIAL;11/04/2025;16/04/2025
10009/2024;10099;Bette Davis;Não;Coordenação de ADS;Acadêmica;Gestão Administrativa;PDL;EXTERNO;PRESENCIAL;12/05/2024;16/05/2024
10033/2025;10112;Batman;Não;Coordenação de Banco de Dados;Acadêmica;Web Development with React;PDS;EXTERNO;PRESENCIAL;28/03/2025;02/04/2025
10003/2024;10092;Faye Dunaway;Não;Coordenação de Banco de Dados;Acadêmica;Machine Learning Essentials;PDS;INTERNO;EAD;13/01/2024;18/01/2024
10041/2025;10129;Barnabé;Não;SAA - Secretaria Acadêmica;Administrativa;Motivação e Engajamento de Equipes;PDL;INTERNO;EAD;13/02/2025;17/02/2025
10009/2024;10005;Charlize Theron;Sim;Coordenação de ADS;Acadêmica;Gestão Administrativa;PDL;EXTERNO;PRESENCIAL;07/06/2024;11/06/2024
10048/2025;10010;Emma Stone;Não;SAA - Secretaria Acadêmica;Administrativa;Project Management Fundamentals;PDS;EXTERNO;PRESENCIAL;06/01/2025;11/01/2025
10013/2024;10108;Black Panther;Sim;Coordenação de Banco de Dados;Acadêmica;Emotional Intelligence for Executives;PDL;INTERNO;EAD;12/04/2024;16/04/2024
10043/2025;10131;Santos Dumont;Não;Coordenação de ADS;Acadêmica;IoT Solutions;PDS;INTERNO;EAD;12/04/2025;16/04/2025
10036/2025;10031;Julia Roberts;Não;Coordenação de ADS;Acadêmica;Gestão de Conflitos no Ambiente Corporativo;PDL;INTERNO;PRESENCIAL;29/01/2025;02/02/2025
10049/2025;10080;Grace Jones;Não;Coordenação de Banco de Dados;Acadêmica;IT Service Management;PDS;INTERNO;EAD;26/03/2025;30/03/2025
10014/2024;10013;Blake Lively;Não;Coordenação de Banco de Dados;Acadêmica;Network Security;PDS;EXTERNO;PRESENCIAL;02/10/2024;07/10/2024
10027/2024;10040;Shakira;Não;Coordenação de ADS;Acadêmica;Desenvolvimento de Líderes;PDL;INTERNO;PRESENCIAL;18/11/2024;22/11/2024
10020/2024;10006;Kate Beckinsale;Não;Coordenação de Banco de Dados;Acadêmica;Administração de Recursos Humanos;PDL;INTERNO;EAD;16/05/2024;20/05/2024
10012/2024;10036;Mariah Carey;Não;Coordenação de ADS;Acadêmica;Team Building and Collaboration;PDL;INTERNO;PRESENCIAL;11/04/2024;14/04/2024
10048/2025;10037;Celine Dion;Não;Coordenação de ADS;Acadêmica;Project Management Fundamentals;PDS;EXTERNO;PRESENCIAL;06/09/2025;11/09/2025
10049/2025;10074;Rachel Weisz;Não;SAA - Secretaria Acadêmica;Administrativa;IT Service Management;PDS;INTERNO;EAD;17/01/2025;21/01/2025
10022/2024;10125;Marcos;Não;Coordenação de Banco de Dados;Acadêmica;CIO Strategic Planning;PDL;EXTERNO;PRESENCIAL;24/08/2024;29/08/2024
10011/2024;10026;Kim Kardashian;Sim;SAA - Secretaria Acadêmica;Administrativa;Data Science for Business;PDS;EXTERNO;PRESENCIAL;14/06/2024;19/06/2024
10034/2025;10053;Halsey;Não;Depto de Recursos Humanos;Administrativa;Ortografia e Gramática para Escritório;PDL;INTERNO;EAD;13/04/2025;16/04/2025
10031/2025;10119;João;Não;Depto Tecnológico;Tecnológica;Full Stack Development;PDS;INTERNO;EAD;14/05/2025;19/05/2025
10001/2024;10075;Cate Blanchett;Não;Coordenação de ADS;Acadêmica;Cloud Computing Fundamentals;PDS;INTERNO;EAD;20/02/2024;25/02/2024
10039/2025;10020;Ariana Grande;Não;SAA - Secretaria Acadêmica;Administrativa;Governance and Compliance;PDL;INTERNO;EAD;26/01/2025;30/01/2025
10042/2025;10077;Isabella Rossellini;Não;Depto de Recursos Humanos;Administrativa;Digital Transformation;PDS;EXTERNO;PRESENCIAL;25/06/2025;30/06/2025
10043/2025;10116;Aquaman;Não;Depto de Recursos Humanos;Recursos Humanos;IoT Solutions;PDS;INTERNO;EAD;24/06/2025;28/06/2025
10004/2024;10005;Charlize Theron;Sim;Coordenação de ADS;Acadêmica;Português Avançado para Profissionais;PDL;INTERNO;PRESENCIAL;27/11/2024;01/12/2024
10015/2024;10012;Gal Gadot;Não;Coordenação de ADS;Acadêmica;Coordenação de Equipes;PDL;INTERNO;PRESENCIAL;06/11/2024;10/11/2024
10011/2024;10001;Jennifer Lopez;Não;Coordenação de ADS;Acadêmica;Data Science for Business;PDS;EXTERNO;PRESENCIAL;18/03/2024;23/03/2024
10030/2024;10109;Felipe;Não;Depto Tecnológico;Tecnológica;Supervisão e Liderança;PDL;EXTERNO;PRESENCIAL;06/02/2024;11/02/2024
10001/2024;10095;Diane Keaton;Não;Coordenação de ADS;Acadêmica;Cloud Computing Fundamentals;PDS;INTERNO;EAD;10/10/2024;15/10/2024
10002/2024;10011;Margot Robbie;Não;SAA - Secretaria Acadêmica;Administrativa;Cybersecurity Advanced;PDS;EXTERNO;PRESENCIAL;25/02/2024;29/02/2024
10017/2024;10054;Olivia Wilde;Não;SAA - Secretaria Acadêmica;Administrativa;Financial Management for IT;PDL;EXTERNO;PRESENCIAL;25/03/2024;29/03/2024
10024/2024;10050;Nicki Minaj;Não;SAA - Secretaria Acadêmica;Administrativa;Gestão de Processos;PDL;INTERNO;EAD;05/09/2024;10/09/2024
10041/2025;10061;Gigi Hadid;Não;Depto de Recursos Humanos;Administrativa;Motivação e Engajamento de Equipes;PDL;INTERNO;EAD;18/11/2025;22/11/2025
10033/2025;10032;Cameron Diaz;Não;Coordenação de Banco de Dados;Acadêmica;Web Development with React;PDS;EXTERNO;PRESENCIAL;16/05/2025;21/05/2025
10040/2025;10057;Jessica Alba;Não;Depto de Recursos Humanos;Administrativa;Database Design and Optimization;PDS;INTERNO;PRESENCIAL;29/05/2025;03/06/2025
10029/2024;10022;Billie Eilish;Não;Depto de Recursos Humanos;Administrativa;Java Development;PDS;INTERNO;EAD;14/12/2024;19/12/2024
10048/2025;10065;Irina Shayk;Não;Depto de Recursos Humanos;Administrativa;Project Management Fundamentals;PDS;EXTERNO;PRESENCIAL;22/11/2025;27/11/2025
10031/2025;10093;Jessica Lange;Não;Depto de Recursos Humanos;Administrativa;Full Stack Development;PDS;INTERNO;EAD;17/07/2025;22/07/2025
10037/2025;10104;Tiago;Não;Coordenação de ADS;Acadêmica;API Development and Design;PDS;EXTERNO;EAD;17/03/2025;21/03/2025
10009/2024;10029;Ellen DeGeneres;Não;Coordenação de Banco de Dados;Acadêmica;Gestão Administrativa;PDL;EXTERNO;PRESENCIAL;19/03/2024;23/03/2024
10024/2024;10061;Gigi Hadid;Não;Depto de Recursos Humanos;Administrativa;Gestão de Processos;PDL;INTERNO;EAD;24/05/2024;29/05/2024
10032/2025;10112;Batman;Não;Coordenação de Banco de Dados;Acadêmica;Transformational Leadership;PDL;EXTERNO;PRESENCIAL;28/06/2025;03/07/2025
10036/2025;10130;Timóteo;Não;Depto de Recursos Humanos;Recursos Humanos;Gestão de Conflitos no Ambiente Corporativo;PDL;INTERNO;PRESENCIAL;10/08/2025;14/08/2025
10010/2024;10054;Olivia Wilde;Não;SAA - Secretaria Acadêmica;Administrativa;Liderança Situacional;PDL;INTERNO;EAD;03/03/2024;07/03/2024
10027/2024;10089;Jeanne Moreau;Não;Depto de Recursos Humanos;Administrativa;Desenvolvimento de Líderes;PDL;INTERNO;PRESENCIAL;25/07/2024;29/07/2024
10015/2024;10028;Oprah Winfrey;Sim;Coordenação de ADS;Acadêmica;Coordenação de Equipes;PDL;INTERNO;PRESENCIAL;18/03/2024;22/03/2024
10036/2025;10011;Margot Robbie;Não;SAA - Secretaria Acadêmica;Administrativa;Gestão de Conflitos no Ambiente Corporativo;PDL;INTERNO;PRESENCIAL;03/12/2025;07/12/2025
10002/2024;10071;Christy Turlington;Não;Coordenação de ADS;Acadêmica;Cybersecurity Advanced;PDS;EXTERNO;PRESENCIAL;15/04/2024;19/04/2024
10044/2025;10078;Sophia Loren;Não;SAA - Secretaria Acadêmica;Administrativa;5G Technology;PDS;EXTERNO;PRESENCIAL;11/02/2025;16/02/2025
10001/2024;10057;Jessica Alba;Não;Depto de Recursos Humanos;Administrativa;Cloud Computing Fundamentals;PDS;INTERNO;EAD;22/09/2024;27/09/2024
10021/2024;10121;Bartolomeu;Não;Coordenação de Banco de Dados;Acadêmica;Container Technology with Docker;PDS;INTERNO;EAD;27/05/2024;01/06/2024
10013/2024;10091;Jacqueline Bisset;Não;Coordenação de ADS;Acadêmica;Emotional Intelligence for Executives;PDL;INTERNO;EAD;26/06/2024;30/06/2024
10017/2024;10009;Scarlett Johansson;Não;Coordenação de Banco de Dados;Acadêmica;Financial Management for IT;PDL;EXTERNO;PRESENCIAL;15/12/2024;19/12/2024
10019/2024;10001;Jennifer Lopez;Não;Coordenação de ADS;Acadêmica;Comunicação Escrita Efetiva;PDL;INTERNO;PRESENCIAL;26/08/2024;30/08/2024
10002/2024;10032;Cameron Diaz;Não;Coordenação de Banco de Dados;Acadêmica;Cybersecurity Advanced;PDS;EXTERNO;PRESENCIAL;26/07/2024;30/07/2024
10032/2025;10048;Lady Gaga;Não;Coordenação de ADS;Acadêmica;Transformational Leadership;PDL;EXTERNO;PRESENCIAL;28/03/2025;02/04/2025
10040/2025;10010;Emma Stone;Não;SAA - Secretaria Acadêmica;Administrativa;Database Design and Optimization;PDS;INTERNO;PRESENCIAL;23/12/2025;28/12/2025
10050/2026;10073;Naomi Watts;Não;Depto de Recursos Humanos;Administrativa;Data Warehousing;PDS;EXTERNO;PRESENCIAL;12/06/2026;17/06/2026
10044/2025;10122;Clemente;Não;Coordenação de ADS;Acadêmica;5G Technology;PDS;EXTERNO;PRESENCIAL;14/09/2025;19/09/2025
10002/2024;10071;Christy Turlington;Não;Coordenação de ADS;Acadêmica;Cybersecurity Advanced;PDS;EXTERNO;PRESENCIAL;23/03/2024;27/03/2024
10048/2025;10065;Irina Shayk;Não;Depto de Recursos Humanos;Administrativa;Project Management Fundamentals;PDS;EXTERNO;PRESENCIAL;16/03/2025;21/03/2025
10049/2025;10019;Taylor Swift;Não;Depto de Recursos Humanos;Administrativa;IT Service Management;PDS;INTERNO;EAD;04/01/2025;08/01/2025
10048/2025;10049;Katy Perry;Não;Depto de Recursos Humanos;Administrativa;Project Management Fundamentals;PDS;EXTERNO;PRESENCIAL;13/07/2025;18/07/2025
10024/2024;10106;Spider-Man;Não;Depto Tecnológico;Tecnológica;Gestão de Processos;PDL;INTERNO;EAD;09/12/2024;14/12/2024
10040/2025;10049;Katy Perry;Não;Depto de Recursos Humanos;Administrativa;Database Design and Optimization;PDS;INTERNO;PRESENCIAL;16/03/2025;21/03/2025
10017/2024;10125;Marcos;Não;Coordenação de Banco de Dados;Acadêmica;Financial Management for IT;PDL;EXTERNO;PRESENCIAL;08/11/2024;12/11/2024
10005/2024;10005;Charlize Theron;Sim;Coordenação de ADS;Acadêmica;Redação Administrativa;PDL;INTERNO;EAD;12/10/2024;16/10/2024
10028/2024;10037;Celine Dion;Não;Coordenação de ADS;Acadêmica;Português Técnico;PDL;EXTERNO;EAD;28/12/2024;01/01/2025
10050/2026;10128;Tomás;Não;SAA - Secretaria Acadêmica;Administrativa;Data Warehousing;PDS;EXTERNO;PRESENCIAL;05/08/2026;10/08/2026
10002/2024;10036;Mariah Carey;Não;Coordenação de ADS;Acadêmica;Cybersecurity Advanced;PDS;EXTERNO;PRESENCIAL;30/11/2024;04/12/2024
10018/2024;10086;Ava Gardner;Não;SAA - Secretaria Acadêmica;Administrativa;Microservices Architecture;PDS;EXTERNO;PRESENCIAL;01/03/2024;06/03/2024
10014/2024;10052;Lizzo;Não;Coordenação de Banco de Dados;Acadêmica;Network Security;PDS;EXTERNO;PRESENCIAL;16/09/2024;21/09/2024
10031/2025;10002;Isabela Fontana;Não;Coordenação de Banco de Dados;Acadêmica;Full Stack Development;PDS;INTERNO;EAD;25/04/2025;30/04/2025
10030/2024;10111;Superman;Sim;Coordenação de ADS;Acadêmica;Supervisão e Liderança;PDL;EXTERNO;PRESENCIAL;14/12/2024;19/12/2024
10007/2024;10086;Ava Gardner;Não;SAA - Secretaria Acadêmica;Administrativa;Executive Decision Making;PDL;EXTERNO;PRESENCIAL;29/08/2024;02/09/2024
10008/2024;10047;Miley Cyrus;Não;Coordenação de Banco de Dados;Acadêmica;Change Management for Leaders;PDL;INTERNO;EAD;16/06/2024;20/06/2024
10024/2024;10136;Albert Einstein;Não;Depto Tecnológico;Tecnológica;Gestão de Processos;PDL;INTERNO;EAD;27/01/2024;01/02/2024
10035/2025;10032;Cameron Diaz;Não;Coordenação de Banco de Dados;Acadêmica;Mobile App Development;PDS;INTERNO;EAD;05/04/2025;10/04/2025
10048/2025;10036;Mariah Carey;Não;Coordenação de ADS;Acadêmica;Project Management Fundamentals;PDS;EXTERNO;PRESENCIAL;09/03/2025;14/03/2025
10032/2025;10085;Joan Crawford;Não;Depto de Recursos Humanos;Administrativa;Transformational Leadership;PDL;EXTERNO;PRESENCIAL;25/01/2025;30/01/2025
10048/2025;10044;Adele;Sim;Coordenação de ADS;Acadêmica;Project Management Fundamentals;PDS;EXTERNO;PRESENCIAL;13/04/2025;18/04/2025
10037/2025;10066;Naomi Campbell;Sim;SAA - Secretaria Acadêmica;Administrativa;API Development and Design;PDS;EXTERNO;EAD;14/10/2025;18/10/2025
10037/2025;10051;Cardi B;Não;Coordenação de ADS;Acadêmica;API Development and Design;PDS;EXTERNO;EAD;19/12/2025;23/12/2025
10008/2024;10124;Estêvão;Sim;Depto Tecnológico;Tecnológica;Change Management for Leaders;PDL;INTERNO;EAD;08/10/2024;12/10/2024
10037/2025;10086;Ava Gardner;Não;SAA - Secretaria Acadêmica;Administrativa;API Development and Design;PDS;EXTERNO;EAD;08/04/2025;12/04/2025
10005/2024;10049;Katy Perry;Não;Depto de Recursos Humanos;Administrativa;Redação Administrativa;PDL;INTERNO;EAD;08/05/2024;12/05/2024
10045/2025;10072;Kate Moss;Não;Coordenação de Banco de Dados;Acadêmica;Software Development Lifecycle;PDS;INTERNO;EAD;05/09/2025;10/09/2025
10003/2024;10064;Cara Delevingne;Não;Coordenação de Banco de Dados;Acadêmica;Machine Learning Essentials;PDS;INTERNO;EAD;19/10/2024;24/10/2024
10025/2024;10049;Katy Perry;Não;Depto de Recursos Humanos;Administrativa;Enterprise Architecture;PDL;INTERNO;PRESENCIAL;23/12/2024;28/12/2024
10050/2026;10031;Julia Roberts;Não;Coordenação de ADS;Acadêmica;Data Warehousing;PDS;EXTERNO;PRESENCIAL;26/09/2026;01/10/2026
10037/2025;10105;Hulk;Não;Coordenação de Banco de Dados;Acadêmica;API Development and Design;PDS;EXTERNO;EAD;04/02/2025;08/02/2025
10017/2024;10042;Nelly Furtado;Não;SAA - Secretaria Acadêmica;Administrativa;Financial Management for IT;PDL;EXTERNO;PRESENCIAL;19/03/2024;23/03/2024
10006/2024;10008;Angelina Jolie;Não;Coordenação de ADS;Acadêmica;Strategic Leadership;PDL;INTERNO;PRESENCIAL;14/07/2024;18/07/2024
10029/2024;10056;Amy Adams;Não;Coordenação de Banco de Dados;Acadêmica;Java Development;PDS;INTERNO;EAD;28/04/2024;03/05/2024
10035/2025;10069;Cindy Crawford;Não;Depto de Recursos Humanos;Administrativa;Mobile App Development;PDS;INTERNO;EAD;01/01/2026;06/01/2026
10028/2024;10116;Aquaman;Não;Depto de Recursos Humanos;Recursos Humanos;Português Técnico;PDL;EXTERNO;EAD;21/02/2024;25/02/2024
10040/2025;10007;Jennifer Aniston;Sim;Coordenação de ADS;Acadêmica;Database Design and Optimization;PDS;INTERNO;PRESENCIAL;17/07/2025;22/07/2025
10031/2025;10124;Estêvão;Sim;Depto Tecnológico;Tecnológica;Full Stack Development;PDS;INTERNO;EAD;28/06/2025;03/07/2025
10036/2025;10065;Irina Shayk;Não;Depto de Recursos Humanos;Administrativa;Gestão de Conflitos no Ambiente Corporativo;PDL;INTERNO;PRESENCIAL;17/08/2025;21/08/2025
10034/2025;10087;Elizabeth Taylor;Não;Coordenação de ADS;Acadêmica;Ortografia e Gramática para Escritório;PDL;INTERNO;EAD;28/06/2025;01/07/2025
10039/2025;10027;Beyonce Knowles;Não;Coordenação de ADS;Acadêmica;Governance and Compliance;PDL;INTERNO;EAD;24/05/2025;28/05/2025
10039/2025;10111;Superman;Sim;Coordenação de ADS;Acadêmica;Governance and Compliance;PDL;INTERNO;EAD;29/11/2025;03/12/2025
10044/2025;10064;Cara Delevingne;Não;Coordenação de Banco de Dados;Acadêmica;5G Technology;PDS;EXTERNO;PRESENCIAL;16/09/2025;21/09/2025
10011/2024;10008;Angelina Jolie;Não;Coordenação de ADS;Acadêmica;Data Science for Business;PDS;EXTERNO;PRESENCIAL;22/05/2024;27/05/2024
10027/2024;10029;Ellen DeGeneres;Não;Coordenação de Banco de Dados;Acadêmica;Desenvolvimento de Líderes;PDL;INTERNO;PRESENCIAL;09/07/2024;13/07/2024
10028/2024;10090;Brigitte Bardot;Não;SAA - Secretaria Acadêmica;Administrativa;Português Técnico;PDL;EXTERNO;EAD;19/01/2024;23/01/2024
10008/2024;10071;Christy Turlington;Não;Coordenação de ADS;Acadêmica;Change Management for Leaders;PDL;INTERNO;EAD;21/08/2024;25/08/2024
10042/2025;10122;Clemente;Não;Coordenação de ADS;Acadêmica;Digital Transformation;PDS;EXTERNO;PRESENCIAL;10/07/2025;15/07/2025
10008/2024;10009;Scarlett Johansson;Não;Coordenação de Banco de Dados;Acadêmica;Change Management for Leaders;PDL;INTERNO;EAD;23/02/2024;27/02/2024
10039/2025;10106;Spider-Man;Não;Depto Tecnológico;Tecnológica;Governance and Compliance;PDL;INTERNO;EAD;08/06/2025;12/06/2025
10004/2024;10064;Cara Delevingne;Não;Coordenação de Banco de Dados;Acadêmica;Português Avançado para Profissionais;PDL;INTERNO;PRESENCIAL;01/07/2024;05/07/2024
10033/2025;10022;Billie Eilish;Não;Depto de Recursos Humanos;Administrativa;Web Development with React;PDS;EXTERNO;PRESENCIAL;13/10/2025;18/10/2025
10012/2024;10080;Grace Jones;Não;Coordenação de Banco de Dados;Acadêmica;Team Building and Collaboration;PDL;INTERNO;PRESENCIAL;15/06/2024;18/06/2024
10025/2024;10031;Julia Roberts;Não;Coordenação de ADS;Acadêmica;Enterprise Architecture;PDL;INTERNO;PRESENCIAL;03/03/2024;08/03/2024
10018/2024;10110;Paulo;Não;Depto Tecnológico;Tecnológica;Microservices Architecture;PDS;EXTERNO;PRESENCIAL;04/03/2024;09/03/2024
10029/2024;10021;Dua Lipa;Não;Coordenação de Banco de Dados;Acadêmica;Java Development;PDS;INTERNO;EAD;09/07/2024;14/07/2024
10047/2025;10048;Lady Gaga;Não;Coordenação de ADS;Acadêmica;Scrum Master Certification;PDS;INTERNO;EAD;19/04/2025;23/04/2025
10013/2024;10089;Jeanne Moreau;Não;Depto de Recursos Humanos;Administrativa;Emotional Intelligence for Executives;PDL;INTERNO;EAD;14/08/2024;18/08/2024
10007/2024;10110;Paulo;Não;Depto Tecnológico;Tecnológica;Executive Decision Making;PDL;EXTERNO;PRESENCIAL;10/09/2024;14/09/2024
10016/2024;10061;Gigi Hadid;Não;Depto de Recursos Humanos;Administrativa;Database Administration;PDS;INTERNO;EAD;19/08/2024;23/08/2024
10040/2025;10092;Faye Dunaway;Não;Coordenação de Banco de Dados;Acadêmica;Database Design and Optimization;PDS;INTERNO;PRESENCIAL;03/02/2025;08/02/2025
10008/2024;10093;Jessica Lange;Não;Depto de Recursos Humanos;Administrativa;Change Management for Leaders;PDL;INTERNO;EAD;23/11/2024;27/11/2024
10015/2024;10108;Black Panther;Sim;Coordenação de Banco de Dados;Acadêmica;Coordenação de Equipes;PDL;INTERNO;PRESENCIAL;06/02/2024;10/02/2024
10044/2025;10006;Kate Beckinsale;Não;Coordenação de Banco de Dados;Acadêmica;5G Technology;PDS;EXTERNO;PRESENCIAL;05/01/2025;10/01/2025
10024/2024;10085;Joan Crawford;Não;Depto de Recursos Humanos;Administrativa;Gestão de Processos;PDL;INTERNO;EAD;24/03/2024;29/03/2024
10041/2025;10087;Elizabeth Taylor;Não;Coordenação de ADS;Acadêmica;Motivação e Engajamento de Equipes;PDL;INTERNO;EAD;13/02/2025;17/02/2025
10046/2025;10029;Ellen DeGeneres;Não;Coordenação de Banco de Dados;Acadêmica;Agile Methodology;PDS;EXTERNO;PRESENCIAL;27/11/2025;01/12/2025
10024/2024;10044;Adele;Sim;Coordenação de ADS;Acadêmica;Gestão de Processos;PDL;INTERNO;EAD;16/12/2024;21/12/2024
10002/2024;10022;Billie Eilish;Não;Depto de Recursos Humanos;Administrativa;Cybersecurity Advanced;PDS;EXTERNO;PRESENCIAL;14/04/2024;18/04/2024
10019/2024;10031;Julia Roberts;Não;Coordenação de ADS;Acadêmica;Comunicação Escrita Efetiva;PDL;INTERNO;PRESENCIAL;19/07/2024;23/07/2024
10040/2025;10118;Simão;Não;Coordenação de ADS;Acadêmica;Database Design and Optimization;PDS;INTERNO;PRESENCIAL;14/09/2025;19/09/2025
10040/2025;10041;Gwen Stefani;Não;Depto de Recursos Humanos;Administrativa;Database Design and Optimization;PDS;INTERNO;PRESENCIAL;07/04/2025;12/04/2025
10044/2025;10050;Nicki Minaj;Não;SAA - Secretaria Acadêmica;Administrativa;5G Technology;PDS;EXTERNO;PRESENCIAL;29/07/2025;03/08/2025
10028/2024;10027;Beyonce Knowles;Não;Coordenação de ADS;Acadêmica;Português Técnico;PDL;EXTERNO;EAD;06/09/2024;10/09/2024
10013/2024;10101;Iron Man;Não;Coordenação de ADS;Acadêmica;Emotional Intelligence for Executives;PDL;INTERNO;EAD;30/12/2024;03/01/2025
10048/2025;10114;The Flash;Não;Depto Tecnológico;Tecnológica;Project Management Fundamentals;PDS;EXTERNO;PRESENCIAL;28/07/2025;02/08/2025
10019/2024;10003;Paolla Oliveira;Não;SAA - Secretaria Acadêmica;Administrativa;Comunicação Escrita Efetiva;PDL;INTERNO;PRESENCIAL;25/12/2024;29/12/2024
10035/2025;10053;Halsey;Não;Depto de Recursos Humanos;Administrativa;Mobile App Development;PDS;INTERNO;EAD;04/05/2025;09/05/2025
10020/2024;10036;Mariah Carey;Não;Coordenação de ADS;Acadêmica;Administração de Recursos Humanos;PDL;INTERNO;EAD;27/09/2024;01/10/2024
10020/2024;10056;Amy Adams;Não;Coordenação de Banco de Dados;Acadêmica;Administração de Recursos Humanos;PDL;INTERNO;EAD;27/03/2024;31/03/2024
10050/2026;10025;Kylie Jenner;Não;Depto de Recursos Humanos;Administrativa;Data Warehousing;PDS;EXTERNO;PRESENCIAL;24/08/2026;29/08/2026
10042/2025;10005;Charlize Theron;Sim;Coordenação de ADS;Acadêmica;Digital Transformation;PDS;EXTERNO;PRESENCIAL;21/06/2025;26/06/2025
10038/2025;10048;Lady Gaga;Não;Coordenação de ADS;Acadêmica;Planejamento Estratégico para Líderes;PDL;EXTERNO;PRESENCIAL;27/03/2025;01/04/2025
10023/2024;10091;Jacqueline Bisset;Não;Coordenação de ADS;Acadêmica;Kubernetes Administration;PDS;EXTERNO;PRESENCIAL;15/09/2024;20/09/2024
10022/2024;10077;Isabella Rossellini;Não;Depto de Recursos Humanos;Administrativa;CIO Strategic Planning;PDL;EXTERNO;PRESENCIAL;27/06/2024;02/07/2024
10034/2025;10131;Santos Dumont;Não;Coordenação de ADS;Acadêmica;Ortografia e Gramática para Escritório;PDL;INTERNO;EAD;02/12/2025;05/12/2025
10048/2025;10114;The Flash;Não;Depto Tecnológico;Tecnológica;Project Management Fundamentals;PDS;EXTERNO;PRESENCIAL;04/04/2025;09/04/2025
10011/2024;10101;Iron Man;Não;Coordenação de ADS;Acadêmica;Data Science for Business;PDS;EXTERNO;PRESENCIAL;12/01/2024;17/01/2024
10032/2025;10072;Kate Moss;Não;Coordenação de Banco de Dados;Acadêmica;Transformational Leadership;PDL;EXTERNO;PRESENCIAL;28/02/2025;05/03/2025
10023/2024;10038;Britney Spears;Não;SAA - Secretaria Acadêmica;Administrativa;Kubernetes Administration;PDS;EXTERNO;PRESENCIAL;01/06/2024;06/06/2024
10023/2024;10088;Rita Hayworth;Não;Coordenação de Banco de Dados;Acadêmica;Kubernetes Administration;PDS;EXTERNO;PRESENCIAL;27/03/2024;01/04/2024
10003/2024;10126;Lucas;Não;Coordenação de ADS;Acadêmica;Machine Learning Essentials;PDS;INTERNO;EAD;09/03/2024;14/03/2024
10003/2024;10010;Emma Stone;Não;SAA - Secretaria Acadêmica;Administrativa;Machine Learning Essentials;PDS;INTERNO;EAD;13/08/2024;18/08/2024
10006/2024;10083;Grace Kelly;Não;Coordenação de ADS;Acadêmica;Strategic Leadership;PDL;INTERNO;PRESENCIAL;22/01/2024;26/01/2024
10005/2024;10016;Meghan Markle;Não;SAA - Secretaria Acadêmica;Administrativa;Redação Administrativa;PDL;INTERNO;EAD;20/03/2024;24/03/2024
10038/2025;10005;Charlize Theron;Sim;Coordenação de ADS;Acadêmica;Planejamento Estratégico para Líderes;PDL;EXTERNO;PRESENCIAL;06/08/2025;11/08/2025
10013/2024;10017;Zendaya;Não;Coordenação de ADS;Acadêmica;Emotional Intelligence for Executives;PDL;INTERNO;EAD;23/08/2024;27/08/2024
10014/2024;10068;Claudia Schiffer;Não;Coordenação de Banco de Dados;Acadêmica;Network Security;PDS;EXTERNO;PRESENCIAL;26/01/2024;31/01/2024
10012/2024;10040;Shakira;Não;Coordenação de ADS;Acadêmica;Team Building and Collaboration;PDL;INTERNO;PRESENCIAL;17/09/2024;20/09/2024
10040/2025;10129;Barnabé;Não;SAA - Secretaria Acadêmica;Administrativa;Database Design and Optimization;PDS;INTERNO;PRESENCIAL;29/08/2025;03/09/2025
10017/2024;10091;Jacqueline Bisset;Não;Coordenação de ADS;Acadêmica;Financial Management for IT;PDL;EXTERNO;PRESENCIAL;24/06/2024;28/06/2024
10028/2024;10003;Paolla Oliveira;Não;SAA - Secretaria Acadêmica;Administrativa;Português Técnico;PDL;EXTERNO;EAD;29/09/2024;03/10/2024
10026/2024;10065;Irina Shayk;Não;Depto de Recursos Humanos;Administrativa;Python Programming;PDS;EXTERNO;EAD;16/03/2024;21/03/2024
10041/2025;10062;Bella Hadid;Não;SAA - Secretaria Acadêmica;Administrativa;Motivação e Engajamento de Equipes;PDL;INTERNO;EAD;20/04/2025;24/04/2025
10044/2025;10095;Diane Keaton;Não;Coordenação de ADS;Acadêmica;5G Technology;PDS;EXTERNO;PRESENCIAL;22/05/2025;27/05/2025
10024/2024;10124;Estêvão;Sim;Depto Tecnológico;Tecnológica;Gestão de Processos;PDL;INTERNO;EAD;12/09/2024;17/09/2024
10035/2025;10069;Cindy Crawford;Não;Depto de Recursos Humanos;Administrativa;Mobile App Development;PDS;INTERNO;EAD;13/08/2025;18/08/2025
10005/2024;10111;Superman;Sim;Coordenação de ADS;Acadêmica;Redação Administrativa;PDL;INTERNO;EAD;25/01/2024;29/01/2024
10010/2024;10016;Meghan Markle;Não;SAA - Secretaria Acadêmica;Administrativa;Liderança Situacional;PDL;INTERNO;EAD;22/10/2024;26/10/2024
10008/2024;10026;Kim Kardashian;Sim;SAA - Secretaria Acadêmica;Administrativa;Change Management for Leaders;PDL;INTERNO;EAD;29/12/2024;02/01/2025
10006/2024;10111;Superman;Sim;Coordenação de ADS;Acadêmica;Strategic Leadership;PDL;INTERNO;PRESENCIAL;06/03/2024;10/03/2024
10050/2026;10111;Superman;Sim;Coordenação de ADS;Acadêmica;Data Warehousing;PDS;EXTERNO;PRESENCIAL;28/04/2026;03/05/2026
10043/2025;10075;Cate Blanchett;Não;Coordenação de ADS;Acadêmica;IoT Solutions;PDS;INTERNO;EAD;21/02/2025;25/02/2025
10030/2024;10024;Kendall Jenner;Não;Coordenação de ADS;Acadêmica;Supervisão e Liderança;PDL;EXTERNO;PRESENCIAL;14/01/2024;19/01/2024
10007/2024;10062;Bella Hadid;Não;SAA - Secretaria Acadêmica;Administrativa;Executive Decision Making;PDL;EXTERNO;PRESENCIAL;16/02/2024;20/02/2024
10038/2025;10089;Jeanne Moreau;Não;Depto de Recursos Humanos;Administrativa;Planejamento Estratégico para Líderes;PDL;EXTERNO;PRESENCIAL;21/04/2025;26/04/2025
10040/2025;10043;Amy Winehouse;Não;Coordenação de Banco de Dados;Acadêmica;Database Design and Optimization;PDS;INTERNO;PRESENCIAL;12/08/2025;17/08/2025
10046/2025;10079;Audrey Hepburn;Não;Coordenação de ADS;Acadêmica;Agile Methodology;PDS;EXTERNO;PRESENCIAL;22/12/2025;26/12/2025
10040/2025;10001;Jennifer Lopez;Não;Coordenação de ADS;Acadêmica;Database Design and Optimization;PDS;INTERNO;PRESENCIAL;10/11/2025;15/11/2025
10027/2024;10094;Meryl Streep;Sim;SAA - Secretaria Acadêmica;Administrativa;Desenvolvimento de Líderes;PDL;INTERNO;PRESENCIAL;24/07/2024;28/07/2024
10028/2024;10100;Joan Fontaine;Não;Coordenação de Banco de Dados;Acadêmica;Português Técnico;PDL;EXTERNO;EAD;30/12/2024;03/01/2025
10005/2024;10016;Meghan Markle;Não;SAA - Secretaria Acadêmica;Administrativa;Redação Administrativa;PDL;INTERNO;EAD;28/06/2024;02/07/2024
10004/2024;10037;Celine Dion;Não;Coordenação de ADS;Acadêmica;Português Avançado para Profissionais;PDL;INTERNO;PRESENCIAL;26/04/2024;30/04/2024
10011/2024;10058;Eva Mendes;Não;SAA - Secretaria Acadêmica;Administrativa;Data Science for Business;PDS;EXTERNO;PRESENCIAL;16/07/2024;21/07/2024
10047/2025;10013;Blake Lively;Não;Coordenação de Banco de Dados;Acadêmica;Scrum Master Certification;PDS;INTERNO;EAD;17/10/2025;21/10/2025
10020/2024;10046;Demi Lovato;Não;SAA - Secretaria Acadêmica;Administrativa;Administração de Recursos Humanos;PDL;INTERNO;EAD;10/05/2024;14/05/2024
10011/2024;10104;Tiago;Não;Coordenação de ADS;Acadêmica;Data Science for Business;PDS;EXTERNO;PRESENCIAL;01/01/2025;06/01/2025
10009/2024;10097;Sissy Spacek;Não;Depto de Recursos Humanos;Administrativa;Gestão Administrativa;PDL;EXTERNO;PRESENCIAL;08/05/2024;12/05/2024
10042/2025;10024;Kendall Jenner;Não;Coordenação de ADS;Acadêmica;Digital Transformation;PDS;EXTERNO;PRESENCIAL;20/10/2025;25/10/2025
10015/2024;10010;Emma Stone;Não;SAA - Secretaria Acadêmica;Administrativa;Coordenação de Equipes;PDL;INTERNO;PRESENCIAL;17/04/2024;21/04/2024
10038/2025;10010;Emma Stone;Não;SAA - Secretaria Acadêmica;Administrativa;Planejamento Estratégico para Líderes;PDL;EXTERNO;PRESENCIAL;30/01/2025;04/02/2025
10010/2024;10006;Kate Beckinsale;Não;Coordenação de Banco de Dados;Acadêmica;Liderança Situacional;PDL;INTERNO;EAD;23/09/2024;27/09/2024
10036/2025;10117;Pedro;Não;SAA - Secretaria Acadêmica;Administrativa;Gestão de Conflitos no Ambiente Corporativo;PDL;INTERNO;PRESENCIAL;28/12/2025;01/01/2026
10023/2024;10098;Jessica Tandy;Não;SAA - Secretaria Acadêmica;Administrativa;Kubernetes Administration;PDS;EXTERNO;PRESENCIAL;25/10/2024;30/10/2024
10020/2024;10073;Naomi Watts;Não;Depto de Recursos Humanos;Administrativa;Administração de Recursos Humanos;PDL;INTERNO;EAD;17/12/2024;21/12/2024
10037/2025;10034;Madonna;Não;Coordenação de ADS;Acadêmica;API Development and Design;PDS;EXTERNO;EAD;17/11/2025;21/11/2025
10017/2024;10098;Jessica Tandy;Não;SAA - Secretaria Acadêmica;Administrativa;Financial Management for IT;PDL;EXTERNO;PRESENCIAL;15/12/2024;19/12/2024
10006/2024;10110;Paulo;Não;Depto Tecnológico;Tecnológica;Strategic Leadership;PDL;INTERNO;PRESENCIAL;25/03/2024;29/03/2024
10012/2024;10084;Marilyn Monroe;Não;Coordenação de Banco de Dados;Acadêmica;Team Building and Collaboration;PDL;INTERNO;PRESENCIAL;16/06/2024;19/06/2024
10049/2025;10111;Superman;Sim;Coordenação de ADS;Acadêmica;IT Service Management;PDS;INTERNO;EAD;10/12/2025;14/12/2025
10039/2025;10007;Jennifer Aniston;Sim;Coordenação de ADS;Acadêmica;Governance and Compliance;PDL;INTERNO;EAD;11/09/2025;15/09/2025
10024/2024;10046;Demi Lovato;Não;SAA - Secretaria Acadêmica;Administrativa;Gestão de Processos;PDL;INTERNO;EAD;22/04/2024;27/04/2024
10002/2024;10007;Jennifer Aniston;Sim;Coordenação de ADS;Acadêmica;Cybersecurity Advanced;PDS;EXTERNO;PRESENCIAL;24/08/2024;28/08/2024
10005/2024;10117;Pedro;Não;SAA - Secretaria Acadêmica;Administrativa;Redação Administrativa;PDL;INTERNO;EAD;08/10/2024;12/10/2024
10047/2025;10034;Madonna;Não;Coordenação de ADS;Acadêmica;Scrum Master Certification;PDS;INTERNO;EAD;23/08/2025;27/08/2025
10041/2025;10043;Amy Winehouse;Não;Coordenação de Banco de Dados;Acadêmica;Motivação e Engajamento de Equipes;PDL;INTERNO;EAD;12/05/2025;16/05/2025
10025/2024;10016;Meghan Markle;Não;SAA - Secretaria Acadêmica;Administrativa;Enterprise Architecture;PDL;INTERNO;PRESENCIAL;10/04/2024;15/04/2024
10023/2024;10043;Amy Winehouse;Não;Coordenação de Banco de Dados;Acadêmica;Kubernetes Administration;PDS;EXTERNO;PRESENCIAL;06/06/2024;11/06/2024
10043/2025;10067;Tyra Banks;Não;Coordenação de ADS;Acadêmica;IoT Solutions;PDS;INTERNO;EAD;06/03/2025;10/03/2025
10038/2025;10007;Jennifer Aniston;Sim;Coordenação de ADS;Acadêmica;Planejamento Estratégico para Líderes;PDL;EXTERNO;PRESENCIAL;14/01/2025;19/01/2025
10042/2025;10079;Audrey Hepburn;Não;Coordenação de ADS;Acadêmica;Digital Transformation;PDS;EXTERNO;PRESENCIAL;24/11/2025;29/11/2025
10002/2024;10041;Gwen Stefani;Não;Depto de Recursos Humanos;Administrativa;Cybersecurity Advanced;PDS;EXTERNO;PRESENCIAL;12/07/2024;16/07/2024
10026/2024;10023;Hailey Baldwin;Não;SAA - Secretaria Acadêmica;Administrativa;Python Programming;PDS;EXTERNO;EAD;08/07/2024;13/07/2024
10014/2024;10018;Rihanna;Não;Coordenação de ADS;Acadêmica;Network Security;PDS;EXTERNO;PRESENCIAL;11/10/2024;16/10/2024
10032/2025;10011;Margot Robbie;Não;SAA - Secretaria Acadêmica;Administrativa;Transformational Leadership;PDL;EXTERNO;PRESENCIAL;05/06/2025;10/06/2025
10003/2024;10022;Billie Eilish;Não;Depto de Recursos Humanos;Administrativa;Machine Learning Essentials;PDS;INTERNO;EAD;17/07/2024;22/07/2024
10040/2025;10082;Ingrid Bergman;Não;SAA - Secretaria Acadêmica;Administrativa;Database Design and Optimization;PDS;INTERNO;PRESENCIAL;16/06/2025;21/06/2025
10003/2024;10092;Faye Dunaway;Não;Coordenação de Banco de Dados;Acadêmica;Machine Learning Essentials;PDS;INTERNO;EAD;19/03/2024;24/03/2024
10020/2024;10139;Stephen Hawking;Não;Coordenação de Banco de Dados;Acadêmica;Administração de Recursos Humanos;PDL;INTERNO;EAD;06/11/2024;10/11/2024
10048/2025;10009;Scarlett Johansson;Não;Coordenação de Banco de Dados;Acadêmica;Project Management Fundamentals;PDS;EXTERNO;PRESENCIAL;14/05/2025;19/05/2025
10033/2025;10050;Nicki Minaj;Não;SAA - Secretaria Acadêmica;Administrativa;Web Development with React;PDS;EXTERNO;PRESENCIAL;21/09/2025;26/09/2025
10014/2024;10088;Rita Hayworth;Não;Coordenação de Banco de Dados;Acadêmica;Network Security;PDS;EXTERNO;PRESENCIAL;18/02/2024;23/02/2024
10014/2024;10020;Ariana Grande;Não;SAA - Secretaria Acadêmica;Administrativa;Network Security;PDS;EXTERNO;PRESENCIAL;23/04/2024;28/04/2024
10005/2024;10050;Nicki Minaj;Não;SAA - Secretaria Acadêmica;Administrativa;Redação Administrativa;PDL;INTERNO;EAD;07/08/2024;11/08/2024
10039/2025;10126;Lucas;Não;Coordenação de ADS;Acadêmica;Governance and Compliance;PDL;INTERNO;EAD;16/06/2025;20/06/2025
10041/2025;10096;Frances Ford Coppola;Não;Coordenação de Banco de Dados;Acadêmica;Motivação e Engajamento de Equipes;PDL;INTERNO;EAD;07/09/2025;11/09/2025
10013/2024;10116;Aquaman;Não;Depto de Recursos Humanos;Recursos Humanos;Emotional Intelligence for Executives;PDL;INTERNO;EAD;05/07/2024;09/07/2024
10025/2024;10062;Bella Hadid;Não;SAA - Secretaria Acadêmica;Administrativa;Enterprise Architecture;PDL;INTERNO;PRESENCIAL;06/09/2024;11/09/2024
10010/2024;10066;Naomi Campbell;Sim;SAA - Secretaria Acadêmica;Administrativa;Liderança Situacional;PDL;INTERNO;EAD;15/09/2024;19/09/2024
10028/2024;10035;Cher;Não;Depto de Recursos Humanos;Administrativa;Português Técnico;PDL;EXTERNO;EAD;10/12/2024;14/12/2024
10013/2024;10029;Ellen DeGeneres;Não;Coordenação de Banco de Dados;Acadêmica;Emotional Intelligence for Executives;PDL;INTERNO;EAD;02/10/2024;06/10/2024
10048/2025;10127;André;Não;Depto de Recursos Humanos;Recursos Humanos;Project Management Fundamentals;PDS;EXTERNO;PRESENCIAL;07/01/2025;12/01/2025
10034/2025;10073;Naomi Watts;Não;Depto de Recursos Humanos;Administrativa;Ortografia e Gramática para Escritório;PDL;INTERNO;EAD;27/10/2025;30/10/2025
10010/2024;10015;Amber Heard;Não;Depto de Recursos Humanos;Administrativa;Liderança Situacional;PDL;INTERNO;EAD;29/11/2024;03/12/2024
10024/2024;10041;Gwen Stefani;Não;Depto de Recursos Humanos;Administrativa;Gestão de Processos;PDL;INTERNO;EAD;23/09/2024;28/09/2024
10017/2024;10107;Doctor Strange;Não;Coordenação de ADS;Acadêmica;Financial Management for IT;PDL;EXTERNO;PRESENCIAL;21/10/2024;25/10/2024
10038/2025;10107;Doctor Strange;Não;Coordenação de ADS;Acadêmica;Planejamento Estratégico para Líderes;PDL;EXTERNO;PRESENCIAL;16/10/2025;21/10/2025
10014/2024;10035;Cher;Não;Depto de Recursos Humanos;Administrativa;Network Security;PDS;EXTERNO;PRESENCIAL;18/04/2024;23/04/2024
10015/2024;10072;Kate Moss;Não;Coordenação de Banco de Dados;Acadêmica;Coordenação de Equipes;PDL;INTERNO;PRESENCIAL;07/04/2024;11/04/2024
10049/2025;10116;Aquaman;Não;Depto de Recursos Humanos;Recursos Humanos;IT Service Management;PDS;INTERNO;EAD;22/09/2025;26/09/2025
10041/2025;10132;Leonardo da Vinci;Não;Coordenação de Banco de Dados;Acadêmica;Motivação e Engajamento de Equipes;PDL;INTERNO;EAD;27/02/2025;03/03/2025
10047/2025;10041;Gwen Stefani;Não;Depto de Recursos Humanos;Administrativa;Scrum Master Certification;PDS;INTERNO;EAD;02/08/2025;06/08/2025
10012/2024;10139;Stephen Hawking;Não;Coordenação de Banco de Dados;Acadêmica;Team Building and Collaboration;PDL;INTERNO;PRESENCIAL;27/12/2024;30/12/2024
10003/2024;10074;Rachel Weisz;Não;SAA - Secretaria Acadêmica;Administrativa;Machine Learning Essentials;PDS;INTERNO;EAD;30/08/2024;04/09/2024
10003/2024;10023;Hailey Baldwin;Não;SAA - Secretaria Acadêmica;Administrativa;Machine Learning Essentials;PDS;INTERNO;EAD;16/10/2024;21/10/2024
10025/2024;10058;Eva Mendes;Não;SAA - Secretaria Acadêmica;Administrativa;Enterprise Architecture;PDL;INTERNO;PRESENCIAL;07/10/2024;12/10/2024
10045/2025;10115;Green Lantern;Não;Coordenação de Banco de Dados;Acadêmica;Software Development Lifecycle;PDS;INTERNO;EAD;30/01/2025;04/02/2025
10021/2024;10061;Gigi Hadid;Não;Depto de Recursos Humanos;Administrativa;Container Technology with Docker;PDS;INTERNO;EAD;12/09/2024;17/09/2024
10030/2024;10109;Felipe;Não;Depto Tecnológico;Tecnológica;Supervisão e Liderança;PDL;EXTERNO;PRESENCIAL;26/05/2024;31/05/2024
10018/2024;10008;Angelina Jolie;Não;Coordenação de ADS;Acadêmica;Microservices Architecture;PDS;EXTERNO;PRESENCIAL;24/07/2024;29/07/2024
10012/2024;10005;Charlize Theron;Sim;Coordenação de ADS;Acadêmica;Team Building and Collaboration;PDL;INTERNO;PRESENCIAL;30/11/2024;03/12/2024
10021/2024;10030;Sandra Bullock;Não;Depto de Recursos Humanos;Administrativa;Container Technology with Docker;PDS;INTERNO;EAD;18/03/2024;23/03/2024
10005/2024;10032;Cameron Diaz;Não;Coordenação de Banco de Dados;Acadêmica;Redação Administrativa;PDL;INTERNO;EAD;09/08/2024;13/08/2024
10029/2024;10122;Clemente;Não;Coordenação de ADS;Acadêmica;Java Development;PDS;INTERNO;EAD;08/03/2024;13/03/2024
10023/2024;10026;Kim Kardashian;Sim;SAA - Secretaria Acadêmica;Administrativa;Kubernetes Administration;PDS;EXTERNO;PRESENCIAL;16/04/2024;21/04/2024
10019/2024;10084;Marilyn Monroe;Não;Coordenação de Banco de Dados;Acadêmica;Comunicação Escrita Efetiva;PDL;INTERNO;PRESENCIAL;15/08/2024;19/08/2024
10043/2025;10022;Billie Eilish;Não;Depto de Recursos Humanos;Administrativa;IoT Solutions;PDS;INTERNO;EAD;02/03/2025;06/03/2025
10011/2024;10069;Cindy Crawford;Não;Depto de Recursos Humanos;Administrativa;Data Science for Business;PDS;EXTERNO;PRESENCIAL;24/01/2024;29/01/2024
10021/2024;10105;Hulk;Não;Coordenação de Banco de Dados;Acadêmica;Container Technology with Docker;PDS;INTERNO;EAD;28/11/2024;03/12/2024
10015/2024;10098;Jessica Tandy;Não;SAA - Secretaria Acadêmica;Administrativa;Coordenação de Equipes;PDL;INTERNO;PRESENCIAL;21/09/2024;25/09/2024
10018/2024;10113;Wonder Woman;Não;Coordenação de ADS;Acadêmica;Microservices Architecture;PDS;EXTERNO;PRESENCIAL;26/04/2024;01/05/2024
10015/2024;10113;Wonder Woman;Não;Coordenação de ADS;Acadêmica;Coordenação de Equipes;PDL;INTERNO;PRESENCIAL;11/05/2024;15/05/2024
10024/2024;10108;Black Panther;Sim;Coordenação de Banco de Dados;Acadêmica;Gestão de Processos;PDL;INTERNO;EAD;25/04/2024;30/04/2024
10002/2024;10049;Katy Perry;Não;Depto de Recursos Humanos;Administrativa;Cybersecurity Advanced;PDS;EXTERNO;PRESENCIAL;14/10/2024;18/10/2024
10016/2024;10086;Ava Gardner;Não;SAA - Secretaria Acadêmica;Administrativa;Database Administration;PDS;INTERNO;EAD;30/11/2024;04/12/2024
10014/2024;10061;Gigi Hadid;Não;Depto de Recursos Humanos;Administrativa;Network Security;PDS;EXTERNO;PRESENCIAL;18/04/2024;23/04/2024
10007/2024;10120;Jesus Emanuel;Não;Depto Tecnológico;Tecnológica;Executive Decision Making;PDL;EXTERNO;PRESENCIAL;12/10/2024;16/10/2024
10004/2024;10119;João;Não;Depto Tecnológico;Tecnológica;Português Avançado para Profissionais;PDL;INTERNO;PRESENCIAL;27/11/2024;01/12/2024
10045/2025;10019;Taylor Swift;Não;Depto de Recursos Humanos;Administrativa;Software Development Lifecycle;PDS;INTERNO;EAD;13/06/2025;18/06/2025
10007/2024;10042;Nelly Furtado;Não;SAA - Secretaria Acadêmica;Administrativa;Executive Decision Making;PDL;EXTERNO;PRESENCIAL;05/06/2024;09/06/2024
10001/2024;10018;Rihanna;Não;Coordenação de ADS;Acadêmica;Cloud Computing Fundamentals;PDS;INTERNO;EAD;13/08/2024;18/08/2024
10038/2025;10105;Hulk;Não;Coordenação de Banco de Dados;Acadêmica;Planejamento Estratégico para Líderes;PDL;EXTERNO;PRESENCIAL;02/11/2025;07/11/2025
10003/2024;10062;Bella Hadid;Não;SAA - Secretaria Acadêmica;Administrativa;Machine Learning Essentials;PDS;INTERNO;EAD;19/02/2024;24/02/2024
10044/2025;10005;Charlize Theron;Sim;Coordenação de ADS;Acadêmica;5G Technology;PDS;EXTERNO;PRESENCIAL;18/12/2025;23/12/2025
10010/2024;10071;Christy Turlington;Não;Coordenação de ADS;Acadêmica;Liderança Situacional;PDL;INTERNO;EAD;20/01/2024;24/01/2024
10033/2025;10010;Emma Stone;Não;SAA - Secretaria Acadêmica;Administrativa;Web Development with React;PDS;EXTERNO;PRESENCIAL;12/09/2025;17/09/2025
10041/2025;10102;Captain America;Não;Coordenação de Banco de Dados;Acadêmica;Motivação e Engajamento de Equipes;PDL;INTERNO;EAD;06/06/2025;10/06/2025
10049/2025;10068;Claudia Schiffer;Não;Coordenação de Banco de Dados;Acadêmica;IT Service Management;PDS;INTERNO;EAD;05/07/2025;09/07/2025
10037/2025;10003;Paolla Oliveira;Não;SAA - Secretaria Acadêmica;Administrativa;API Development and Design;PDS;EXTERNO;EAD;26/10/2025;30/10/2025
10005/2024;10044;Adele;Sim;Coordenação de ADS;Acadêmica;Redação Administrativa;PDL;INTERNO;EAD;10/03/2024;14/03/2024
10048/2025;10077;Isabella Rossellini;Não;Depto de Recursos Humanos;Administrativa;Project Management Fundamentals;PDS;EXTERNO;PRESENCIAL;10/08/2025;15/08/2025
10022/2024;10078;Sophia Loren;Não;SAA - Secretaria Acadêmica;Administrativa;CIO Strategic Planning;PDL;EXTERNO;PRESENCIAL;13/04/2024;18/04/2024
10009/2024;10021;Dua Lipa;Não;Coordenação de Banco de Dados;Acadêmica;Gestão Administrativa;PDL;EXTERNO;PRESENCIAL;13/02/2024;17/02/2024
10034/2025;10003;Paolla Oliveira;Não;SAA - Secretaria Acadêmica;Administrativa;Ortografia e Gramática para Escritório;PDL;INTERNO;EAD;12/05/2025;15/05/2025
10011/2024;10118;Simão;Não;Coordenação de ADS;Acadêmica;Data Science for Business;PDS;EXTERNO;PRESENCIAL;16/11/2024;21/11/2024
10025/2024;10036;Mariah Carey;Não;Coordenação de ADS;Acadêmica;Enterprise Architecture;PDL;INTERNO;PRESENCIAL;11/09/2024;16/09/2024
10038/2025;10019;Taylor Swift;Não;Depto de Recursos Humanos;Administrativa;Planejamento Estratégico para Líderes;PDL;EXTERNO;PRESENCIAL;25/02/2025;02/03/2025
10005/2024;10126;Lucas;Não;Coordenação de ADS;Acadêmica;Redação Administrativa;PDL;INTERNO;EAD;27/08/2024;31/08/2024
10016/2024;10009;Scarlett Johansson;Não;Coordenação de Banco de Dados;Acadêmica;Database Administration;PDS;INTERNO;EAD;06/03/2024;10/03/2024
10030/2024;10071;Christy Turlington;Não;Coordenação de ADS;Acadêmica;Supervisão e Liderança;PDL;EXTERNO;PRESENCIAL;27/11/2024;02/12/2024
10026/2024;10068;Claudia Schiffer;Não;Coordenação de Banco de Dados;Acadêmica;Python Programming;PDS;EXTERNO;EAD;10/07/2024;15/07/2024
10044/2025;10112;Batman;Não;Coordenação de Banco de Dados;Acadêmica;5G Technology;PDS;EXTERNO;PRESENCIAL;09/11/2025;14/11/2025
10006/2024;10005;Charlize Theron;Sim;Coordenação de ADS;Acadêmica;Strategic Leadership;PDL;INTERNO;PRESENCIAL;12/06/2024;16/06/2024
10044/2025;10107;Doctor Strange;Não;Coordenação de ADS;Acadêmica;5G Technology;PDS;EXTERNO;PRESENCIAL;06/05/2025;11/05/2025
10028/2024;10021;Dua Lipa;Não;Coordenação de Banco de Dados;Acadêmica;Português Técnico;PDL;EXTERNO;EAD;18/02/2024;22/02/2024
10036/2025;10020;Ariana Grande;Não;SAA - Secretaria Acadêmica;Administrativa;Gestão de Conflitos no Ambiente Corporativo;PDL;INTERNO;PRESENCIAL;14/05/2025;18/05/2025
10038/2025;10095;Diane Keaton;Não;Coordenação de ADS;Acadêmica;Planejamento Estratégico para Líderes;PDL;EXTERNO;PRESENCIAL;18/02/2025;23/02/2025
10014/2024;10120;Jesus Emanuel;Não;Depto Tecnológico;Tecnológica;Network Security;PDS;EXTERNO;PRESENCIAL;26/08/2024;31/08/2024
10004/2024;10044;Adele;Sim;Coordenação de ADS;Acadêmica;Português Avançado para Profissionais;PDL;INTERNO;PRESENCIAL;01/07/2024;05/07/2024
10016/2024;10114;The Flash;Não;Depto Tecnológico;Tecnológica;Database Administration;PDS;INTERNO;EAD;23/06/2024;27/06/2024
10033/2025;10008;Angelina Jolie;Não;Coordenação de ADS;Acadêmica;Web Development with React;PDS;EXTERNO;PRESENCIAL;11/01/2025;16/01/2025
10032/2025;10070;Linda Evangelista;Não;SAA - Secretaria Acadêmica;Administrativa;Transformational Leadership;PDL;EXTERNO;PRESENCIAL;11/11/2025;16/11/2025
10027/2024;10026;Kim Kardashian;Sim;SAA - Secretaria Acadêmica;Administrativa;Desenvolvimento de Líderes;PDL;INTERNO;PRESENCIAL;09/02/2024;13/02/2024
10019/2024;10024;Kendall Jenner;Não;Coordenação de ADS;Acadêmica;Comunicação Escrita Efetiva;PDL;INTERNO;PRESENCIAL;10/03/2024;14/03/2024
10001/2024;10029;Ellen DeGeneres;Não;Coordenação de Banco de Dados;Acadêmica;Cloud Computing Fundamentals;PDS;INTERNO;EAD;17/06/2024;22/06/2024
10019/2024;10123;Mateus;Não;Depto Tecnológico;Tecnológica;Comunicação Escrita Efetiva;PDL;INTERNO;PRESENCIAL;27/12/2024;31/12/2024
10003/2024;10038;Britney Spears;Não;SAA - Secretaria Acadêmica;Administrativa;Machine Learning Essentials;PDS;INTERNO;EAD;09/03/2024;14/03/2024
10012/2024;10100;Joan Fontaine;Não;Coordenação de Banco de Dados;Acadêmica;Team Building and Collaboration;PDL;INTERNO;PRESENCIAL;28/10/2024;31/10/2024
10050/2026;10085;Joan Crawford;Não;Depto de Recursos Humanos;Administrativa;Data Warehousing;PDS;EXTERNO;PRESENCIAL;25/09/2026;30/09/2026
10010/2024;10013;Blake Lively;Não;Coordenação de Banco de Dados;Acadêmica;Liderança Situacional;PDL;INTERNO;EAD;15/01/2024;19/01/2024
10045/2025;10104;Tiago;Não;Coordenação de ADS;Acadêmica;Software Development Lifecycle;PDS;INTERNO;EAD;09/12/2025;14/12/2025
10014/2024;10047;Miley Cyrus;Não;Coordenação de Banco de Dados;Acadêmica;Network Security;PDS;EXTERNO;PRESENCIAL;21/10/2024;26/10/2024
10035/2025;10052;Lizzo;Não;Coordenação de Banco de Dados;Acadêmica;Mobile App Development;PDS;INTERNO;EAD;19/06/2025;24/06/2025
10027/2024;10035;Cher;Não;Depto de Recursos Humanos;Administrativa;Desenvolvimento de Líderes;PDL;INTERNO;PRESENCIAL;24/03/2024;28/03/2024
10032/2025;10046;Demi Lovato;Não;SAA - Secretaria Acadêmica;Administrativa;Transformational Leadership;PDL;EXTERNO;PRESENCIAL;06/10/2025;11/10/2025
10038/2025;10088;Rita Hayworth;Não;Coordenação de Banco de Dados;Acadêmica;Planejamento Estratégico para Líderes;PDL;EXTERNO;PRESENCIAL;17/04/2025;22/04/2025
10036/2025;10045;Sam Smith;Não;Depto de Recursos Humanos;Administrativa;Gestão de Conflitos no Ambiente Corporativo;PDL;INTERNO;PRESENCIAL;17/03/2025;21/03/2025
10028/2024;10075;Cate Blanchett;Não;Coordenação de ADS;Acadêmica;Português Técnico;PDL;EXTERNO;EAD;19/04/2024;23/04/2024
10025/2024;10001;Jennifer Lopez;Não;Coordenação de ADS;Acadêmica;Enterprise Architecture;PDL;INTERNO;PRESENCIAL;14/12/2024;19/12/2024
10022/2024;10053;Halsey;Não;Depto de Recursos Humanos;Administrativa;CIO Strategic Planning;PDL;EXTERNO;PRESENCIAL;19/02/2024;24/02/2024
10040/2025;10123;Mateus;Não;Depto Tecnológico;Tecnológica;Database Design and Optimization;PDS;INTERNO;PRESENCIAL;20/09/2025;25/09/2025
10017/2024;10010;Emma Stone;Não;SAA - Secretaria Acadêmica;Administrativa;Financial Management for IT;PDL;EXTERNO;PRESENCIAL;18/04/2024;22/04/2024
10023/2024;10078;Sophia Loren;Não;SAA - Secretaria Acadêmica;Administrativa;Kubernetes Administration;PDS;EXTERNO;PRESENCIAL;10/10/2024;15/10/2024
10015/2024;10120;Jesus Emanuel;Não;Depto Tecnológico;Tecnológica;Coordenação de Equipes;PDL;INTERNO;PRESENCIAL;03/03/2024;07/03/2024
10006/2024;10096;Frances Ford Coppola;Não;Coordenação de Banco de Dados;Acadêmica;Strategic Leadership;PDL;INTERNO;PRESENCIAL;11/07/2024;15/07/2024
10034/2025;10123;Mateus;Não;Depto Tecnológico;Tecnológica;Ortografia e Gramática para Escritório;PDL;INTERNO;EAD;21/05/2025;24/05/2025
10022/2024;10089;Jeanne Moreau;Não;Depto de Recursos Humanos;Administrativa;CIO Strategic Planning;PDL;EXTERNO;PRESENCIAL;08/04/2024;13/04/2024
10038/2025;10001;Jennifer Lopez;Não;Coordenação de ADS;Acadêmica;Planejamento Estratégico para Líderes;PDL;EXTERNO;PRESENCIAL;16/04/2025;21/04/2025
10041/2025;10083;Grace Kelly;Não;Coordenação de ADS;Acadêmica;Motivação e Engajamento de Equipes;PDL;INTERNO;EAD;30/10/2025;03/11/2025
10016/2024;10016;Meghan Markle;Não;SAA - Secretaria Acadêmica;Administrativa;Database Administration;PDS;INTERNO;EAD;29/08/2024;02/09/2024
10012/2024;10019;Taylor Swift;Não;Depto de Recursos Humanos;Administrativa;Team Building and Collaboration;PDL;INTERNO;PRESENCIAL;27/01/2024;30/01/2024
10027/2024;10050;Nicki Minaj;Não;SAA - Secretaria Acadêmica;Administrativa;Desenvolvimento de Líderes;PDL;INTERNO;PRESENCIAL;12/02/2024;16/02/2024
10030/2024;10042;Nelly Furtado;Não;SAA - Secretaria Acadêmica;Administrativa;Supervisão e Liderança;PDL;EXTERNO;PRESENCIAL;05/06/2024;10/06/2024
10050/2026;10011;Margot Robbie;Não;SAA - Secretaria Acadêmica;Administrativa;Data Warehousing;PDS;EXTERNO;PRESENCIAL;29/05/2026;03/06/2026
10026/2024;10103;Thor Odinson;Sim;Depto Tecnológico;Tecnológica;Python Programming;PDS;EXTERNO;EAD;20/01/2024;25/01/2024
10038/2025;10038;Britney Spears;Não;SAA - Secretaria Acadêmica;Administrativa;Planejamento Estratégico para Líderes;PDL;EXTERNO;PRESENCIAL;11/09/2025;16/09/2025
10026/2024;10039;Christina Aguilera;Não;Coordenação de Banco de Dados;Acadêmica;Python Programming;PDS;EXTERNO;EAD;11/11/2024;16/11/2024
10040/2025;10014;Natalie Portman;Sim;Coordenação de ADS;Acadêmica;Database Design and Optimization;PDS;INTERNO;PRESENCIAL;16/05/2025;21/05/2025
10024/2024;10070;Linda Evangelista;Não;SAA - Secretaria Acadêmica;Administrativa;Gestão de Processos;PDL;INTERNO;EAD;28/11/2024;03/12/2024
10022/2024;10126;Lucas;Não;Coordenação de ADS;Acadêmica;CIO Strategic Planning;PDL;EXTERNO;PRESENCIAL;15/04/2024;20/04/2024
10007/2024;10126;Lucas;Não;Coordenação de ADS;Acadêmica;Executive Decision Making;PDL;EXTERNO;PRESENCIAL;30/11/2024;04/12/2024
10040/2025;10006;Kate Beckinsale;Não;Coordenação de Banco de Dados;Acadêmica;Database Design and Optimization;PDS;INTERNO;PRESENCIAL;15/01/2025;20/01/2025
10018/2024;10035;Cher;Não;Depto de Recursos Humanos;Administrativa;Microservices Architecture;PDS;EXTERNO;PRESENCIAL;06/02/2024;11/02/2024
10044/2025;10043;Amy Winehouse;Não;Coordenação de Banco de Dados;Acadêmica;5G Technology;PDS;EXTERNO;PRESENCIAL;29/03/2025;03/04/2025
10048/2025;10032;Cameron Diaz;Não;Coordenação de Banco de Dados;Acadêmica;Project Management Fundamentals;PDS;EXTERNO;PRESENCIAL;07/05/2025;12/05/2025
10008/2024;10119;João;Não;Depto Tecnológico;Tecnológica;Change Management for Leaders;PDL;INTERNO;EAD;17/07/2024;21/07/2024
10017/2024;10040;Shakira;Não;Coordenação de ADS;Acadêmica;Financial Management for IT;PDL;EXTERNO;PRESENCIAL;13/04/2024;17/04/2024
10037/2025;10124;Estêvão;Sim;Depto Tecnológico;Tecnológica;API Development and Design;PDS;EXTERNO;EAD;07/12/2025;11/12/2025
10049/2025;10096;Frances Ford Coppola;Não;Coordenação de Banco de Dados;Acadêmica;IT Service Management;PDS;INTERNO;EAD;21/08/2025;25/08/2025
10003/2024;10006;Kate Beckinsale;Não;Coordenação de Banco de Dados;Acadêmica;Machine Learning Essentials;PDS;INTERNO;EAD;30/05/2024;04/06/2024
10032/2025;10123;Mateus;Não;Depto Tecnológico;Tecnológica;Transformational Leadership;PDL;EXTERNO;PRESENCIAL;06/02/2025;11/02/2025
10017/2024;10061;Gigi Hadid;Não;Depto de Recursos Humanos;Administrativa;Financial Management for IT;PDL;EXTERNO;PRESENCIAL;28/11/2024;02/12/2024
10032/2025;10108;Black Panther;Sim;Coordenação de Banco de Dados;Acadêmica;Transformational Leadership;PDL;EXTERNO;PRESENCIAL;16/04/2025;21/04/2025
10029/2024;10041;Gwen Stefani;Não;Depto de Recursos Humanos;Administrativa;Java Development;PDS;INTERNO;EAD;28/10/2024;02/11/2024
10012/2024;10088;Rita Hayworth;Não;Coordenação de Banco de Dados;Acadêmica;Team Building and Collaboration;PDL;INTERNO;PRESENCIAL;31/05/2024;03/06/2024
10001/2024;10133;Michelangelo;Não;Coordenação de ADS;Acadêmica;Cloud Computing Fundamentals;PDS;INTERNO;EAD;26/09/2024;01/10/2024
10046/2025;10002;Isabela Fontana;Não;Coordenação de Banco de Dados;Acadêmica;Agile Methodology;PDS;EXTERNO;PRESENCIAL;25/11/2025;29/11/2025
10007/2024;10041;Gwen Stefani;Não;Depto de Recursos Humanos;Administrativa;Executive Decision Making;PDL;EXTERNO;PRESENCIAL;09/08/2024;13/08/2024
10008/2024;10095;Diane Keaton;Não;Coordenação de ADS;Acadêmica;Change Management for Leaders;PDL;INTERNO;EAD;08/12/2024;12/12/2024
10048/2025;10043;Amy Winehouse;Não;Coordenação de Banco de Dados;Acadêmica;Project Management Fundamentals;PDS;EXTERNO;PRESENCIAL;06/06/2025;11/06/2025
10039/2025;10076;Tilda Swinton;Não;Coordenação de Banco de Dados;Acadêmica;Governance and Compliance;PDL;INTERNO;EAD;06/05/2025;10/05/2025
10045/2025;10094;Meryl Streep;Sim;SAA - Secretaria Acadêmica;Administrativa;Software Development Lifecycle;PDS;INTERNO;EAD;01/03/2025;06/03/2025
10045/2025;10100;Joan Fontaine;Não;Coordenação de Banco de Dados;Acadêmica;Software Development Lifecycle;PDS;INTERNO;EAD;26/08/2025;31/08/2025
10022/2024;10082;Ingrid Bergman;Não;SAA - Secretaria Acadêmica;Administrativa;CIO Strategic Planning;PDL;EXTERNO;PRESENCIAL;29/05/2024;03/06/2024
10017/2024;10101;Iron Man;Não;Coordenação de ADS;Acadêmica;Financial Management for IT;PDL;EXTERNO;PRESENCIAL;30/06/2024;04/07/2024
10004/2024;10087;Elizabeth Taylor;Não;Coordenação de ADS;Acadêmica;Português Avançado para Profissionais;PDL;INTERNO;PRESENCIAL;24/02/2024;28/02/2024
10016/2024;10005;Charlize Theron;Sim;Coordenação de ADS;Acadêmica;Database Administration;PDS;INTERNO;EAD;25/02/2024;29/02/2024
10008/2024;10095;Diane Keaton;Não;Coordenação de ADS;Acadêmica;Change Management for Leaders;PDL;INTERNO;EAD;02/06/2024;06/06/2024
10023/2024;10045;Sam Smith;Não;Depto de Recursos Humanos;Administrativa;Kubernetes Administration;PDS;EXTERNO;PRESENCIAL;10/06/2024;15/06/2024
10013/2024;10029;Ellen DeGeneres;Não;Coordenação de Banco de Dados;Acadêmica;Emotional Intelligence for Executives;PDL;INTERNO;EAD;16/11/2024;20/11/2024
10040/2025;10049;Katy Perry;Não;Depto de Recursos Humanos;Administrativa;Database Design and Optimization;PDS;INTERNO;PRESENCIAL;15/12/2025;20/12/2025
10045/2025;10096;Frances Ford Coppola;Não;Coordenação de Banco de Dados;Acadêmica;Software Development Lifecycle;PDS;INTERNO;EAD;09/06/2025;14/06/2025
10006/2024;10066;Naomi Campbell;Sim;SAA - Secretaria Acadêmica;Administrativa;Strategic Leadership;PDL;INTERNO;PRESENCIAL;24/06/2024;28/06/2024
10040/2025;10003;Paolla Oliveira;Não;SAA - Secretaria Acadêmica;Administrativa;Database Design and Optimization;PDS;INTERNO;PRESENCIAL;08/12/2025;13/12/2025
10011/2024;10138;Marie Curie;Não;Depto de Recursos Humanos;Administrativa;Data Science for Business;PDS;EXTERNO;PRESENCIAL;16/07/2024;21/07/2024
10047/2025;10045;Sam Smith;Não;Depto de Recursos Humanos;Administrativa;Scrum Master Certification;PDS;INTERNO;EAD;22/05/2025;26/05/2025
10033/2025;10070;Linda Evangelista;Não;SAA - Secretaria Acadêmica;Administrativa;Web Development with React;PDS;EXTERNO;PRESENCIAL;25/02/2025;02/03/2025
10043/2025;10049;Katy Perry;Não;Depto de Recursos Humanos;Administrativa;IoT Solutions;PDS;INTERNO;EAD;11/10/2025;15/10/2025
10003/2024;10119;João;Não;Depto Tecnológico;Tecnológica;Machine Learning Essentials;PDS;INTERNO;EAD;09/03/2024;14/03/2024
10002/2024;10021;Dua Lipa;Não;Coordenação de Banco de Dados;Acadêmica;Cybersecurity Advanced;PDS;EXTERNO;PRESENCIAL;15/10/2024;19/10/2024
10006/2024;10073;Naomi Watts;Não;Depto de Recursos Humanos;Administrativa;Strategic Leadership;PDL;INTERNO;PRESENCIAL;30/06/2024;04/07/2024
10038/2025;10028;Oprah Winfrey;Sim;Coordenação de ADS;Acadêmica;Planejamento Estratégico para Líderes;PDL;EXTERNO;PRESENCIAL;04/06/2025;09/06/2025
10027/2024;10105;Hulk;Não;Coordenação de Banco de Dados;Acadêmica;Desenvolvimento de Líderes;PDL;INTERNO;PRESENCIAL;29/07/2024;02/08/2024
10043/2025;10017;Zendaya;Não;Coordenação de ADS;Acadêmica;IoT Solutions;PDS;INTERNO;EAD;14/12/2025;18/12/2025
10018/2024;10044;Adele;Sim;Coordenação de ADS;Acadêmica;Microservices Architecture;PDS;EXTERNO;PRESENCIAL;13/08/2024;18/08/2024
10031/2025;10008;Angelina Jolie;Não;Coordenação de ADS;Acadêmica;Full Stack Development;PDS;INTERNO;EAD;19/10/2025;24/10/2025
10049/2025;10014;Natalie Portman;Sim;Coordenação de ADS;Acadêmica;IT Service Management;PDS;INTERNO;EAD;22/04/2025;26/04/2025
10020/2024;10063;Emily Ratajkowski;Não;Coordenação de ADS;Acadêmica;Administração de Recursos Humanos;PDL;INTERNO;EAD;13/01/2024;17/01/2024
10035/2025;10113;Wonder Woman;Não;Coordenação de ADS;Acadêmica;Mobile App Development;PDS;INTERNO;EAD;11/01/2025;16/01/2025
10012/2024;10118;Simão;Não;Coordenação de ADS;Acadêmica;Team Building and Collaboration;PDL;INTERNO;PRESENCIAL;12/08/2024;15/08/2024
10039/2025;10059;Alexa Chung;Não;Coordenação de ADS;Acadêmica;Governance and Compliance;PDL;INTERNO;EAD;25/10/2025;29/10/2025
10041/2025;10094;Meryl Streep;Sim;SAA - Secretaria Acadêmica;Administrativa;Motivação e Engajamento de Equipes;PDL;INTERNO;EAD;24/04/2025;28/04/2025
10029/2024;10068;Claudia Schiffer;Não;Coordenação de Banco de Dados;Acadêmica;Java Development;PDS;INTERNO;EAD;10/06/2024;15/06/2024
10045/2025;10101;Iron Man;Não;Coordenação de ADS;Acadêmica;Software Development Lifecycle;PDS;INTERNO;EAD;10/01/2025;15/01/2025
10016/2024;10028;Oprah Winfrey;Sim;Coordenação de ADS;Acadêmica;Database Administration;PDS;INTERNO;EAD;06/07/2024;10/07/2024
10046/2025;10003;Paolla Oliveira;Não;SAA - Secretaria Acadêmica;Administrativa;Agile Methodology;PDS;EXTERNO;PRESENCIAL;06/07/2025;10/07/2025
10048/2025;10099;Bette Davis;Não;Coordenação de ADS;Acadêmica;Project Management Fundamentals;PDS;EXTERNO;PRESENCIAL;07/04/2025;12/04/2025
10018/2024;10097;Sissy Spacek;Não;Depto de Recursos Humanos;Administrativa;Microservices Architecture;PDS;EXTERNO;PRESENCIAL;23/03/2024;28/03/2024
10016/2024;10035;Cher;Não;Depto de Recursos Humanos;Administrativa;Database Administration;PDS;INTERNO;EAD;15/02/2024;19/02/2024
10007/2024;10065;Irina Shayk;Não;Depto de Recursos Humanos;Administrativa;Executive Decision Making;PDL;EXTERNO;PRESENCIAL;26/09/2024;30/09/2024
10023/2024;10124;Estêvão;Sim;Depto Tecnológico;Tecnológica;Kubernetes Administration;PDS;EXTERNO;PRESENCIAL;23/07/2024;28/07/2024
10049/2025;10067;Tyra Banks;Não;Coordenação de ADS;Acadêmica;IT Service Management;PDS;INTERNO;EAD;12/09/2025;16/09/2025
10010/2024;10008;Angelina Jolie;Não;Coordenação de ADS;Acadêmica;Liderança Situacional;PDL;INTERNO;EAD;17/10/2024;21/10/2024
10013/2024;10118;Simão;Não;Coordenação de ADS;Acadêmica;Emotional Intelligence for Executives;PDL;INTERNO;EAD;28/02/2024;03/03/2024
10045/2025;10127;André;Não;Depto de Recursos Humanos;Recursos Humanos;Software Development Lifecycle;PDS;INTERNO;EAD;19/05/2025;24/05/2025
10027/2024;10098;Jessica Tandy;Não;SAA - Secretaria Acadêmica;Administrativa;Desenvolvimento de Líderes;PDL;INTERNO;PRESENCIAL;06/06/2024;10/06/2024
10023/2024;10088;Rita Hayworth;Não;Coordenação de Banco de Dados;Acadêmica;Kubernetes Administration;PDS;EXTERNO;PRESENCIAL;28/06/2024;03/07/2024
10037/2025;10096;Frances Ford Coppola;Não;Coordenação de Banco de Dados;Acadêmica;API Development and Design;PDS;EXTERNO;EAD;10/11/2025;14/11/2025
10046/2025;10069;Cindy Crawford;Não;Depto de Recursos Humanos;Administrativa;Agile Methodology;PDS;EXTERNO;PRESENCIAL;12/03/2025;16/03/2025
10009/2024;10064;Cara Delevingne;Não;Coordenação de Banco de Dados;Acadêmica;Gestão Administrativa;PDL;EXTERNO;PRESENCIAL;02/07/2024;06/07/2024
10012/2024;10022;Billie Eilish;Não;Depto de Recursos Humanos;Administrativa;Team Building and Collaboration;PDL;INTERNO;PRESENCIAL;21/06/2024;24/06/2024
10049/2025;10067;Tyra Banks;Não;Coordenação de ADS;Acadêmica;IT Service Management;PDS;INTERNO;EAD;16/05/2025;20/05/2025
10031/2025;10102;Captain America;Não;Coordenação de Banco de Dados;Acadêmica;Full Stack Development;PDS;INTERNO;EAD;11/03/2025;16/03/2025
10003/2024;10034;Madonna;Não;Coordenação de ADS;Acadêmica;Machine Learning Essentials;PDS;INTERNO;EAD;20/01/2024;25/01/2024
10041/2025;10029;Ellen DeGeneres;Não;Coordenação de Banco de Dados;Acadêmica;Motivação e Engajamento de Equipes;PDL;INTERNO;EAD;19/12/2025;23/12/2025
10008/2024;10134;Galileo Galilei;Sim;Coordenação de Banco de Dados;Acadêmica;Change Management for Leaders;PDL;INTERNO;EAD;12/10/2024;16/10/2024
10044/2025;10003;Paolla Oliveira;Não;SAA - Secretaria Acadêmica;Administrativa;5G Technology;PDS;EXTERNO;PRESENCIAL;23/05/2025;28/05/2025
10014/2024;10135;Isaac Newton;Sim;Coordenação de ADS;Acadêmica;Network Security;PDS;EXTERNO;PRESENCIAL;19/03/2024;24/03/2024
10005/2024;10077;Isabella Rossellini;Não;Depto de Recursos Humanos;Administrativa;Redação Administrativa;PDL;INTERNO;EAD;09/09/2024;13/09/2024
10015/2024;10074;Rachel Weisz;Não;SAA - Secretaria Acadêmica;Administrativa;Coordenação de Equipes;PDL;INTERNO;PRESENCIAL;18/02/2024;22/02/2024
10049/2025;10140;Carl Sagan;Não;Coordenação de ADS;Acadêmica;IT Service Management;PDS;INTERNO;EAD;29/10/2025;02/11/2025
10034/2025;10066;Naomi Campbell;Sim;SAA - Secretaria Acadêmica;Administrativa;Ortografia e Gramática para Escritório;PDL;INTERNO;EAD;16/05/2025;19/05/2025
10033/2025;10020;Ariana Grande;Não;SAA - Secretaria Acadêmica;Administrativa;Web Development with React;PDS;EXTERNO;PRESENCIAL;12/01/2025;17/01/2025
10036/2025;10087;Elizabeth Taylor;Não;Coordenação de ADS;Acadêmica;Gestão de Conflitos no Ambiente Corporativo;PDL;INTERNO;PRESENCIAL;24/11/2025;28/11/2025
10028/2024;10128;Tomás;Não;SAA - Secretaria Acadêmica;Administrativa;Português Técnico;PDL;EXTERNO;EAD;13/07/2024;17/07/2024
10047/2025;10078;Sophia Loren;Não;SAA - Secretaria Acadêmica;Administrativa;Scrum Master Certification;PDS;INTERNO;EAD;11/02/2025;15/02/2025
10023/2024;10104;Tiago;Não;Coordenação de ADS;Acadêmica;Kubernetes Administration;PDS;EXTERNO;PRESENCIAL;06/03/2024;11/03/2024
10043/2025;10119;João;Não;Depto Tecnológico;Tecnológica;IoT Solutions;PDS;INTERNO;EAD;06/06/2025;10/06/2025
10003/2024;10007;Jennifer Aniston;Sim;Coordenação de ADS;Acadêmica;Machine Learning Essentials;PDS;INTERNO;EAD;16/09/2024;21/09/2024
10049/2025;10114;The Flash;Não;Depto Tecnológico;Tecnológica;IT Service Management;PDS;INTERNO;EAD;10/06/2025;14/06/2025
10011/2024;10107;Doctor Strange;Não;Coordenação de ADS;Acadêmica;Data Science for Business;PDS;EXTERNO;PRESENCIAL;08/04/2024;13/04/2024
10010/2024;10028;Oprah Winfrey;Sim;Coordenação de ADS;Acadêmica;Liderança Situacional;PDL;INTERNO;EAD;24/11/2024;28/11/2024
10012/2024;10098;Jessica Tandy;Não;SAA - Secretaria Acadêmica;Administrativa;Team Building and Collaboration;PDL;INTERNO;PRESENCIAL;10/04/2024;13/04/2024
10049/2025;10098;Jessica Tandy;Não;SAA - Secretaria Acadêmica;Administrativa;IT Service Management;PDS;INTERNO;EAD;28/11/2025;02/12/2025
10028/2024;10135;Isaac Newton;Sim;Coordenação de ADS;Acadêmica;Português Técnico;PDL;EXTERNO;EAD;07/04/2024;11/04/2024
10018/2024;10041;Gwen Stefani;Não;Depto de Recursos Humanos;Administrativa;Microservices Architecture;PDS;EXTERNO;PRESENCIAL;01/10/2024;06/10/2024
10044/2025;10127;André;Não;Depto de Recursos Humanos;Recursos Humanos;5G Technology;PDS;EXTERNO;PRESENCIAL;24/04/2025;29/04/2025
10020/2024;10020;Ariana Grande;Não;SAA - Secretaria Acadêmica;Administrativa;Administração de Recursos Humanos;PDL;INTERNO;EAD;11/08/2024;15/08/2024
10035/2025;10039;Christina Aguilera;Não;Coordenação de Banco de Dados;Acadêmica;Mobile App Development;PDS;INTERNO;EAD;03/02/2025;08/02/2025
10011/2024;10035;Cher;Não;Depto de Recursos Humanos;Administrativa;Data Science for Business;PDS;EXTERNO;PRESENCIAL;30/03/2024;04/04/2024
10015/2024;10006;Kate Beckinsale;Não;Coordenação de Banco de Dados;Acadêmica;Coordenação de Equipes;PDL;INTERNO;PRESENCIAL;25/01/2024;29/01/2024
10015/2024;10064;Cara Delevingne;Não;Coordenação de Banco de Dados;Acadêmica;Coordenação de Equipes;PDL;INTERNO;PRESENCIAL;08/09/2024;12/09/2024
10046/2025;10041;Gwen Stefani;Não;Depto de Recursos Humanos;Administrativa;Agile Methodology;PDS;EXTERNO;PRESENCIAL;09/02/2025;13/02/2025
10012/2024;10051;Cardi B;Não;Coordenação de ADS;Acadêmica;Team Building and Collaboration;PDL;INTERNO;PRESENCIAL;23/10/2024;26/10/2024
10008/2024;10082;Ingrid Bergman;Não;SAA - Secretaria Acadêmica;Administrativa;Change Management for Leaders;PDL;INTERNO;EAD;04/02/2024;08/02/2024
10021/2024;10122;Clemente;Não;Coordenação de ADS;Acadêmica;Container Technology with Docker;PDS;INTERNO;EAD;10/09/2024;15/09/2024
10022/2024;10124;Estêvão;Sim;Depto Tecnológico;Tecnológica;CIO Strategic Planning;PDL;EXTERNO;PRESENCIAL;28/02/2024;04/03/2024
10003/2024;10038;Britney Spears;Não;SAA - Secretaria Acadêmica;Administrativa;Machine Learning Essentials;PDS;INTERNO;EAD;18/07/2024;23/07/2024
10011/2024;10083;Grace Kelly;Não;Coordenação de ADS;Acadêmica;Data Science for Business;PDS;EXTERNO;PRESENCIAL;09/08/2024;14/08/2024
10008/2024;10096;Frances Ford Coppola;Não;Coordenação de Banco de Dados;Acadêmica;Change Management for Leaders;PDL;INTERNO;EAD;26/06/2024;30/06/2024
10032/2025;10003;Paolla Oliveira;Não;SAA - Secretaria Acadêmica;Administrativa;Transformational Leadership;PDL;EXTERNO;PRESENCIAL;26/07/2025;31/07/2025
10025/2024;10113;Wonder Woman;Não;Coordenação de ADS;Acadêmica;Enterprise Architecture;PDL;INTERNO;PRESENCIAL;18/11/2024;23/11/2024
10010/2024;10013;Blake Lively;Não;Coordenação de Banco de Dados;Acadêmica;Liderança Situacional;PDL;INTERNO;EAD;19/01/2024;23/01/2024
10041/2025;10053;Halsey;Não;Depto de Recursos Humanos;Administrativa;Motivação e Engajamento de Equipes;PDL;INTERNO;EAD;08/08/2025;12/08/2025
10025/2024;10067;Tyra Banks;Não;Coordenação de ADS;Acadêmica;Enterprise Architecture;PDL;INTERNO;PRESENCIAL;24/04/2024;29/04/2024
10043/2025;10113;Wonder Woman;Não;Coordenação de ADS;Acadêmica;IoT Solutions;PDS;INTERNO;EAD;05/02/2025;09/02/2025
10032/2025;10109;Felipe;Não;Depto Tecnológico;Tecnológica;Transformational Leadership;PDL;EXTERNO;PRESENCIAL;22/04/2025;27/04/2025
10044/2025;10037;Celine Dion;Não;Coordenação de ADS;Acadêmica;5G Technology;PDS;EXTERNO;PRESENCIAL;22/10/2025;27/10/2025
10033/2025;10128;Tomás;Não;SAA - Secretaria Acadêmica;Administrativa;Web Development with React;PDS;EXTERNO;PRESENCIAL;23/09/2025;28/09/2025
10009/2024;10103;Thor Odinson;Sim;Depto Tecnológico;Tecnológica;Gestão Administrativa;PDL;EXTERNO;PRESENCIAL;24/08/2024;28/08/2024
10026/2024;10044;Adele;Sim;Coordenação de ADS;Acadêmica;Python Programming;PDS;EXTERNO;EAD;25/05/2024;30/05/2024
10016/2024;10093;Jessica Lange;Não;Depto de Recursos Humanos;Administrativa;Database Administration;PDS;INTERNO;EAD;06/11/2024;10/11/2024
10047/2025;10090;Brigitte Bardot;Não;SAA - Secretaria Acadêmica;Administrativa;Scrum Master Certification;PDS;INTERNO;EAD;25/12/2025;29/12/2025
10043/2025;10089;Jeanne Moreau;Não;Depto de Recursos Humanos;Administrativa;IoT Solutions;PDS;INTERNO;EAD;21/08/2025;25/08/2025
10014/2024;10006;Kate Beckinsale;Não;Coordenação de Banco de Dados;Acadêmica;Network Security;PDS;EXTERNO;PRESENCIAL;17/11/2024;22/11/2024
10014/2024;10001;Jennifer Lopez;Não;Coordenação de ADS;Acadêmica;Network Security;PDS;EXTERNO;PRESENCIAL;12/10/2024;17/10/2024
10035/2025;10053;Halsey;Não;Depto de Recursos Humanos;Administrativa;Mobile App Development;PDS;INTERNO;EAD;13/06/2025;18/06/2025
10001/2024;10104;Tiago;Não;Coordenação de ADS;Acadêmica;Cloud Computing Fundamentals;PDS;INTERNO;EAD;05/01/2024;10/01/2024
10017/2024;10066;Naomi Campbell;Sim;SAA - Secretaria Acadêmica;Administrativa;Financial Management for IT;PDL;EXTERNO;PRESENCIAL;15/05/2024;19/05/2024
10033/2025;10065;Irina Shayk;Não;Depto de Recursos Humanos;Administrativa;Web Development with React;PDS;EXTERNO;PRESENCIAL;04/09/2025;09/09/2025
10020/2024;10120;Jesus Emanuel;Não;Depto Tecnológico;Tecnológica;Administração de Recursos Humanos;PDL;INTERNO;EAD;30/04/2024;04/05/2024
10040/2025;10005;Charlize Theron;Sim;Coordenação de ADS;Acadêmica;Database Design and Optimization;PDS;INTERNO;PRESENCIAL;25/11/2025;30/11/2025
10013/2024;10021;Dua Lipa;Não;Coordenação de Banco de Dados;Acadêmica;Emotional Intelligence for Executives;PDL;INTERNO;EAD;16/02/2024;20/02/2024
10029/2024;10114;The Flash;Não;Depto Tecnológico;Tecnológica;Java Development;PDS;INTERNO;EAD;20/03/2024;25/03/2024
10040/2025;10063;Emily Ratajkowski;Não;Coordenação de ADS;Acadêmica;Database Design and Optimization;PDS;INTERNO;PRESENCIAL;11/03/2025;16/03/2025
10038/2025;10040;Shakira;Não;Coordenação de ADS;Acadêmica;Planejamento Estratégico para Líderes;PDL;EXTERNO;PRESENCIAL;23/08/2025;28/08/2025
10008/2024;10034;Madonna;Não;Coordenação de ADS;Acadêmica;Change Management for Leaders;PDL;INTERNO;EAD;26/08/2024;30/08/2024
10025/2024;10006;Kate Beckinsale;Não;Coordenação de Banco de Dados;Acadêmica;Enterprise Architecture;PDL;INTERNO;PRESENCIAL;17/01/2024;22/01/2024
10017/2024;10104;Tiago;Não;Coordenação de ADS;Acadêmica;Financial Management for IT;PDL;EXTERNO;PRESENCIAL;26/02/2024;01/03/2024
10025/2024;10113;Wonder Woman;Não;Coordenação de ADS;Acadêmica;Enterprise Architecture;PDL;INTERNO;PRESENCIAL;03/11/2024;08/11/2024
10008/2024;10110;Paulo;Não;Depto Tecnológico;Tecnológica;Change Management for Leaders;PDL;INTERNO;EAD;15/09/2024;19/09/2024
10021/2024;10065;Irina Shayk;Não;Depto de Recursos Humanos;Administrativa;Container Technology with Docker;PDS;INTERNO;EAD;03/05/2024;08/05/2024
10024/2024;10010;Emma Stone;Não;SAA - Secretaria Acadêmica;Administrativa;Gestão de Processos;PDL;INTERNO;EAD;15/04/2024;20/04/2024
10025/2024;10118;Simão;Não;Coordenação de ADS;Acadêmica;Enterprise Architecture;PDL;INTERNO;PRESENCIAL;19/10/2024;24/10/2024
10010/2024;10045;Sam Smith;Não;Depto de Recursos Humanos;Administrativa;Liderança Situacional;PDL;INTERNO;EAD;27/11/2024;01/12/2024
10015/2024;10110;Paulo;Não;Depto Tecnológico;Tecnológica;Coordenação de Equipes;PDL;INTERNO;PRESENCIAL;20/06/2024;24/06/2024
10043/2025;10102;Captain America;Não;Coordenação de Banco de Dados;Acadêmica;IoT Solutions;PDS;INTERNO;EAD;09/02/2025;13/02/2025
10011/2024;10138;Marie Curie;Não;Depto de Recursos Humanos;Administrativa;Data Science for Business;PDS;EXTERNO;PRESENCIAL;26/06/2024;01/07/2024
10043/2025;10114;The Flash;Não;Depto Tecnológico;Tecnológica;IoT Solutions;PDS;INTERNO;EAD;14/07/2025;18/07/2025
10050/2026;10119;João;Não;Depto Tecnológico;Tecnológica;Data Warehousing;PDS;EXTERNO;PRESENCIAL;07/12/2026;12/12/2026
10014/2024;10020;Ariana Grande;Não;SAA - Secretaria Acadêmica;Administrativa;Network Security;PDS;EXTERNO;PRESENCIAL;14/10/2024;19/10/2024
10008/2024;10083;Grace Kelly;Não;Coordenação de ADS;Acadêmica;Change Management for Leaders;PDL;INTERNO;EAD;21/02/2024;25/02/2024
10028/2024;10068;Claudia Schiffer;Não;Coordenação de Banco de Dados;Acadêmica;Português Técnico;PDL;EXTERNO;EAD;27/12/2024;31/12/2024
10026/2024;10022;Billie Eilish;Não;Depto de Recursos Humanos;Administrativa;Python Programming;PDS;EXTERNO;EAD;24/10/2024;29/10/2024
10004/2024;10008;Angelina Jolie;Não;Coordenação de ADS;Acadêmica;Português Avançado para Profissionais;PDL;INTERNO;PRESENCIAL;28/02/2024;03/03/2024
10028/2024;10008;Angelina Jolie;Não;Coordenação de ADS;Acadêmica;Português Técnico;PDL;EXTERNO;EAD;30/06/2024;04/07/2024
10027/2024;10042;Nelly Furtado;Não;SAA - Secretaria Acadêmica;Administrativa;Desenvolvimento de Líderes;PDL;INTERNO;PRESENCIAL;18/09/2024;22/09/2024
10001/2024;10016;Meghan Markle;Não;SAA - Secretaria Acadêmica;Administrativa;Cloud Computing Fundamentals;PDS;INTERNO;EAD;09/06/2024;14/06/2024
10043/2025;10009;Scarlett Johansson;Não;Coordenação de Banco de Dados;Acadêmica;IoT Solutions;PDS;INTERNO;EAD;29/10/2025;02/11/2025
10013/2024;10093;Jessica Lange;Não;Depto de Recursos Humanos;Administrativa;Emotional Intelligence for Executives;PDL;INTERNO;EAD;11/04/2024;15/04/2024
10030/2024;10009;Scarlett Johansson;Não;Coordenação de Banco de Dados;Acadêmica;Supervisão e Liderança;PDL;EXTERNO;PRESENCIAL;14/12/2024;19/12/2024
10022/2024;10123;Mateus;Não;Depto Tecnológico;Tecnológica;CIO Strategic Planning;PDL;EXTERNO;PRESENCIAL;27/09/2024;02/10/2024
10023/2024;10059;Alexa Chung;Não;Coordenação de ADS;Acadêmica;Kubernetes Administration;PDS;EXTERNO;PRESENCIAL;26/03/2024;31/03/2024
10008/2024;10044;Adele;Sim;Coordenação de ADS;Acadêmica;Change Management for Leaders;PDL;INTERNO;EAD;22/09/2024;26/09/2024
10023/2024;10109;Felipe;Não;Depto Tecnológico;Tecnológica;Kubernetes Administration;PDS;EXTERNO;PRESENCIAL;23/02/2024;28/02/2024
10031/2025;10068;Claudia Schiffer;Não;Coordenação de Banco de Dados;Acadêmica;Full Stack Development;PDS;INTERNO;EAD;17/08/2025;22/08/2025
10014/2024;10066;Naomi Campbell;Sim;SAA - Secretaria Acadêmica;Administrativa;Network Security;PDS;EXTERNO;PRESENCIAL;16/08/2024;21/08/2024
10043/2025;10033;Drew Barrymore;Não;SAA - Secretaria Acadêmica;Administrativa;IoT Solutions;PDS;INTERNO;EAD;01/08/2025;05/08/2025
10007/2024;10054;Olivia Wilde;Não;SAA - Secretaria Acadêmica;Administrativa;Executive Decision Making;PDL;EXTERNO;PRESENCIAL;31/12/2024;04/01/2025
10032/2025;10123;Mateus;Não;Depto Tecnológico;Tecnológica;Transformational Leadership;PDL;EXTERNO;PRESENCIAL;12/10/2025;17/10/2025
10025/2024;10065;Irina Shayk;Não;Depto de Recursos Humanos;Administrativa;Enterprise Architecture;PDL;INTERNO;PRESENCIAL;20/02/2024;25/02/2024
10003/2024;10012;Gal Gadot;Não;Coordenação de ADS;Acadêmica;Machine Learning Essentials;PDS;INTERNO;EAD;31/07/2024;05/08/2024
10008/2024;10047;Miley Cyrus;Não;Coordenação de Banco de Dados;Acadêmica;Change Management for Leaders;PDL;INTERNO;EAD;09/07/2024;13/07/2024
10002/2024;10120;Jesus Emanuel;Não;Depto Tecnológico;Tecnológica;Cybersecurity Advanced;PDS;EXTERNO;PRESENCIAL;18/09/2024;22/09/2024
10011/2024;10014;Natalie Portman;Sim;Coordenação de ADS;Acadêmica;Data Science for Business;PDS;EXTERNO;PRESENCIAL;25/01/2024;30/01/2024
10036/2025;10027;Beyonce Knowles;Não;Coordenação de ADS;Acadêmica;Gestão de Conflitos no Ambiente Corporativo;PDL;INTERNO;PRESENCIAL;25/08/2025;29/08/2025
10020/2024;10055;Anne Hathaway;Não;Coordenação de ADS;Acadêmica;Administração de Recursos Humanos;PDL;INTERNO;EAD;18/03/2024;22/03/2024
10045/2025;10030;Sandra Bullock;Não;Depto de Recursos Humanos;Administrativa;Software Development Lifecycle;PDS;INTERNO;EAD;15/02/2025;20/02/2025
10017/2024;10050;Nicki Minaj;Não;SAA - Secretaria Acadêmica;Administrativa;Financial Management for IT;PDL;EXTERNO;PRESENCIAL;29/09/2024;03/10/2024
10032/2025;10008;Angelina Jolie;Não;Coordenação de ADS;Acadêmica;Transformational Leadership;PDL;EXTERNO;PRESENCIAL;29/12/2025;03/01/2026
10003/2024;10106;Spider-Man;Não;Depto Tecnológico;Tecnológica;Machine Learning Essentials;PDS;INTERNO;EAD;07/04/2024;12/04/2024
10023/2024;10113;Wonder Woman;Não;Coordenação de ADS;Acadêmica;Kubernetes Administration;PDS;EXTERNO;PRESENCIAL;25/12/2024;30/12/2024
10022/2024;10074;Rachel Weisz;Não;SAA - Secretaria Acadêmica;Administrativa;CIO Strategic Planning;PDL;EXTERNO;PRESENCIAL;24/10/2024;29/10/2024
10034/2025;10089;Jeanne Moreau;Não;Depto de Recursos Humanos;Administrativa;Ortografia e Gramática para Escritório;PDL;INTERNO;EAD;09/03/2025;12/03/2025
10040/2025;10023;Hailey Baldwin;Não;SAA - Secretaria Acadêmica;Administrativa;Database Design and Optimization;PDS;INTERNO;PRESENCIAL;25/08/2025;30/08/2025
10042/2025;10092;Faye Dunaway;Não;Coordenação de Banco de Dados;Acadêmica;Digital Transformation;PDS;EXTERNO;PRESENCIAL;15/10/2025;20/10/2025
10007/2024;10107;Doctor Strange;Não;Coordenação de ADS;Acadêmica;Executive Decision Making;PDL;EXTERNO;PRESENCIAL;08/09/2024;12/09/2024
10023/2024;10067;Tyra Banks;Não;Coordenação de ADS;Acadêmica;Kubernetes Administration;PDS;EXTERNO;PRESENCIAL;15/06/2024;20/06/2024
10019/2024;10071;Christy Turlington;Não;Coordenação de ADS;Acadêmica;Comunicação Escrita Efetiva;PDL;INTERNO;PRESENCIAL;30/06/2024;04/07/2024
10042/2025;10087;Elizabeth Taylor;Não;Coordenação de ADS;Acadêmica;Digital Transformation;PDS;EXTERNO;PRESENCIAL;19/12/2025;24/12/2025
10044/2025;10111;Superman;Sim;Coordenação de ADS;Acadêmica;5G Technology;PDS;EXTERNO;PRESENCIAL;06/05/2025;11/05/2025
10034/2025;10126;Lucas;Não;Coordenação de ADS;Acadêmica;Ortografia e Gramática para Escritório;PDL;INTERNO;EAD;03/05/2025;06/05/2025
10046/2025;10104;Tiago;Não;Coordenação de ADS;Acadêmica;Agile Methodology;PDS;EXTERNO;PRESENCIAL;27/11/2025;01/12/2025
10024/2024;10039;Christina Aguilera;Não;Coordenação de Banco de Dados;Acadêmica;Gestão de Processos;PDL;INTERNO;EAD;25/01/2024;30/01/2024
10049/2025;10026;Kim Kardashian;Sim;SAA - Secretaria Acadêmica;Administrativa;IT Service Management;PDS;INTERNO;EAD;10/04/2025;14/04/2025
10028/2024;10131;Santos Dumont;Não;Coordenação de ADS;Acadêmica;Português Técnico;PDL;EXTERNO;EAD;30/10/2024;03/11/2024
10014/2024;10015;Amber Heard;Não;Depto de Recursos Humanos;Administrativa;Network Security;PDS;EXTERNO;PRESENCIAL;13/05/2024;18/05/2024
10029/2024;10104;Tiago;Não;Coordenação de ADS;Acadêmica;Java Development;PDS;INTERNO;EAD;08/08/2024;13/08/2024
10005/2024;10139;Stephen Hawking;Não;Coordenação de Banco de Dados;Acadêmica;Redação Administrativa;PDL;INTERNO;EAD;05/09/2024;09/09/2024
10021/2024;10023;Hailey Baldwin;Não;SAA - Secretaria Acadêmica;Administrativa;Container Technology with Docker;PDS;INTERNO;EAD;14/09/2024;19/09/2024
10036/2025;10097;Sissy Spacek;Não;Depto de Recursos Humanos;Administrativa;Gestão de Conflitos no Ambiente Corporativo;PDL;INTERNO;PRESENCIAL;28/05/2025;01/06/2025
10050/2026;10047;Miley Cyrus;Não;Coordenação de Banco de Dados;Acadêmica;Data Warehousing;PDS;EXTERNO;PRESENCIAL;11/07/2026;16/07/2026
10035/2025;10012;Gal Gadot;Não;Coordenação de ADS;Acadêmica;Mobile App Development;PDS;INTERNO;EAD;18/08/2025;23/08/2025
10016/2024;10048;Lady Gaga;Não;Coordenação de ADS;Acadêmica;Database Administration;PDS;INTERNO;EAD;26/10/2024;30/10/2024
10019/2024;10012;Gal Gadot;Não;Coordenação de ADS;Acadêmica;Comunicação Escrita Efetiva;PDL;INTERNO;PRESENCIAL;14/02/2024;18/02/2024
10041/2025;10002;Isabela Fontana;Não;Coordenação de Banco de Dados;Acadêmica;Motivação e Engajamento de Equipes;PDL;INTERNO;EAD;23/12/2025;27/12/2025
10029/2024;10089;Jeanne Moreau;Não;Depto de Recursos Humanos;Administrativa;Java Development;PDS;INTERNO;EAD;18/06/2024;23/06/2024
10036/2025;10047;Miley Cyrus;Não;Coordenação de Banco de Dados;Acadêmica;Gestão de Conflitos no Ambiente Corporativo;PDL;INTERNO;PRESENCIAL;07/05/2025;11/05/2025
10003/2024;10069;Cindy Crawford;Não;Depto de Recursos Humanos;Administrativa;Machine Learning Essentials;PDS;INTERNO;EAD;18/04/2024;23/04/2024
10028/2024;10034;Madonna;Não;Coordenação de ADS;Acadêmica;Português Técnico;PDL;EXTERNO;EAD;27/07/2024;31/07/2024
10004/2024;10073;Naomi Watts;Não;Depto de Recursos Humanos;Administrativa;Português Avançado para Profissionais;PDL;INTERNO;PRESENCIAL;10/03/2024;14/03/2024
10008/2024;10100;Joan Fontaine;Não;Coordenação de Banco de Dados;Acadêmica;Change Management for Leaders;PDL;INTERNO;EAD;28/08/2024;01/09/2024
10009/2024;10131;Santos Dumont;Não;Coordenação de ADS;Acadêmica;Gestão Administrativa;PDL;EXTERNO;PRESENCIAL;12/11/2024;16/11/2024
10035/2025;10110;Paulo;Não;Depto Tecnológico;Tecnológica;Mobile App Development;PDS;INTERNO;EAD;13/04/2025;18/04/2025
10029/2024;10106;Spider-Man;Não;Depto Tecnológico;Tecnológica;Java Development;PDS;INTERNO;EAD;09/11/2024;14/11/2024
10030/2024;10007;Jennifer Aniston;Sim;Coordenação de ADS;Acadêmica;Supervisão e Liderança;PDL;EXTERNO;PRESENCIAL;22/10/2024;27/10/2024
10036/2025;10127;André;Não;Depto de Recursos Humanos;Recursos Humanos;Gestão de Conflitos no Ambiente Corporativo;PDL;INTERNO;PRESENCIAL;08/06/2025;12/06/2025
10037/2025;10117;Pedro;Não;SAA - Secretaria Acadêmica;Administrativa;API Development and Design;PDS;EXTERNO;EAD;15/12/2025;19/12/2025
10039/2025;10055;Anne Hathaway;Não;Coordenação de ADS;Acadêmica;Governance and Compliance;PDL;INTERNO;EAD;19/05/2025;23/05/2025
10040/2025;10127;André;Não;Depto de Recursos Humanos;Recursos Humanos;Database Design and Optimization;PDS;INTERNO;PRESENCIAL;25/07/2025;30/07/2025
10030/2024;10052;Lizzo;Não;Coordenação de Banco de Dados;Acadêmica;Supervisão e Liderança;PDL;EXTERNO;PRESENCIAL;20/07/2024;25/07/2024
10030/2024;10088;Rita Hayworth;Não;Coordenação de Banco de Dados;Acadêmica;Supervisão e Liderança;PDL;EXTERNO;PRESENCIAL;13/05/2024;18/05/2024
10045/2025;10079;Audrey Hepburn;Não;Coordenação de ADS;Acadêmica;Software Development Lifecycle;PDS;INTERNO;EAD;24/06/2025;29/06/2025
10010/2024;10082;Ingrid Bergman;Não;SAA - Secretaria Acadêmica;Administrativa;Liderança Situacional;PDL;INTERNO;EAD;23/11/2024;27/11/2024
10033/2025;10007;Jennifer Aniston;Sim;Coordenação de ADS;Acadêmica;Web Development with React;PDS;EXTERNO;PRESENCIAL;21/01/2025;26/01/2025
10023/2024;10134;Galileo Galilei;Sim;Coordenação de Banco de Dados;Acadêmica;Kubernetes Administration;PDS;EXTERNO;PRESENCIAL;21/07/2024;26/07/2024
10032/2025;10002;Isabela Fontana;Não;Coordenação de Banco de Dados;Acadêmica;Transformational Leadership;PDL;EXTERNO;PRESENCIAL;05/05/2025;10/05/2025
10009/2024;10120;Jesus Emanuel;Não;Depto Tecnológico;Tecnológica;Gestão Administrativa;PDL;EXTERNO;PRESENCIAL;14/04/2024;18/04/2024
10039/2025;10096;Frances Ford Coppola;Não;Coordenação de Banco de Dados;Acadêmica;Governance and Compliance;PDL;INTERNO;EAD;14/09/2025;18/09/2025
10001/2024;10022;Billie Eilish;Não;Depto de Recursos Humanos;Administrativa;Cloud Computing Fundamentals;PDS;INTERNO;EAD;19/01/2024;24/01/2024
10011/2024;10015;Amber Heard;Não;Depto de Recursos Humanos;Administrativa;Data Science for Business;PDS;EXTERNO;PRESENCIAL;09/03/2024;14/03/2024
10001/2024;10072;Kate Moss;Não;Coordenação de Banco de Dados;Acadêmica;Cloud Computing Fundamentals;PDS;INTERNO;EAD;16/07/2024;21/07/2024
10031/2025;10014;Natalie Portman;Sim;Coordenação de ADS;Acadêmica;Full Stack Development;PDS;INTERNO;EAD;01/12/2025;06/12/2025
10018/2024;10035;Cher;Não;Depto de Recursos Humanos;Administrativa;Microservices Architecture;PDS;EXTERNO;PRESENCIAL;27/03/2024;01/04/2024
10017/2024;10109;Felipe;Não;Depto Tecnológico;Tecnológica;Financial Management for IT;PDL;EXTERNO;PRESENCIAL;12/08/2024;16/08/2024
10020/2024;10006;Kate Beckinsale;Não;Coordenação de Banco de Dados;Acadêmica;Administração de Recursos Humanos;PDL;INTERNO;EAD;11/07/2024;15/07/2024
10004/2024;10044;Adele;Sim;Coordenação de ADS;Acadêmica;Português Avançado para Profissionais;PDL;INTERNO;PRESENCIAL;16/08/2024;20/08/2024
10036/2025;10080;Grace Jones;Não;Coordenação de Banco de Dados;Acadêmica;Gestão de Conflitos no Ambiente Corporativo;PDL;INTERNO;PRESENCIAL;22/03/2025;26/03/2025
10028/2024;10017;Zendaya;Não;Coordenação de ADS;Acadêmica;Português Técnico;PDL;EXTERNO;EAD;19/10/2024;23/10/2024
10028/2024;10033;Drew Barrymore;Não;SAA - Secretaria Acadêmica;Administrativa;Português Técnico;PDL;EXTERNO;EAD;08/07/2024;12/07/2024
10023/2024;10107;Doctor Strange;Não;Coordenação de ADS;Acadêmica;Kubernetes Administration;PDS;EXTERNO;PRESENCIAL;01/11/2024;06/11/2024
10029/2024;10037;Celine Dion;Não;Coordenação de ADS;Acadêmica;Java Development;PDS;INTERNO;EAD;09/12/2024;14/12/2024
10040/2025;10043;Amy Winehouse;Não;Coordenação de Banco de Dados;Acadêmica;Database Design and Optimization;PDS;INTERNO;PRESENCIAL;07/04/2025;12/04/2025
10023/2024;10001;Jennifer Lopez;Não;Coordenação de ADS;Acadêmica;Kubernetes Administration;PDS;EXTERNO;PRESENCIAL;05/07/2024;10/07/2024
10049/2025;10089;Jeanne Moreau;Não;Depto de Recursos Humanos;Administrativa;IT Service Management;PDS;INTERNO;EAD;18/05/2025;22/05/2025
10004/2024;10062;Bella Hadid;Não;SAA - Secretaria Acadêmica;Administrativa;Português Avançado para Profissionais;PDL;INTERNO;PRESENCIAL;14/07/2024;18/07/2024
10048/2025;10112;Batman;Não;Coordenação de Banco de Dados;Acadêmica;Project Management Fundamentals;PDS;EXTERNO;PRESENCIAL;08/03/2025;13/03/2025
10017/2024;10103;Thor Odinson;Sim;Depto Tecnológico;Tecnológica;Financial Management for IT;PDL;EXTERNO;PRESENCIAL;19/06/2024;23/06/2024
10032/2025;10008;Angelina Jolie;Não;Coordenação de ADS;Acadêmica;Transformational Leadership;PDL;EXTERNO;PRESENCIAL;12/05/2025;17/05/2025
10015/2024;10096;Frances Ford Coppola;Não;Coordenação de Banco de Dados;Acadêmica;Coordenação de Equipes;PDL;INTERNO;PRESENCIAL;31/03/2024;04/04/2024
10040/2025;10103;Thor Odinson;Sim;Depto Tecnológico;Tecnológica;Database Design and Optimization;PDS;INTERNO;PRESENCIAL;25/05/2025;30/05/2025
10043/2025;10055;Anne Hathaway;Não;Coordenação de ADS;Acadêmica;IoT Solutions;PDS;INTERNO;EAD;03/02/2025;07/02/2025
10012/2024;10019;Taylor Swift;Não;Depto de Recursos Humanos;Administrativa;Team Building and Collaboration;PDL;INTERNO;PRESENCIAL;05/01/2024;08/01/2024
10018/2024;10010;Emma Stone;Não;SAA - Secretaria Acadêmica;Administrativa;Microservices Architecture;PDS;EXTERNO;PRESENCIAL;13/11/2024;18/11/2024
10010/2024;10031;Julia Roberts;Não;Coordenação de ADS;Acadêmica;Liderança Situacional;PDL;INTERNO;EAD;26/04/2024;30/04/2024
10022/2024;10051;Cardi B;Não;Coordenação de ADS;Acadêmica;CIO Strategic Planning;PDL;EXTERNO;PRESENCIAL;26/11/2024;01/12/2024
10006/2024;10118;Simão;Não;Coordenação de ADS;Acadêmica;Strategic Leadership;PDL;INTERNO;PRESENCIAL;23/01/2024;27/01/2024
10011/2024;10051;Cardi B;Não;Coordenação de ADS;Acadêmica;Data Science for Business;PDS;EXTERNO;PRESENCIAL;23/07/2024;28/07/2024
10021/2024;10005;Charlize Theron;Sim;Coordenação de ADS;Acadêmica;Container Technology with Docker;PDS;INTERNO;EAD;21/07/2024;26/07/2024
10011/2024;10029;Ellen DeGeneres;Não;Coordenação de Banco de Dados;Acadêmica;Data Science for Business;PDS;EXTERNO;PRESENCIAL;20/09/2024;25/09/2024
10015/2024;10108;Black Panther;Sim;Coordenação de Banco de Dados;Acadêmica;Coordenação de Equipes;PDL;INTERNO;PRESENCIAL;08/10/2024;12/10/2024
10049/2025;10060;Karlie Kloss;Não;Coordenação de Banco de Dados;Acadêmica;IT Service Management;PDS;INTERNO;EAD;11/02/2025;15/02/2025
10014/2024;10016;Meghan Markle;Não;SAA - Secretaria Acadêmica;Administrativa;Network Security;PDS;EXTERNO;PRESENCIAL;29/05/2024;03/06/2024
10036/2025;10092;Faye Dunaway;Não;Coordenação de Banco de Dados;Acadêmica;Gestão de Conflitos no Ambiente Corporativo;PDL;INTERNO;PRESENCIAL;18/09/2025;22/09/2025
10027/2024;10051;Cardi B;Não;Coordenação de ADS;Acadêmica;Desenvolvimento de Líderes;PDL;INTERNO;PRESENCIAL;16/04/2024;20/04/2024
10021/2024;10124;Estêvão;Sim;Depto Tecnológico;Tecnológica;Container Technology with Docker;PDS;INTERNO;EAD;16/11/2024;21/11/2024
10006/2024;10067;Tyra Banks;Não;Coordenação de ADS;Acadêmica;Strategic Leadership;PDL;INTERNO;PRESENCIAL;19/02/2024;23/02/2024
10033/2025;10048;Lady Gaga;Não;Coordenação de ADS;Acadêmica;Web Development with React;PDS;EXTERNO;PRESENCIAL;26/08/2025;31/08/2025
10003/2024;10094;Meryl Streep;Sim;SAA - Secretaria Acadêmica;Administrativa;Machine Learning Essentials;PDS;INTERNO;EAD;13/01/2024;18/01/2024
10028/2024;10020;Ariana Grande;Não;SAA - Secretaria Acadêmica;Administrativa;Português Técnico;PDL;EXTERNO;EAD;29/01/2024;02/02/2024
10019/2024;10037;Celine Dion;Não;Coordenação de ADS;Acadêmica;Comunicação Escrita Efetiva;PDL;INTERNO;PRESENCIAL;14/02/2024;18/02/2024
10046/2025;10117;Pedro;Não;SAA - Secretaria Acadêmica;Administrativa;Agile Methodology;PDS;EXTERNO;PRESENCIAL;09/11/2025;13/11/2025
10016/2024;10079;Audrey Hepburn;Não;Coordenação de ADS;Acadêmica;Database Administration;PDS;INTERNO;EAD;17/05/2024;21/05/2024
10049/2025;10038;Britney Spears;Não;SAA - Secretaria Acadêmica;Administrativa;IT Service Management;PDS;INTERNO;EAD;07/03/2025;11/03/2025
10049/2025;10095;Diane Keaton;Não;Coordenação de ADS;Acadêmica;IT Service Management;PDS;INTERNO;EAD;27/01/2025;31/01/2025
10012/2024;10038;Britney Spears;Não;SAA - Secretaria Acadêmica;Administrativa;Team Building and Collaboration;PDL;INTERNO;PRESENCIAL;09/12/2024;12/12/2024
10001/2024;10033;Drew Barrymore;Não;SAA - Secretaria Acadêmica;Administrativa;Cloud Computing Fundamentals;PDS;INTERNO;EAD;24/01/2024;29/01/2024
10032/2025;10022;Billie Eilish;Não;Depto de Recursos Humanos;Administrativa;Transformational Leadership;PDL;EXTERNO;PRESENCIAL;27/08/2025;01/09/2025
10009/2024;10111;Superman;Sim;Coordenação de ADS;Acadêmica;Gestão Administrativa;PDL;EXTERNO;PRESENCIAL;18/10/2024;22/10/2024
10014/2024;10056;Amy Adams;Não;Coordenação de Banco de Dados;Acadêmica;Network Security;PDS;EXTERNO;PRESENCIAL;23/08/2024;28/08/2024
10006/2024;10050;Nicki Minaj;Não;SAA - Secretaria Acadêmica;Administrativa;Strategic Leadership;PDL;INTERNO;PRESENCIAL;22/06/2024;26/06/2024
10031/2025;10122;Clemente;Não;Coordenação de ADS;Acadêmica;Full Stack Development;PDS;INTERNO;EAD;25/06/2025;30/06/2025
10006/2024;10012;Gal Gadot;Não;Coordenação de ADS;Acadêmica;Strategic Leadership;PDL;INTERNO;PRESENCIAL;14/12/2024;18/12/2024
10022/2024;10124;Estêvão;Sim;Depto Tecnológico;Tecnológica;CIO Strategic Planning;PDL;EXTERNO;PRESENCIAL;04/08/2024;09/08/2024
10047/2025;10030;Sandra Bullock;Não;Depto de Recursos Humanos;Administrativa;Scrum Master Certification;PDS;INTERNO;EAD;10/01/2025;14/01/2025
10043/2025;10034;Madonna;Não;Coordenação de ADS;Acadêmica;IoT Solutions;PDS;INTERNO;EAD;13/11/2025;17/11/2025
10006/2024;10089;Jeanne Moreau;Não;Depto de Recursos Humanos;Administrativa;Strategic Leadership;PDL;INTERNO;PRESENCIAL;22/11/2024;26/11/2024
10024/2024;10024;Kendall Jenner;Não;Coordenação de ADS;Acadêmica;Gestão de Processos;PDL;INTERNO;EAD;06/02/2024;11/02/2024
10049/2025;10104;Tiago;Não;Coordenação de ADS;Acadêmica;IT Service Management;PDS;INTERNO;EAD;24/09/2025;28/09/2025
10032/2025;10037;Celine Dion;Não;Coordenação de ADS;Acadêmica;Transformational Leadership;PDL;EXTERNO;PRESENCIAL;14/06/2025;19/06/2025
10011/2024;10018;Rihanna;Não;Coordenação de ADS;Acadêmica;Data Science for Business;PDS;EXTERNO;PRESENCIAL;10/10/2024;15/10/2024
10003/2024;10025;Kylie Jenner;Não;Depto de Recursos Humanos;Administrativa;Machine Learning Essentials;PDS;INTERNO;EAD;14/06/2024;19/06/2024
10020/2024;10062;Bella Hadid;Não;SAA - Secretaria Acadêmica;Administrativa;Administração de Recursos Humanos;PDL;INTERNO;EAD;29/10/2024;02/11/2024
10039/2025;10122;Clemente;Não;Coordenação de ADS;Acadêmica;Governance and Compliance;PDL;INTERNO;EAD;31/07/2025;04/08/2025
10035/2025;10056;Amy Adams;Não;Coordenação de Banco de Dados;Acadêmica;Mobile App Development;PDS;INTERNO;EAD;22/07/2025;27/07/2025
10036/2025;10007;Jennifer Aniston;Sim;Coordenação de ADS;Acadêmica;Gestão de Conflitos no Ambiente Corporativo;PDL;INTERNO;PRESENCIAL;25/04/2025;29/04/2025
10031/2025;10086;Ava Gardner;Não;SAA - Secretaria Acadêmica;Administrativa;Full Stack Development;PDS;INTERNO;EAD;28/07/2025;02/08/2025
10011/2024;10094;Meryl Streep;Sim;SAA - Secretaria Acadêmica;Administrativa;Data Science for Business;PDS;EXTERNO;PRESENCIAL;13/10/2024;18/10/2024
10018/2024;10027;Beyonce Knowles;Não;Coordenação de ADS;Acadêmica;Microservices Architecture;PDS;EXTERNO;PRESENCIAL;06/07/2024;11/07/2024
10018/2024;10034;Madonna;Não;Coordenação de ADS;Acadêmica;Microservices Architecture;PDS;EXTERNO;PRESENCIAL;28/06/2024;03/07/2024
10001/2024;10016;Meghan Markle;Não;SAA - Secretaria Acadêmica;Administrativa;Cloud Computing Fundamentals;PDS;INTERNO;EAD;25/12/2024;30/12/2024
10041/2025;10026;Kim Kardashian;Sim;SAA - Secretaria Acadêmica;Administrativa;Motivação e Engajamento de Equipes;PDL;INTERNO;EAD;18/02/2025;22/02/2025
10048/2025;10048;Lady Gaga;Não;Coordenação de ADS;Acadêmica;Project Management Fundamentals;PDS;EXTERNO;PRESENCIAL;11/02/2025;16/02/2025
10033/2025;10084;Marilyn Monroe;Não;Coordenação de Banco de Dados;Acadêmica;Web Development with React;PDS;EXTERNO;PRESENCIAL;10/12/2025;15/12/2025
10016/2024;10026;Kim Kardashian;Sim;SAA - Secretaria Acadêmica;Administrativa;Database Administration;PDS;INTERNO;EAD;31/08/2024;04/09/2024
10004/2024;10072;Kate Moss;Não;Coordenação de Banco de Dados;Acadêmica;Português Avançado para Profissionais;PDL;INTERNO;PRESENCIAL;20/09/2024;24/09/2024
10008/2024;10064;Cara Delevingne;Não;Coordenação de Banco de Dados;Acadêmica;Change Management for Leaders;PDL;INTERNO;EAD;24/06/2024;28/06/2024
10019/2024;10046;Demi Lovato;Não;SAA - Secretaria Acadêmica;Administrativa;Comunicação Escrita Efetiva;PDL;INTERNO;PRESENCIAL;15/10/2024;19/10/2024
10027/2024;10127;André;Não;Depto de Recursos Humanos;Recursos Humanos;Desenvolvimento de Líderes;PDL;INTERNO;PRESENCIAL;30/06/2024;04/07/2024
10023/2024;10097;Sissy Spacek;Não;Depto de Recursos Humanos;Administrativa;Kubernetes Administration;PDS;EXTERNO;PRESENCIAL;16/11/2024;21/11/2024
10029/2024;10066;Naomi Campbell;Sim;SAA - Secretaria Acadêmica;Administrativa;Java Development;PDS;INTERNO;EAD;18/12/2024;23/12/2024
10047/2025;10137;Nikola Tesla;Não;Depto Tecnológico;Tecnológica;Scrum Master Certification;PDS;INTERNO;EAD;06/08/2025;10/08/2025
10039/2025;10071;Christy Turlington;Não;Coordenação de ADS;Acadêmica;Governance and Compliance;PDL;INTERNO;EAD;31/03/2025;04/04/2025
10033/2025;10115;Green Lantern;Não;Coordenação de Banco de Dados;Acadêmica;Web Development with React;PDS;EXTERNO;PRESENCIAL;22/06/2025;27/06/2025
10034/2025;10067;Tyra Banks;Não;Coordenação de ADS;Acadêmica;Ortografia e Gramática para Escritório;PDL;INTERNO;EAD;13/11/2025;16/11/2025
10036/2025;10071;Christy Turlington;Não;Coordenação de ADS;Acadêmica;Gestão de Conflitos no Ambiente Corporativo;PDL;INTERNO;PRESENCIAL;20/10/2025;24/10/2025
10021/2024;10038;Britney Spears;Não;SAA - Secretaria Acadêmica;Administrativa;Container Technology with Docker;PDS;INTERNO;EAD;19/06/2024;24/06/2024
10032/2025;10077;Isabella Rossellini;Não;Depto de Recursos Humanos;Administrativa;Transformational Leadership;PDL;EXTERNO;PRESENCIAL;17/01/2025;22/01/2025
10025/2024;10140;Carl Sagan;Não;Coordenação de ADS;Acadêmica;Enterprise Architecture;PDL;INTERNO;PRESENCIAL;30/11/2024;05/12/2024
10002/2024;10074;Rachel Weisz;Não;SAA - Secretaria Acadêmica;Administrativa;Cybersecurity Advanced;PDS;EXTERNO;PRESENCIAL;12/07/2024;16/07/2024
10014/2024;10110;Paulo;Não;Depto Tecnológico;Tecnológica;Network Security;PDS;EXTERNO;PRESENCIAL;16/09/2024;21/09/2024
10024/2024;10053;Halsey;Não;Depto de Recursos Humanos;Administrativa;Gestão de Processos;PDL;INTERNO;EAD;12/09/2024;17/09/2024
10016/2024;10011;Margot Robbie;Não;SAA - Secretaria Acadêmica;Administrativa;Database Administration;PDS;INTERNO;EAD;28/01/2024;01/02/2024
10036/2025;10019;Taylor Swift;Não;Depto de Recursos Humanos;Administrativa;Gestão de Conflitos no Ambiente Corporativo;PDL;INTERNO;PRESENCIAL;22/01/2025;26/01/2025
10026/2024;10109;Felipe;Não;Depto Tecnológico;Tecnológica;Python Programming;PDS;EXTERNO;EAD;09/10/2024;14/10/2024
10049/2025;10036;Mariah Carey;Não;Coordenação de ADS;Acadêmica;IT Service Management;PDS;INTERNO;EAD;08/04/2025;12/04/2025
10024/2024;10093;Jessica Lange;Não;Depto de Recursos Humanos;Administrativa;Gestão de Processos;PDL;INTERNO;EAD;24/01/2024;29/01/2024
10013/2024;10008;Angelina Jolie;Não;Coordenação de ADS;Acadêmica;Emotional Intelligence for Executives;PDL;INTERNO;EAD;12/07/2024;16/07/2024
10021/2024;10131;Santos Dumont;Não;Coordenação de ADS;Acadêmica;Container Technology with Docker;PDS;INTERNO;EAD;24/01/2024;29/01/2024
10017/2024;10092;Faye Dunaway;Não;Coordenação de Banco de Dados;Acadêmica;Financial Management for IT;PDL;EXTERNO;PRESENCIAL;30/08/2024;03/09/2024
10049/2025;10027;Beyonce Knowles;Não;Coordenação de ADS;Acadêmica;IT Service Management;PDS;INTERNO;EAD;07/12/2025;11/12/2025
10039/2025;10054;Olivia Wilde;Não;SAA - Secretaria Acadêmica;Administrativa;Governance and Compliance;PDL;INTERNO;EAD;09/07/2025;13/07/2025
10024/2024;10052;Lizzo;Não;Coordenação de Banco de Dados;Acadêmica;Gestão de Processos;PDL;INTERNO;EAD;09/08/2024;14/08/2024
10023/2024;10006;Kate Beckinsale;Não;Coordenação de Banco de Dados;Acadêmica;Kubernetes Administration;PDS;EXTERNO;PRESENCIAL;14/10/2024;19/10/2024
10001/2024;10005;Charlize Theron;Sim;Coordenação de ADS;Acadêmica;Cloud Computing Fundamentals;PDS;INTERNO;EAD;28/10/2024;02/11/2024
10039/2025;10050;Nicki Minaj;Não;SAA - Secretaria Acadêmica;Administrativa;Governance and Compliance;PDL;INTERNO;EAD;19/01/2025;23/01/2025
10048/2025;10035;Cher;Não;Depto de Recursos Humanos;Administrativa;Project Management Fundamentals;PDS;EXTERNO;PRESENCIAL;16/01/2025;21/01/2025
10011/2024;10024;Kendall Jenner;Não;Coordenação de ADS;Acadêmica;Data Science for Business;PDS;EXTERNO;PRESENCIAL;16/11/2024;21/11/2024
10028/2024;10039;Christina Aguilera;Não;Coordenação de Banco de Dados;Acadêmica;Português Técnico;PDL;EXTERNO;EAD;28/01/2024;01/02/2024
10010/2024;10077;Isabella Rossellini;Não;Depto de Recursos Humanos;Administrativa;Liderança Situacional;PDL;INTERNO;EAD;04/10/2024;08/10/2024
10029/2024;10128;Tomás;Não;SAA - Secretaria Acadêmica;Administrativa;Java Development;PDS;INTERNO;EAD;31/03/2024;05/04/2024
10017/2024;10046;Demi Lovato;Não;SAA - Secretaria Acadêmica;Administrativa;Financial Management for IT;PDL;EXTERNO;PRESENCIAL;11/11/2024;15/11/2024
10049/2025;10003;Paolla Oliveira;Não;SAA - Secretaria Acadêmica;Administrativa;IT Service Management;PDS;INTERNO;EAD;13/12/2025;17/12/2025
10037/2025;10025;Kylie Jenner;Não;Depto de Recursos Humanos;Administrativa;API Development and Design;PDS;EXTERNO;EAD;21/06/2025;25/06/2025
10019/2024;10020;Ariana Grande;Não;SAA - Secretaria Acadêmica;Administrativa;Comunicação Escrita Efetiva;PDL;INTERNO;PRESENCIAL;09/06/2024;13/06/2024
10036/2025;10015;Amber Heard;Não;Depto de Recursos Humanos;Administrativa;Gestão de Conflitos no Ambiente Corporativo;PDL;INTERNO;PRESENCIAL;19/01/2025;23/01/2025
10049/2025;10001;Jennifer Lopez;Não;Coordenação de ADS;Acadêmica;IT Service Management;PDS;INTERNO;EAD;28/03/2025;01/04/2025
10004/2024;10053;Halsey;Não;Depto de Recursos Humanos;Administrativa;Português Avançado para Profissionais;PDL;INTERNO;PRESENCIAL;29/06/2024;03/07/2024
10014/2024;10004;Ana Hickman;Não;SAA - Secretaria Acadêmica;Administrativa;Network Security;PDS;EXTERNO;PRESENCIAL;05/03/2024;10/03/2024
10015/2024;10004;Ana Hickman;Não;SAA - Secretaria Acadêmica;Administrativa;Coordenação de Equipes;PDL;INTERNO;PRESENCIAL;12/04/2024;16/04/2024
10027/2024;10004;Ana Hickman;Não;SAA - Secretaria Acadêmica;Administrativa;Desenvolvimento de Líderes;PDL;INTERNO;PRESENCIAL;04/06/2024;08/06/2024
10026/2024;10004;Ana Hickman;Não;SAA - Secretaria Acadêmica;Administrativa;Python Programming;PDS;EXTERNO;EAD;08/09/2024;13/09/2024
10010/2024;10004;Ana Hickman;Não;SAA - Secretaria Acadêmica;Administrativa;Liderança Situacional;PDL;INTERNO;EAD;21/06/2024;25/06/2024
10001/2024;10004;Ana Hickman;Não;SAA - Secretaria Acadêmica;Administrativa;Cloud Computing Fundamentals;PDS;INTERNO;EAD;09/12/2024;14/12/2024
10022/2024;10004;Ana Hickman;Não;SAA - Secretaria Acadêmica;Administrativa;CIO Strategic Planning;PDL;EXTERNO;PRESENCIAL;22/09/2024;27/09/2024
